23-Jan-2025 14:34:43.310 INFO [main] org.apache.catalina.startup.VersionLoggerListener.log Server version name:   Apache Tomcat/10.1.26
23-Jan-2025 14:34:43.315 INFO [main] org.apache.catalina.startup.VersionLoggerListener.log Server built:          Jul 7 2024 21:02:13 UTC
23-Jan-2025 14:34:43.315 INFO [main] org.apache.catalina.startup.VersionLoggerListener.log Server version number: 10.1.26.0
23-Jan-2025 14:34:43.316 INFO [main] org.apache.catalina.startup.VersionLoggerListener.log OS Name:               Windows 11
23-Jan-2025 14:34:43.316 INFO [main] org.apache.catalina.startup.VersionLoggerListener.log OS Version:            10.0
23-Jan-2025 14:34:43.316 INFO [main] org.apache.catalina.startup.VersionLoggerListener.log Architecture:          amd64
23-Jan-2025 14:34:43.316 INFO [main] org.apache.catalina.startup.VersionLoggerListener.log Java Home:             C:\Program Files\Java\jdk-17
23-Jan-2025 14:34:43.316 INFO [main] org.apache.catalina.startup.VersionLoggerListener.log JVM Version:           17.0.11+7-LTS-207
23-Jan-2025 14:34:43.316 INFO [main] org.apache.catalina.startup.VersionLoggerListener.log JVM Vendor:            Oracle Corporation
23-Jan-2025 14:34:43.316 INFO [main] org.apache.catalina.startup.VersionLoggerListener.log CATALINA_BASE:         C:\Users\Erick.ferreira\Documents\workspace-jdk17\CitMobi2\src
23-Jan-2025 14:34:43.316 INFO [main] org.apache.catalina.startup.VersionLoggerListener.log CATALINA_HOME:         C:\Program Files\Apache Software Foundation\Tomcat 10.1
23-Jan-2025 14:34:43.334 INFO [main] org.apache.catalina.startup.VersionLoggerListener.log Command line argument: --add-opens=java.base/java.lang=ALL-UNNAMED
23-Jan-2025 14:34:43.334 INFO [main] org.apache.catalina.startup.VersionLoggerListener.log Command line argument: --add-opens=java.base/java.io=ALL-UNNAMED
23-Jan-2025 14:34:43.334 INFO [main] org.apache.catalina.startup.VersionLoggerListener.log Command line argument: --add-opens=java.base/java.util=ALL-UNNAMED
23-Jan-2025 14:34:43.334 INFO [main] org.apache.catalina.startup.VersionLoggerListener.log Command line argument: --add-opens=java.base/java.util.concurrent=ALL-UNNAMED
23-Jan-2025 14:34:43.334 INFO [main] org.apache.catalina.startup.VersionLoggerListener.log Command line argument: --add-opens=java.rmi/sun.rmi.transport=ALL-UNNAMED
23-Jan-2025 14:34:43.334 INFO [main] org.apache.catalina.startup.VersionLoggerListener.log Command line argument: -Dcatalina.home=C:\Program Files\Apache Software Foundation\Tomcat 10.1
23-Jan-2025 14:34:43.334 INFO [main] org.apache.catalina.startup.VersionLoggerListener.log Command line argument: -Dcatalina.base=C:\Users\Erick.ferreira\Documents\workspace-jdk17\CitMobi2\src
23-Jan-2025 14:34:43.334 INFO [main] org.apache.catalina.startup.VersionLoggerListener.log Command line argument: -Djava.io.tmpdir=C:\Users\Erick.ferreira\Documents\workspace-jdk17\CitMobi2\src\temp
23-Jan-2025 14:34:43.334 INFO [main] org.apache.catalina.startup.VersionLoggerListener.log Command line argument: -Djava.util.logging.config.file=C:\Users\Erick.ferreira\Documents\workspace-jdk17\CitMobi2\src\conf\logging.properties
23-Jan-2025 14:34:43.334 INFO [main] org.apache.catalina.startup.VersionLoggerListener.log Command line argument: -Djava.util.logging.manager=org.apache.juli.ClassLoaderLogManager
23-Jan-2025 14:34:43.334 INFO [main] org.apache.catalina.startup.VersionLoggerListener.log Command line argument: -javaagent:C:\Program Files\JetBrains\IntelliJ IDEA Community Edition 2024.1.4\lib\idea_rt.jar=61674:C:\Program Files\JetBrains\IntelliJ IDEA Community Edition 2024.1.4\bin
23-Jan-2025 14:34:43.334 INFO [main] org.apache.catalina.startup.VersionLoggerListener.log Command line argument: -Dfile.encoding=UTF-8
23-Jan-2025 14:34:43.344 INFO [main] org.apache.catalina.core.AprLifecycleListener.lifecycleEvent The Apache Tomcat Native library which allows using OpenSSL was not found on the java.library.path: [C:\Program Files\Java\jdk-17\bin;C:\Windows\Sun\Java\bin;C:\Windows\system32;C:\Windows;C:\Program Files\Common Files\Oracle\Java\javapath;C:\Python312\Scripts\;C:\Python312\;C:\Program Files (x86)\Common Files\Oracle\Java\javapath;C:\app\TDV.Admin\product\11.2.0\client_1\bin;C:\Windows\system32;C:\Windows;C:\Windows\System32\Wbem;C:\Windows\System32\WindowsPowerShell\v1.0\;C:\Windows\System32\OpenSSH\;C:\Program Files\Git\cmd;C:\Java_Essentials\apache-maven-3.6.3\bin;C:\Program Files\nodejs\;C:\ProgramData\chocolatey\bin;C:\Program Files\dotnet\;C:\Program Files\MySQL\MySQL Shell 8.0\bin\;C:\Users\Erick.ferreira\.console-ninja\.bin;C:\Users\Erick.ferreira\AppData\Local\Microsoft\WindowsApps;C:\Users\Erick.ferreira\AppData\Local\Programs\Microsoft VS Code\bin;C:\Program Files\Java\jdk1.8.0_291\bin;C:\Users\Erick.ferreira\AppData\Roaming\npm;C:\Program Files\JetBrains\IntelliJ IDEA Community Edition 2024.1.4\bin;;C:\Users\Erick.ferreira\.dotnet\tools;.]
23-Jan-2025 14:34:43.689 INFO [main] org.apache.coyote.AbstractProtocol.init Initializing ProtocolHandler ["http-nio-8085"]
23-Jan-2025 14:34:43.713 INFO [main] org.apache.catalina.startup.Catalina.load Server initialization in [683] milliseconds
23-Jan-2025 14:34:43.775 INFO [main] org.apache.catalina.core.StandardService.startInternal Starting service [Catalina]
23-Jan-2025 14:34:43.776 INFO [main] org.apache.catalina.core.StandardEngine.startInternal Starting Servlet engine: [Apache Tomcat/10.1.26]
23-Jan-2025 14:34:43.795 INFO [main] org.apache.catalina.startup.HostConfig.deployDescriptor Deploying deployment descriptor [C:\Users\Erick.ferreira\Documents\workspace-jdk17\CitMobi2\src\conf\Catalina\localhost\citMobi2.xml]
23-Jan-2025 14:34:50.715 INFO [main] org.apache.jasper.servlet.TldScanner.scanJars At least one JAR was scanned for TLDs yet contained no TLDs. Enable debug logging for this logger for a complete list of JARs that were scanned but no TLDs were found in them. Skipping unneeded JARs during scanning can improve startup time and JSP compilation time.
23-Jan-2025 14:35:00.111 SEVERE [main] org.apache.catalina.startup.HostConfig.deployDescriptor Error deploying deployment descriptor [C:\Users\Erick.ferreira\Documents\workspace-jdk17\CitMobi2\src\conf\Catalina\localhost\citMobi2.xml]
	java.lang.IllegalStateException: Error starting child
		at org.apache.catalina.core.ContainerBase.addChildInternal(ContainerBase.java:602)
		at org.apache.catalina.core.ContainerBase.addChild(ContainerBase.java:571)
		at org.apache.catalina.core.StandardHost.addChild(StandardHost.java:654)
		at org.apache.catalina.startup.HostConfig.deployDescriptor(HostConfig.java:635)
		at org.apache.catalina.startup.HostConfig$DeployDescriptor.run(HostConfig.java:1889)
		at java.base/java.util.concurrent.Executors$RunnableAdapter.call(Executors.java:539)
		at java.base/java.util.concurrent.FutureTask.run(FutureTask.java:264)
		at org.apache.tomcat.util.threads.InlineExecutorService.execute(InlineExecutorService.java:75)
		at java.base/java.util.concurrent.AbstractExecutorService.submit(AbstractExecutorService.java:123)
		at org.apache.catalina.startup.HostConfig.deployDescriptors(HostConfig.java:530)
		at org.apache.catalina.startup.HostConfig.deployApps(HostConfig.java:421)
		at org.apache.catalina.startup.HostConfig.start(HostConfig.java:1629)
		at org.apache.catalina.startup.HostConfig.lifecycleEvent(HostConfig.java:303)
		at org.apache.catalina.util.LifecycleBase.fireLifecycleEvent(LifecycleBase.java:109)
		at org.apache.catalina.util.LifecycleBase.setStateInternal(LifecycleBase.java:385)
		at org.apache.catalina.util.LifecycleBase.setState(LifecycleBase.java:332)
		at org.apache.catalina.core.ContainerBase.startInternal(ContainerBase.java:776)
		at org.apache.catalina.core.StandardHost.startInternal(StandardHost.java:772)
		at org.apache.catalina.util.LifecycleBase.start(LifecycleBase.java:164)
		at org.apache.catalina.core.ContainerBase$StartChild.call(ContainerBase.java:1203)
		at org.apache.catalina.core.ContainerBase$StartChild.call(ContainerBase.java:1193)
		at java.base/java.util.concurrent.FutureTask.run(FutureTask.java:264)
		at org.apache.tomcat.util.threads.InlineExecutorService.execute(InlineExecutorService.java:75)
		at java.base/java.util.concurrent.AbstractExecutorService.submit(AbstractExecutorService.java:145)
		at org.apache.catalina.core.ContainerBase.startInternal(ContainerBase.java:749)
		at org.apache.catalina.core.StandardEngine.startInternal(StandardEngine.java:203)
		at org.apache.catalina.util.LifecycleBase.start(LifecycleBase.java:164)
		at org.apache.catalina.core.StandardService.startInternal(StandardService.java:415)
		at org.apache.catalina.util.LifecycleBase.start(LifecycleBase.java:164)
		at org.apache.catalina.core.StandardServer.startInternal(StandardServer.java:874)
		at org.apache.catalina.util.LifecycleBase.start(LifecycleBase.java:164)
		at org.apache.catalina.startup.Catalina.start(Catalina.java:757)
		at java.base/jdk.internal.reflect.NativeMethodAccessorImpl.invoke0(Native Method)
		at java.base/jdk.internal.reflect.NativeMethodAccessorImpl.invoke(NativeMethodAccessorImpl.java:77)
		at java.base/jdk.internal.reflect.DelegatingMethodAccessorImpl.invoke(DelegatingMethodAccessorImpl.java:43)
		at java.base/java.lang.reflect.Method.invoke(Method.java:568)
		at org.apache.catalina.startup.Bootstrap.start(Bootstrap.java:345)
		at org.apache.catalina.startup.Bootstrap.main(Bootstrap.java:473)
	Caused by: org.apache.catalina.LifecycleException: Failed to start component [StandardEngine[Catalina].StandardHost[localhost].StandardContext[/citMobi2]]
		at org.apache.catalina.util.LifecycleBase.handleSubClassException(LifecycleBase.java:402)
		at org.apache.catalina.util.LifecycleBase.start(LifecycleBase.java:179)
		at org.apache.catalina.core.ContainerBase.addChildInternal(ContainerBase.java:599)
		... 37 more
	Caused by: org.springframework.beans.factory.BeanCreationException: Error creating bean with name 'entityManagerFactory' defined in class path resource [org/springframework/boot/autoconfigure/orm/jpa/HibernateJpaConfiguration.class]: Failed to initialize dependency 'flywayInitializer' of LoadTimeWeaverAware bean 'entityManagerFactory': Error creating bean with name 'flywayInitializer' defined in class path resource [org/springframework/boot/autoconfigure/flyway/FlywayAutoConfiguration$FlywayConfiguration.class]: Validate failed: Migrations have failed validation
Migration checksum mismatch for migration version 2
-> Applied to database : -1279117030
-> Resolved locally    : 1360135900
Either revert the changes to the migration, or run repair to update the schema history.
Need more flexibility with validation rules? Learn more: https://rd.gt/3AbJUZE
		at org.springframework.beans.factory.support.AbstractBeanFactory.doGetBean(AbstractBeanFactory.java:326)
		at org.springframework.beans.factory.support.AbstractBeanFactory.getBean(AbstractBeanFactory.java:205)
		at org.springframework.context.support.AbstractApplicationContext.finishBeanFactoryInitialization(AbstractApplicationContext.java:954)
		at org.springframework.context.support.AbstractApplicationContext.refresh(AbstractApplicationContext.java:625)
		at org.springframework.boot.web.servlet.context.ServletWebServerApplicationContext.refresh(ServletWebServerApplicationContext.java:146)
		at org.springframework.boot.SpringApplication.refresh(SpringApplication.java:754)
		at org.springframework.boot.SpringApplication.refreshContext(SpringApplication.java:456)
		at org.springframework.boot.SpringApplication.run(SpringApplication.java:335)
		at org.springframework.boot.web.servlet.support.SpringBootServletInitializer.run(SpringBootServletInitializer.java:174)
		at org.springframework.boot.web.servlet.support.SpringBootServletInitializer.createRootApplicationContext(SpringBootServletInitializer.java:154)
		at org.springframework.boot.web.servlet.support.SpringBootServletInitializer.onStartup(SpringBootServletInitializer.java:96)
		at org.springframework.web.SpringServletContainerInitializer.onStartup(SpringServletContainerInitializer.java:171)
		at org.apache.catalina.core.StandardContext.startInternal(StandardContext.java:4414)
		at org.apache.catalina.util.LifecycleBase.start(LifecycleBase.java:164)
		... 38 more
	Caused by: org.springframework.beans.factory.BeanCreationException: Error creating bean with name 'flywayInitializer' defined in class path resource [org/springframework/boot/autoconfigure/flyway/FlywayAutoConfiguration$FlywayConfiguration.class]: Validate failed: Migrations have failed validation
Migration checksum mismatch for migration version 2
-> Applied to database : -1279117030
-> Resolved locally    : 1360135900
Either revert the changes to the migration, or run repair to update the schema history.
Need more flexibility with validation rules? Learn more: https://rd.gt/3AbJUZE
		at org.springframework.beans.factory.support.AbstractAutowireCapableBeanFactory.initializeBean(AbstractAutowireCapableBeanFactory.java:1806)
		at org.springframework.beans.factory.support.AbstractAutowireCapableBeanFactory.doCreateBean(AbstractAutowireCapableBeanFactory.java:600)
		at org.springframework.beans.factory.support.AbstractAutowireCapableBeanFactory.createBean(AbstractAutowireCapableBeanFactory.java:522)
		at org.springframework.beans.factory.support.AbstractBeanFactory.lambda$doGetBean$0(AbstractBeanFactory.java:337)
		at org.springframework.beans.factory.support.DefaultSingletonBeanRegistry.getSingleton(DefaultSingletonBeanRegistry.java:234)
		at org.springframework.beans.factory.support.AbstractBeanFactory.doGetBean(AbstractBeanFactory.java:335)
		at org.springframework.beans.factory.support.AbstractBeanFactory.getBean(AbstractBeanFactory.java:200)
		at org.springframework.beans.factory.support.AbstractBeanFactory.doGetBean(AbstractBeanFactory.java:313)
		... 51 more
	Caused by: org.flywaydb.core.api.exception.FlywayValidateException: Validate failed: Migrations have failed validation
Migration checksum mismatch for migration version 2
-> Applied to database : -1279117030
-> Resolved locally    : 1360135900
Either revert the changes to the migration, or run repair to update the schema history.
Need more flexibility with validation rules? Learn more: https://rd.gt/3AbJUZE
		at org.flywaydb.core.Flyway.lambda$migrate$0(Flyway.java:160)
		at org.flywaydb.core.FlywayExecutor.execute(FlywayExecutor.java:205)
		at org.flywaydb.core.Flyway.migrate(Flyway.java:147)
		at org.springframework.boot.autoconfigure.flyway.FlywayMigrationInitializer.afterPropertiesSet(FlywayMigrationInitializer.java:66)
		at org.springframework.beans.factory.support.AbstractAutowireCapableBeanFactory.invokeInitMethods(AbstractAutowireCapableBeanFactory.java:1853)
		at org.springframework.beans.factory.support.AbstractAutowireCapableBeanFactory.initializeBean(AbstractAutowireCapableBeanFactory.java:1802)
		... 58 more
23-Jan-2025 14:35:00.119 INFO [main] org.apache.catalina.startup.HostConfig.deployDescriptor Deployment of deployment descriptor [C:\Users\Erick.ferreira\Documents\workspace-jdk17\CitMobi2\src\conf\Catalina\localhost\citMobi2.xml] has finished in [16.325] ms
23-Jan-2025 14:35:00.125 INFO [main] org.apache.coyote.AbstractProtocol.start Starting ProtocolHandler ["http-nio-8085"]
23-Jan-2025 14:35:00.166 INFO [main] org.apache.catalina.startup.Catalina.start Server startup in [16451] milliseconds
23-Jan-2025 14:35:11.073 INFO [Thread-3] org.apache.coyote.AbstractProtocol.pause Pausing ProtocolHandler ["http-nio-8085"]
23-Jan-2025 14:35:11.285 INFO [Thread-3] org.apache.catalina.core.StandardService.stopInternal Stopping service [Catalina]
23-Jan-2025 14:35:11.287 INFO [Thread-3] org.apache.coyote.AbstractProtocol.stop Stopping ProtocolHandler ["http-nio-8085"]
23-Jan-2025 14:35:11.291 INFO [Thread-3] org.apache.coyote.AbstractProtocol.destroy Destroying ProtocolHandler ["http-nio-8085"]
23-Jan-2025 14:35:11.296 WARNING [Thread-3] org.apache.catalina.loader.WebappClassLoaderBase.clearReferencesJdbc The web application [citMobi2] registered the JDBC driver [org.postgresql.Driver] but failed to unregister it when the web application was stopped. To prevent a memory leak, the JDBC Driver has been forcibly unregistered.
23-Jan-2025 14:35:13.427 INFO [main] org.apache.catalina.startup.VersionLoggerListener.log Server version name:   Apache Tomcat/10.1.26
23-Jan-2025 14:35:13.433 INFO [main] org.apache.catalina.startup.VersionLoggerListener.log Server built:          Jul 7 2024 21:02:13 UTC
23-Jan-2025 14:35:13.433 INFO [main] org.apache.catalina.startup.VersionLoggerListener.log Server version number: 10.1.26.0
23-Jan-2025 14:35:13.434 INFO [main] org.apache.catalina.startup.VersionLoggerListener.log OS Name:               Windows 11
23-Jan-2025 14:35:13.434 INFO [main] org.apache.catalina.startup.VersionLoggerListener.log OS Version:            10.0
23-Jan-2025 14:35:13.434 INFO [main] org.apache.catalina.startup.VersionLoggerListener.log Architecture:          amd64
23-Jan-2025 14:35:13.434 INFO [main] org.apache.catalina.startup.VersionLoggerListener.log Java Home:             C:\Program Files\Java\jdk-17
23-Jan-2025 14:35:13.434 INFO [main] org.apache.catalina.startup.VersionLoggerListener.log JVM Version:           17.0.11+7-LTS-207
23-Jan-2025 14:35:13.434 INFO [main] org.apache.catalina.startup.VersionLoggerListener.log JVM Vendor:            Oracle Corporation
23-Jan-2025 14:35:13.434 INFO [main] org.apache.catalina.startup.VersionLoggerListener.log CATALINA_BASE:         C:\Users\Erick.ferreira\Documents\workspace-jdk17\CitMobi2\src
23-Jan-2025 14:35:13.435 INFO [main] org.apache.catalina.startup.VersionLoggerListener.log CATALINA_HOME:         C:\Program Files\Apache Software Foundation\Tomcat 10.1
23-Jan-2025 14:35:13.453 INFO [main] org.apache.catalina.startup.VersionLoggerListener.log Command line argument: --add-opens=java.base/java.lang=ALL-UNNAMED
23-Jan-2025 14:35:13.453 INFO [main] org.apache.catalina.startup.VersionLoggerListener.log Command line argument: --add-opens=java.base/java.io=ALL-UNNAMED
23-Jan-2025 14:35:13.453 INFO [main] org.apache.catalina.startup.VersionLoggerListener.log Command line argument: --add-opens=java.base/java.util=ALL-UNNAMED
23-Jan-2025 14:35:13.453 INFO [main] org.apache.catalina.startup.VersionLoggerListener.log Command line argument: --add-opens=java.base/java.util.concurrent=ALL-UNNAMED
23-Jan-2025 14:35:13.453 INFO [main] org.apache.catalina.startup.VersionLoggerListener.log Command line argument: --add-opens=java.rmi/sun.rmi.transport=ALL-UNNAMED
23-Jan-2025 14:35:13.453 INFO [main] org.apache.catalina.startup.VersionLoggerListener.log Command line argument: -Dcatalina.home=C:\Program Files\Apache Software Foundation\Tomcat 10.1
23-Jan-2025 14:35:13.453 INFO [main] org.apache.catalina.startup.VersionLoggerListener.log Command line argument: -Dcatalina.base=C:\Users\Erick.ferreira\Documents\workspace-jdk17\CitMobi2\src
23-Jan-2025 14:35:13.454 INFO [main] org.apache.catalina.startup.VersionLoggerListener.log Command line argument: -Djava.io.tmpdir=C:\Users\Erick.ferreira\Documents\workspace-jdk17\CitMobi2\src\temp
23-Jan-2025 14:35:13.454 INFO [main] org.apache.catalina.startup.VersionLoggerListener.log Command line argument: -Djava.util.logging.config.file=C:\Users\Erick.ferreira\Documents\workspace-jdk17\CitMobi2\src\conf\logging.properties
23-Jan-2025 14:35:13.454 INFO [main] org.apache.catalina.startup.VersionLoggerListener.log Command line argument: -Djava.util.logging.manager=org.apache.juli.ClassLoaderLogManager
23-Jan-2025 14:35:13.454 INFO [main] org.apache.catalina.startup.VersionLoggerListener.log Command line argument: -javaagent:C:\Program Files\JetBrains\IntelliJ IDEA Community Edition 2024.1.4\lib\idea_rt.jar=61703:C:\Program Files\JetBrains\IntelliJ IDEA Community Edition 2024.1.4\bin
23-Jan-2025 14:35:13.454 INFO [main] org.apache.catalina.startup.VersionLoggerListener.log Command line argument: -Dfile.encoding=UTF-8
23-Jan-2025 14:35:13.464 INFO [main] org.apache.catalina.core.AprLifecycleListener.lifecycleEvent The Apache Tomcat Native library which allows using OpenSSL was not found on the java.library.path: [C:\Program Files\Java\jdk-17\bin;C:\Windows\Sun\Java\bin;C:\Windows\system32;C:\Windows;C:\Program Files\Common Files\Oracle\Java\javapath;C:\Python312\Scripts\;C:\Python312\;C:\Program Files (x86)\Common Files\Oracle\Java\javapath;C:\app\TDV.Admin\product\11.2.0\client_1\bin;C:\Windows\system32;C:\Windows;C:\Windows\System32\Wbem;C:\Windows\System32\WindowsPowerShell\v1.0\;C:\Windows\System32\OpenSSH\;C:\Program Files\Git\cmd;C:\Java_Essentials\apache-maven-3.6.3\bin;C:\Program Files\nodejs\;C:\ProgramData\chocolatey\bin;C:\Program Files\dotnet\;C:\Program Files\MySQL\MySQL Shell 8.0\bin\;C:\Users\Erick.ferreira\.console-ninja\.bin;C:\Users\Erick.ferreira\AppData\Local\Microsoft\WindowsApps;C:\Users\Erick.ferreira\AppData\Local\Programs\Microsoft VS Code\bin;C:\Program Files\Java\jdk1.8.0_291\bin;C:\Users\Erick.ferreira\AppData\Roaming\npm;C:\Program Files\JetBrains\IntelliJ IDEA Community Edition 2024.1.4\bin;;C:\Users\Erick.ferreira\.dotnet\tools;.]
23-Jan-2025 14:35:13.757 INFO [main] org.apache.coyote.AbstractProtocol.init Initializing ProtocolHandler ["http-nio-8085"]
23-Jan-2025 14:35:13.783 INFO [main] org.apache.catalina.startup.Catalina.load Server initialization in [577] milliseconds
23-Jan-2025 14:35:13.851 INFO [main] org.apache.catalina.core.StandardService.startInternal Starting service [Catalina]
23-Jan-2025 14:35:13.852 INFO [main] org.apache.catalina.core.StandardEngine.startInternal Starting Servlet engine: [Apache Tomcat/10.1.26]
23-Jan-2025 14:35:13.868 INFO [main] org.apache.catalina.startup.HostConfig.deployDescriptor Deploying deployment descriptor [C:\Users\Erick.ferreira\Documents\workspace-jdk17\CitMobi2\src\conf\Catalina\localhost\citMobi2.xml]
23-Jan-2025 14:35:20.335 INFO [main] org.apache.jasper.servlet.TldScanner.scanJars At least one JAR was scanned for TLDs yet contained no TLDs. Enable debug logging for this logger for a complete list of JARs that were scanned but no TLDs were found in them. Skipping unneeded JARs during scanning can improve startup time and JSP compilation time.
23-Jan-2025 14:35:36.718 SEVERE [main] org.apache.catalina.startup.HostConfig.deployDescriptor Error deploying deployment descriptor [C:\Users\Erick.ferreira\Documents\workspace-jdk17\CitMobi2\src\conf\Catalina\localhost\citMobi2.xml]
	java.lang.IllegalStateException: Error starting child
		at org.apache.catalina.core.ContainerBase.addChildInternal(ContainerBase.java:602)
		at org.apache.catalina.core.ContainerBase.addChild(ContainerBase.java:571)
		at org.apache.catalina.core.StandardHost.addChild(StandardHost.java:654)
		at org.apache.catalina.startup.HostConfig.deployDescriptor(HostConfig.java:635)
		at org.apache.catalina.startup.HostConfig$DeployDescriptor.run(HostConfig.java:1889)
		at java.base/java.util.concurrent.Executors$RunnableAdapter.call(Executors.java:539)
		at java.base/java.util.concurrent.FutureTask.run(FutureTask.java:264)
		at org.apache.tomcat.util.threads.InlineExecutorService.execute(InlineExecutorService.java:75)
		at java.base/java.util.concurrent.AbstractExecutorService.submit(AbstractExecutorService.java:123)
		at org.apache.catalina.startup.HostConfig.deployDescriptors(HostConfig.java:530)
		at org.apache.catalina.startup.HostConfig.deployApps(HostConfig.java:421)
		at org.apache.catalina.startup.HostConfig.start(HostConfig.java:1629)
		at org.apache.catalina.startup.HostConfig.lifecycleEvent(HostConfig.java:303)
		at org.apache.catalina.util.LifecycleBase.fireLifecycleEvent(LifecycleBase.java:109)
		at org.apache.catalina.util.LifecycleBase.setStateInternal(LifecycleBase.java:385)
		at org.apache.catalina.util.LifecycleBase.setState(LifecycleBase.java:332)
		at org.apache.catalina.core.ContainerBase.startInternal(ContainerBase.java:776)
		at org.apache.catalina.core.StandardHost.startInternal(StandardHost.java:772)
		at org.apache.catalina.util.LifecycleBase.start(LifecycleBase.java:164)
		at org.apache.catalina.core.ContainerBase$StartChild.call(ContainerBase.java:1203)
		at org.apache.catalina.core.ContainerBase$StartChild.call(ContainerBase.java:1193)
		at java.base/java.util.concurrent.FutureTask.run(FutureTask.java:264)
		at org.apache.tomcat.util.threads.InlineExecutorService.execute(InlineExecutorService.java:75)
		at java.base/java.util.concurrent.AbstractExecutorService.submit(AbstractExecutorService.java:145)
		at org.apache.catalina.core.ContainerBase.startInternal(ContainerBase.java:749)
		at org.apache.catalina.core.StandardEngine.startInternal(StandardEngine.java:203)
		at org.apache.catalina.util.LifecycleBase.start(LifecycleBase.java:164)
		at org.apache.catalina.core.StandardService.startInternal(StandardService.java:415)
		at org.apache.catalina.util.LifecycleBase.start(LifecycleBase.java:164)
		at org.apache.catalina.core.StandardServer.startInternal(StandardServer.java:874)
		at org.apache.catalina.util.LifecycleBase.start(LifecycleBase.java:164)
		at org.apache.catalina.startup.Catalina.start(Catalina.java:757)
		at java.base/jdk.internal.reflect.NativeMethodAccessorImpl.invoke0(Native Method)
		at java.base/jdk.internal.reflect.NativeMethodAccessorImpl.invoke(NativeMethodAccessorImpl.java:77)
		at java.base/jdk.internal.reflect.DelegatingMethodAccessorImpl.invoke(DelegatingMethodAccessorImpl.java:43)
		at java.base/java.lang.reflect.Method.invoke(Method.java:568)
		at org.apache.catalina.startup.Bootstrap.start(Bootstrap.java:345)
		at org.apache.catalina.startup.Bootstrap.main(Bootstrap.java:473)
	Caused by: org.apache.catalina.LifecycleException: Failed to start component [StandardEngine[Catalina].StandardHost[localhost].StandardContext[/citMobi2]]
		at org.apache.catalina.util.LifecycleBase.handleSubClassException(LifecycleBase.java:402)
		at org.apache.catalina.util.LifecycleBase.start(LifecycleBase.java:179)
		at org.apache.catalina.core.ContainerBase.addChildInternal(ContainerBase.java:599)
		... 37 more
	Caused by: org.springframework.beans.factory.UnsatisfiedDependencyException: Error creating bean with name 'linhaController' defined in file [C:\Users\Erick.ferreira\Documents\workspace-jdk17\CitMobi2\target\classes\neo\com\br\CitMobi\controller\LinhaController.class]: Unsatisfied dependency expressed through constructor parameter 0: Error creating bean with name 'linhaService' defined in file [C:\Users\Erick.ferreira\Documents\workspace-jdk17\CitMobi2\target\classes\neo\com\br\CitMobi\services\LinhaService.class]: Unsatisfied dependency expressed through constructor parameter 0: Error creating bean with name 'linhaRepository' defined in neo.com.br.CitMobi.repository.LinhaRepository defined in @EnableJpaRepositories declared on JpaRepositoriesRegistrar.EnableJpaRepositoriesConfiguration: Could not create query for public abstract java.util.Optional neo.com.br.CitMobi.repository.LinhaRepository.FindById(java.lang.String,java.lang.String,java.lang.Long,java.lang.String); Reason: Failed to create query for method public abstract java.util.Optional neo.com.br.CitMobi.repository.LinhaRepository.FindById(java.lang.String,java.lang.String,java.lang.Long,java.lang.String); No property 'findById' found for type 'Linha'
		at org.springframework.beans.factory.support.ConstructorResolver.createArgumentArray(ConstructorResolver.java:795)
		at org.springframework.beans.factory.support.ConstructorResolver.autowireConstructor(ConstructorResolver.java:237)
		at org.springframework.beans.factory.support.AbstractAutowireCapableBeanFactory.autowireConstructor(AbstractAutowireCapableBeanFactory.java:1375)
		at org.springframework.beans.factory.support.AbstractAutowireCapableBeanFactory.createBeanInstance(AbstractAutowireCapableBeanFactory.java:1212)
		at org.springframework.beans.factory.support.AbstractAutowireCapableBeanFactory.doCreateBean(AbstractAutowireCapableBeanFactory.java:562)
		at org.springframework.beans.factory.support.AbstractAutowireCapableBeanFactory.createBean(AbstractAutowireCapableBeanFactory.java:522)
		at org.springframework.beans.factory.support.AbstractBeanFactory.lambda$doGetBean$0(AbstractBeanFactory.java:337)
		at org.springframework.beans.factory.support.DefaultSingletonBeanRegistry.getSingleton(DefaultSingletonBeanRegistry.java:234)
		at org.springframework.beans.factory.support.AbstractBeanFactory.doGetBean(AbstractBeanFactory.java:335)
		at org.springframework.beans.factory.support.AbstractBeanFactory.getBean(AbstractBeanFactory.java:200)
		at org.springframework.beans.factory.support.DefaultListableBeanFactory.preInstantiateSingletons(DefaultListableBeanFactory.java:975)
		at org.springframework.context.support.AbstractApplicationContext.finishBeanFactoryInitialization(AbstractApplicationContext.java:971)
		at org.springframework.context.support.AbstractApplicationContext.refresh(AbstractApplicationContext.java:625)
		at org.springframework.boot.web.servlet.context.ServletWebServerApplicationContext.refresh(ServletWebServerApplicationContext.java:146)
		at org.springframework.boot.SpringApplication.refresh(SpringApplication.java:754)
		at org.springframework.boot.SpringApplication.refreshContext(SpringApplication.java:456)
		at org.springframework.boot.SpringApplication.run(SpringApplication.java:335)
		at org.springframework.boot.web.servlet.support.SpringBootServletInitializer.run(SpringBootServletInitializer.java:174)
		at org.springframework.boot.web.servlet.support.SpringBootServletInitializer.createRootApplicationContext(SpringBootServletInitializer.java:154)
		at org.springframework.boot.web.servlet.support.SpringBootServletInitializer.onStartup(SpringBootServletInitializer.java:96)
		at org.springframework.web.SpringServletContainerInitializer.onStartup(SpringServletContainerInitializer.java:171)
		at org.apache.catalina.core.StandardContext.startInternal(StandardContext.java:4414)
		at org.apache.catalina.util.LifecycleBase.start(LifecycleBase.java:164)
		... 38 more
	Caused by: org.springframework.beans.factory.UnsatisfiedDependencyException: Error creating bean with name 'linhaService' defined in file [C:\Users\Erick.ferreira\Documents\workspace-jdk17\CitMobi2\target\classes\neo\com\br\CitMobi\services\LinhaService.class]: Unsatisfied dependency expressed through constructor parameter 0: Error creating bean with name 'linhaRepository' defined in neo.com.br.CitMobi.repository.LinhaRepository defined in @EnableJpaRepositories declared on JpaRepositoriesRegistrar.EnableJpaRepositoriesConfiguration: Could not create query for public abstract java.util.Optional neo.com.br.CitMobi.repository.LinhaRepository.FindById(java.lang.String,java.lang.String,java.lang.Long,java.lang.String); Reason: Failed to create query for method public abstract java.util.Optional neo.com.br.CitMobi.repository.LinhaRepository.FindById(java.lang.String,java.lang.String,java.lang.Long,java.lang.String); No property 'findById' found for type 'Linha'
		at org.springframework.beans.factory.support.ConstructorResolver.createArgumentArray(ConstructorResolver.java:795)
		at org.springframework.beans.factory.support.ConstructorResolver.autowireConstructor(ConstructorResolver.java:237)
		at org.springframework.beans.factory.support.AbstractAutowireCapableBeanFactory.autowireConstructor(AbstractAutowireCapableBeanFactory.java:1375)
		at org.springframework.beans.factory.support.AbstractAutowireCapableBeanFactory.createBeanInstance(AbstractAutowireCapableBeanFactory.java:1212)
		at org.springframework.beans.factory.support.AbstractAutowireCapableBeanFactory.doCreateBean(AbstractAutowireCapableBeanFactory.java:562)
		at org.springframework.beans.factory.support.AbstractAutowireCapableBeanFactory.createBean(AbstractAutowireCapableBeanFactory.java:522)
		at org.springframework.beans.factory.support.AbstractBeanFactory.lambda$doGetBean$0(AbstractBeanFactory.java:337)
		at org.springframework.beans.factory.support.DefaultSingletonBeanRegistry.getSingleton(DefaultSingletonBeanRegistry.java:234)
		at org.springframework.beans.factory.support.AbstractBeanFactory.doGetBean(AbstractBeanFactory.java:335)
		at org.springframework.beans.factory.support.AbstractBeanFactory.getBean(AbstractBeanFactory.java:200)
		at org.springframework.beans.factory.config.DependencyDescriptor.resolveCandidate(DependencyDescriptor.java:254)
		at org.springframework.beans.factory.support.DefaultListableBeanFactory.doResolveDependency(DefaultListableBeanFactory.java:1443)
		at org.springframework.beans.factory.support.DefaultListableBeanFactory.resolveDependency(DefaultListableBeanFactory.java:1353)
		at org.springframework.beans.factory.support.ConstructorResolver.resolveAutowiredArgument(ConstructorResolver.java:904)
		at org.springframework.beans.factory.support.ConstructorResolver.createArgumentArray(ConstructorResolver.java:782)
		... 60 more
	Caused by: org.springframework.beans.factory.BeanCreationException: Error creating bean with name 'linhaRepository' defined in neo.com.br.CitMobi.repository.LinhaRepository defined in @EnableJpaRepositories declared on JpaRepositoriesRegistrar.EnableJpaRepositoriesConfiguration: Could not create query for public abstract java.util.Optional neo.com.br.CitMobi.repository.LinhaRepository.FindById(java.lang.String,java.lang.String,java.lang.Long,java.lang.String); Reason: Failed to create query for method public abstract java.util.Optional neo.com.br.CitMobi.repository.LinhaRepository.FindById(java.lang.String,java.lang.String,java.lang.Long,java.lang.String); No property 'findById' found for type 'Linha'
		at org.springframework.beans.factory.support.AbstractAutowireCapableBeanFactory.initializeBean(AbstractAutowireCapableBeanFactory.java:1806)
		at org.springframework.beans.factory.support.AbstractAutowireCapableBeanFactory.doCreateBean(AbstractAutowireCapableBeanFactory.java:600)
		at org.springframework.beans.factory.support.AbstractAutowireCapableBeanFactory.createBean(AbstractAutowireCapableBeanFactory.java:522)
		at org.springframework.beans.factory.support.AbstractBeanFactory.lambda$doGetBean$0(AbstractBeanFactory.java:337)
		at org.springframework.beans.factory.support.DefaultSingletonBeanRegistry.getSingleton(DefaultSingletonBeanRegistry.java:234)
		at org.springframework.beans.factory.support.AbstractBeanFactory.doGetBean(AbstractBeanFactory.java:335)
		at org.springframework.beans.factory.support.AbstractBeanFactory.getBean(AbstractBeanFactory.java:200)
		at org.springframework.beans.factory.config.DependencyDescriptor.resolveCandidate(DependencyDescriptor.java:254)
		at org.springframework.beans.factory.support.DefaultListableBeanFactory.doResolveDependency(DefaultListableBeanFactory.java:1443)
		at org.springframework.beans.factory.support.DefaultListableBeanFactory.resolveDependency(DefaultListableBeanFactory.java:1353)
		at org.springframework.beans.factory.support.ConstructorResolver.resolveAutowiredArgument(ConstructorResolver.java:904)
		at org.springframework.beans.factory.support.ConstructorResolver.createArgumentArray(ConstructorResolver.java:782)
		... 74 more
	Caused by: org.springframework.data.repository.query.QueryCreationException: Could not create query for public abstract java.util.Optional neo.com.br.CitMobi.repository.LinhaRepository.FindById(java.lang.String,java.lang.String,java.lang.Long,java.lang.String); Reason: Failed to create query for method public abstract java.util.Optional neo.com.br.CitMobi.repository.LinhaRepository.FindById(java.lang.String,java.lang.String,java.lang.Long,java.lang.String); No property 'findById' found for type 'Linha'
		at org.springframework.data.repository.query.QueryCreationException.create(QueryCreationException.java:101)
		at org.springframework.data.repository.core.support.QueryExecutorMethodInterceptor.lookupQuery(QueryExecutorMethodInterceptor.java:119)
		at org.springframework.data.repository.core.support.QueryExecutorMethodInterceptor.mapMethodsToQuery(QueryExecutorMethodInterceptor.java:103)
		at org.springframework.data.repository.core.support.QueryExecutorMethodInterceptor.lambda$new$0(QueryExecutorMethodInterceptor.java:92)
		at java.base/java.util.Optional.map(Optional.java:260)
		at org.springframework.data.repository.core.support.QueryExecutorMethodInterceptor.<init>(QueryExecutorMethodInterceptor.java:92)
		at org.springframework.data.repository.core.support.RepositoryFactorySupport.getRepository(RepositoryFactorySupport.java:357)
		at org.springframework.data.repository.core.support.RepositoryFactoryBeanSupport.lambda$afterPropertiesSet$5(RepositoryFactoryBeanSupport.java:290)
		at org.springframework.data.util.Lazy.getNullable(Lazy.java:135)
		at org.springframework.data.util.Lazy.get(Lazy.java:113)
		at org.springframework.data.repository.core.support.RepositoryFactoryBeanSupport.afterPropertiesSet(RepositoryFactoryBeanSupport.java:296)
		at org.springframework.data.jpa.repository.support.JpaRepositoryFactoryBean.afterPropertiesSet(JpaRepositoryFactoryBean.java:132)
		at org.springframework.beans.factory.support.AbstractAutowireCapableBeanFactory.invokeInitMethods(AbstractAutowireCapableBeanFactory.java:1853)
		at org.springframework.beans.factory.support.AbstractAutowireCapableBeanFactory.initializeBean(AbstractAutowireCapableBeanFactory.java:1802)
		... 85 more
	Caused by: java.lang.IllegalArgumentException: Failed to create query for method public abstract java.util.Optional neo.com.br.CitMobi.repository.LinhaRepository.FindById(java.lang.String,java.lang.String,java.lang.Long,java.lang.String); No property 'findById' found for type 'Linha'
		at org.springframework.data.jpa.repository.query.PartTreeJpaQuery.<init>(PartTreeJpaQuery.java:107)
		at org.springframework.data.jpa.repository.query.JpaQueryLookupStrategy$CreateQueryLookupStrategy.resolveQuery(JpaQueryLookupStrategy.java:124)
		at org.springframework.data.jpa.repository.query.JpaQueryLookupStrategy$CreateIfNotFoundQueryLookupStrategy.resolveQuery(JpaQueryLookupStrategy.java:258)
		at org.springframework.data.jpa.repository.query.JpaQueryLookupStrategy$AbstractQueryLookupStrategy.resolveQuery(JpaQueryLookupStrategy.java:95)
		at org.springframework.data.repository.core.support.QueryExecutorMethodInterceptor.lookupQuery(QueryExecutorMethodInterceptor.java:115)
		... 97 more
	Caused by: org.springframework.data.mapping.PropertyReferenceException: No property 'findById' found for type 'Linha'
		at org.springframework.data.mapping.PropertyPath.<init>(PropertyPath.java:94)
		at org.springframework.data.mapping.PropertyPath.create(PropertyPath.java:455)
		at org.springframework.data.mapping.PropertyPath.create(PropertyPath.java:431)
		at org.springframework.data.mapping.PropertyPath.lambda$from$0(PropertyPath.java:384)
		at java.base/java.util.concurrent.ConcurrentMap.computeIfAbsent(ConcurrentMap.java:330)
		at org.springframework.data.mapping.PropertyPath.from(PropertyPath.java:366)
		at org.springframework.data.mapping.PropertyPath.from(PropertyPath.java:344)
		at org.springframework.data.repository.query.parser.Part.<init>(Part.java:81)
		at org.springframework.data.repository.query.parser.PartTree$OrPart.lambda$new$0(PartTree.java:259)
		at java.base/java.util.stream.ReferencePipeline$3$1.accept(ReferencePipeline.java:197)
		at java.base/java.util.stream.ReferencePipeline$2$1.accept(ReferencePipeline.java:179)
		at java.base/java.util.Spliterators$ArraySpliterator.forEachRemaining(Spliterators.java:992)
		at java.base/java.util.stream.AbstractPipeline.copyInto(AbstractPipeline.java:509)
		at java.base/java.util.stream.AbstractPipeline.wrapAndCopyInto(AbstractPipeline.java:499)
		at java.base/java.util.stream.ReduceOps$ReduceOp.evaluateSequential(ReduceOps.java:921)
		at java.base/java.util.stream.AbstractPipeline.evaluate(AbstractPipeline.java:234)
		at java.base/java.util.stream.ReferencePipeline.collect(ReferencePipeline.java:682)
		at org.springframework.data.repository.query.parser.PartTree$OrPart.<init>(PartTree.java:260)
		at org.springframework.data.repository.query.parser.PartTree$Predicate.lambda$new$0(PartTree.java:389)
		at java.base/java.util.stream.ReferencePipeline$3$1.accept(ReferencePipeline.java:197)
		at java.base/java.util.stream.ReferencePipeline$2$1.accept(ReferencePipeline.java:179)
		at java.base/java.util.Spliterators$ArraySpliterator.forEachRemaining(Spliterators.java:992)
		at java.base/java.util.stream.AbstractPipeline.copyInto(AbstractPipeline.java:509)
		at java.base/java.util.stream.AbstractPipeline.wrapAndCopyInto(AbstractPipeline.java:499)
		at java.base/java.util.stream.ReduceOps$ReduceOp.evaluateSequential(ReduceOps.java:921)
		at java.base/java.util.stream.AbstractPipeline.evaluate(AbstractPipeline.java:234)
		at java.base/java.util.stream.ReferencePipeline.collect(ReferencePipeline.java:682)
		at org.springframework.data.repository.query.parser.PartTree$Predicate.<init>(PartTree.java:390)
		at org.springframework.data.repository.query.parser.PartTree.<init>(PartTree.java:100)
		at org.springframework.data.jpa.repository.query.PartTreeJpaQuery.<init>(PartTreeJpaQuery.java:101)
		... 101 more
23-Jan-2025 14:35:36.724 INFO [main] org.apache.catalina.startup.HostConfig.deployDescriptor Deployment of deployment descriptor [C:\Users\Erick.ferreira\Documents\workspace-jdk17\CitMobi2\src\conf\Catalina\localhost\citMobi2.xml] has finished in [22.855] ms
23-Jan-2025 14:35:36.729 INFO [main] org.apache.coyote.AbstractProtocol.start Starting ProtocolHandler ["http-nio-8085"]
23-Jan-2025 14:35:36.760 INFO [main] org.apache.catalina.startup.Catalina.start Server startup in [22977] milliseconds
23-Jan-2025 14:37:11.856 INFO [Thread-3] org.apache.coyote.AbstractProtocol.pause Pausing ProtocolHandler ["http-nio-8085"]
23-Jan-2025 14:37:12.032 INFO [Thread-3] org.apache.catalina.core.StandardService.stopInternal Stopping service [Catalina]
23-Jan-2025 14:37:12.033 INFO [Thread-3] org.apache.coyote.AbstractProtocol.stop Stopping ProtocolHandler ["http-nio-8085"]
23-Jan-2025 14:37:12.036 INFO [Thread-3] org.apache.coyote.AbstractProtocol.destroy Destroying ProtocolHandler ["http-nio-8085"]
23-Jan-2025 14:37:12.039 WARNING [Thread-3] org.apache.catalina.loader.WebappClassLoaderBase.clearReferencesJdbc The web application [citMobi2] registered the JDBC driver [org.postgresql.Driver] but failed to unregister it when the web application was stopped. To prevent a memory leak, the JDBC Driver has been forcibly unregistered.
23-Jan-2025 14:37:16.075 INFO [main] org.apache.catalina.startup.VersionLoggerListener.log Server version name:   Apache Tomcat/10.1.26
23-Jan-2025 14:37:16.081 INFO [main] org.apache.catalina.startup.VersionLoggerListener.log Server built:          Jul 7 2024 21:02:13 UTC
23-Jan-2025 14:37:16.081 INFO [main] org.apache.catalina.startup.VersionLoggerListener.log Server version number: 10.1.26.0
23-Jan-2025 14:37:16.081 INFO [main] org.apache.catalina.startup.VersionLoggerListener.log OS Name:               Windows 11
23-Jan-2025 14:37:16.081 INFO [main] org.apache.catalina.startup.VersionLoggerListener.log OS Version:            10.0
23-Jan-2025 14:37:16.081 INFO [main] org.apache.catalina.startup.VersionLoggerListener.log Architecture:          amd64
23-Jan-2025 14:37:16.081 INFO [main] org.apache.catalina.startup.VersionLoggerListener.log Java Home:             C:\Program Files\Java\jdk-17
23-Jan-2025 14:37:16.081 INFO [main] org.apache.catalina.startup.VersionLoggerListener.log JVM Version:           17.0.11+7-LTS-207
23-Jan-2025 14:37:16.082 INFO [main] org.apache.catalina.startup.VersionLoggerListener.log JVM Vendor:            Oracle Corporation
23-Jan-2025 14:37:16.082 INFO [main] org.apache.catalina.startup.VersionLoggerListener.log CATALINA_BASE:         C:\Users\Erick.ferreira\Documents\workspace-jdk17\CitMobi2\src
23-Jan-2025 14:37:16.082 INFO [main] org.apache.catalina.startup.VersionLoggerListener.log CATALINA_HOME:         C:\Program Files\Apache Software Foundation\Tomcat 10.1
23-Jan-2025 14:37:16.124 INFO [main] org.apache.catalina.startup.VersionLoggerListener.log Command line argument: --add-opens=java.base/java.lang=ALL-UNNAMED
23-Jan-2025 14:37:16.124 INFO [main] org.apache.catalina.startup.VersionLoggerListener.log Command line argument: --add-opens=java.base/java.io=ALL-UNNAMED
23-Jan-2025 14:37:16.124 INFO [main] org.apache.catalina.startup.VersionLoggerListener.log Command line argument: --add-opens=java.base/java.util=ALL-UNNAMED
23-Jan-2025 14:37:16.124 INFO [main] org.apache.catalina.startup.VersionLoggerListener.log Command line argument: --add-opens=java.base/java.util.concurrent=ALL-UNNAMED
23-Jan-2025 14:37:16.124 INFO [main] org.apache.catalina.startup.VersionLoggerListener.log Command line argument: --add-opens=java.rmi/sun.rmi.transport=ALL-UNNAMED
23-Jan-2025 14:37:16.124 INFO [main] org.apache.catalina.startup.VersionLoggerListener.log Command line argument: -Dcatalina.home=C:\Program Files\Apache Software Foundation\Tomcat 10.1
23-Jan-2025 14:37:16.124 INFO [main] org.apache.catalina.startup.VersionLoggerListener.log Command line argument: -Dcatalina.base=C:\Users\Erick.ferreira\Documents\workspace-jdk17\CitMobi2\src
23-Jan-2025 14:37:16.125 INFO [main] org.apache.catalina.startup.VersionLoggerListener.log Command line argument: -Djava.io.tmpdir=C:\Users\Erick.ferreira\Documents\workspace-jdk17\CitMobi2\src\temp
23-Jan-2025 14:37:16.125 INFO [main] org.apache.catalina.startup.VersionLoggerListener.log Command line argument: -Djava.util.logging.config.file=C:\Users\Erick.ferreira\Documents\workspace-jdk17\CitMobi2\src\conf\logging.properties
23-Jan-2025 14:37:16.125 INFO [main] org.apache.catalina.startup.VersionLoggerListener.log Command line argument: -Djava.util.logging.manager=org.apache.juli.ClassLoaderLogManager
23-Jan-2025 14:37:16.125 INFO [main] org.apache.catalina.startup.VersionLoggerListener.log Command line argument: -javaagent:C:\Program Files\JetBrains\IntelliJ IDEA Community Edition 2024.1.4\lib\idea_rt.jar=61736:C:\Program Files\JetBrains\IntelliJ IDEA Community Edition 2024.1.4\bin
23-Jan-2025 14:37:16.125 INFO [main] org.apache.catalina.startup.VersionLoggerListener.log Command line argument: -Dfile.encoding=UTF-8
23-Jan-2025 14:37:16.137 INFO [main] org.apache.catalina.core.AprLifecycleListener.lifecycleEvent The Apache Tomcat Native library which allows using OpenSSL was not found on the java.library.path: [C:\Program Files\Java\jdk-17\bin;C:\Windows\Sun\Java\bin;C:\Windows\system32;C:\Windows;C:\Program Files\Common Files\Oracle\Java\javapath;C:\Python312\Scripts\;C:\Python312\;C:\Program Files (x86)\Common Files\Oracle\Java\javapath;C:\app\TDV.Admin\product\11.2.0\client_1\bin;C:\Windows\system32;C:\Windows;C:\Windows\System32\Wbem;C:\Windows\System32\WindowsPowerShell\v1.0\;C:\Windows\System32\OpenSSH\;C:\Program Files\Git\cmd;C:\Java_Essentials\apache-maven-3.6.3\bin;C:\Program Files\nodejs\;C:\ProgramData\chocolatey\bin;C:\Program Files\dotnet\;C:\Program Files\MySQL\MySQL Shell 8.0\bin\;C:\Users\Erick.ferreira\.console-ninja\.bin;C:\Users\Erick.ferreira\AppData\Local\Microsoft\WindowsApps;C:\Users\Erick.ferreira\AppData\Local\Programs\Microsoft VS Code\bin;C:\Program Files\Java\jdk1.8.0_291\bin;C:\Users\Erick.ferreira\AppData\Roaming\npm;C:\Program Files\JetBrains\IntelliJ IDEA Community Edition 2024.1.4\bin;;C:\Users\Erick.ferreira\.dotnet\tools;.]
23-Jan-2025 14:37:16.428 INFO [main] org.apache.coyote.AbstractProtocol.init Initializing ProtocolHandler ["http-nio-8085"]
23-Jan-2025 14:37:16.449 INFO [main] org.apache.catalina.startup.Catalina.load Server initialization in [576] milliseconds
23-Jan-2025 14:37:16.500 INFO [main] org.apache.catalina.core.StandardService.startInternal Starting service [Catalina]
23-Jan-2025 14:37:16.500 INFO [main] org.apache.catalina.core.StandardEngine.startInternal Starting Servlet engine: [Apache Tomcat/10.1.26]
23-Jan-2025 14:37:16.514 INFO [main] org.apache.catalina.startup.HostConfig.deployDescriptor Deploying deployment descriptor [C:\Users\Erick.ferreira\Documents\workspace-jdk17\CitMobi2\src\conf\Catalina\localhost\citMobi2.xml]
23-Jan-2025 14:37:22.516 INFO [main] org.apache.jasper.servlet.TldScanner.scanJars At least one JAR was scanned for TLDs yet contained no TLDs. Enable debug logging for this logger for a complete list of JARs that were scanned but no TLDs were found in them. Skipping unneeded JARs during scanning can improve startup time and JSP compilation time.
23-Jan-2025 14:37:40.985 INFO [main] org.apache.catalina.startup.HostConfig.deployDescriptor Deployment of deployment descriptor [C:\Users\Erick.ferreira\Documents\workspace-jdk17\CitMobi2\src\conf\Catalina\localhost\citMobi2.xml] has finished in [24.470] ms
23-Jan-2025 14:37:40.990 INFO [main] org.apache.coyote.AbstractProtocol.start Starting ProtocolHandler ["http-nio-8085"]
23-Jan-2025 14:37:41.028 INFO [main] org.apache.catalina.startup.Catalina.start Server startup in [24578] milliseconds
23-Jan-2025 14:42:05.260 INFO [Thread-3] org.apache.coyote.AbstractProtocol.pause Pausing ProtocolHandler ["http-nio-8085"]
23-Jan-2025 14:42:05.445 INFO [Thread-3] org.apache.catalina.core.StandardService.stopInternal Stopping service [Catalina]
23-Jan-2025 14:42:10.265 INFO [Thread-3] org.apache.coyote.AbstractProtocol.stop Stopping ProtocolHandler ["http-nio-8085"]
23-Jan-2025 14:42:10.280 INFO [Thread-3] org.apache.coyote.AbstractProtocol.destroy Destroying ProtocolHandler ["http-nio-8085"]
23-Jan-2025 14:42:21.007 INFO [main] org.apache.catalina.startup.VersionLoggerListener.log Server version name:   Apache Tomcat/10.1.26
23-Jan-2025 14:42:21.012 INFO [main] org.apache.catalina.startup.VersionLoggerListener.log Server built:          Jul 7 2024 21:02:13 UTC
23-Jan-2025 14:42:21.012 INFO [main] org.apache.catalina.startup.VersionLoggerListener.log Server version number: 10.1.26.0
23-Jan-2025 14:42:21.012 INFO [main] org.apache.catalina.startup.VersionLoggerListener.log OS Name:               Windows 11
23-Jan-2025 14:42:21.012 INFO [main] org.apache.catalina.startup.VersionLoggerListener.log OS Version:            10.0
23-Jan-2025 14:42:21.012 INFO [main] org.apache.catalina.startup.VersionLoggerListener.log Architecture:          amd64
23-Jan-2025 14:42:21.013 INFO [main] org.apache.catalina.startup.VersionLoggerListener.log Java Home:             C:\Program Files\Java\jdk-17
23-Jan-2025 14:42:21.013 INFO [main] org.apache.catalina.startup.VersionLoggerListener.log JVM Version:           17.0.11+7-LTS-207
23-Jan-2025 14:42:21.013 INFO [main] org.apache.catalina.startup.VersionLoggerListener.log JVM Vendor:            Oracle Corporation
23-Jan-2025 14:42:21.013 INFO [main] org.apache.catalina.startup.VersionLoggerListener.log CATALINA_BASE:         C:\Users\Erick.ferreira\Documents\workspace-jdk17\CitMobi2\src
23-Jan-2025 14:42:21.013 INFO [main] org.apache.catalina.startup.VersionLoggerListener.log CATALINA_HOME:         C:\Program Files\Apache Software Foundation\Tomcat 10.1
23-Jan-2025 14:42:21.029 INFO [main] org.apache.catalina.startup.VersionLoggerListener.log Command line argument: --add-opens=java.base/java.lang=ALL-UNNAMED
23-Jan-2025 14:42:21.029 INFO [main] org.apache.catalina.startup.VersionLoggerListener.log Command line argument: --add-opens=java.base/java.io=ALL-UNNAMED
23-Jan-2025 14:42:21.029 INFO [main] org.apache.catalina.startup.VersionLoggerListener.log Command line argument: --add-opens=java.base/java.util=ALL-UNNAMED
23-Jan-2025 14:42:21.029 INFO [main] org.apache.catalina.startup.VersionLoggerListener.log Command line argument: --add-opens=java.base/java.util.concurrent=ALL-UNNAMED
23-Jan-2025 14:42:21.030 INFO [main] org.apache.catalina.startup.VersionLoggerListener.log Command line argument: --add-opens=java.rmi/sun.rmi.transport=ALL-UNNAMED
23-Jan-2025 14:42:21.030 INFO [main] org.apache.catalina.startup.VersionLoggerListener.log Command line argument: -Dcatalina.home=C:\Program Files\Apache Software Foundation\Tomcat 10.1
23-Jan-2025 14:42:21.030 INFO [main] org.apache.catalina.startup.VersionLoggerListener.log Command line argument: -Dcatalina.base=C:\Users\Erick.ferreira\Documents\workspace-jdk17\CitMobi2\src
23-Jan-2025 14:42:21.030 INFO [main] org.apache.catalina.startup.VersionLoggerListener.log Command line argument: -Djava.io.tmpdir=C:\Users\Erick.ferreira\Documents\workspace-jdk17\CitMobi2\src\temp
23-Jan-2025 14:42:21.030 INFO [main] org.apache.catalina.startup.VersionLoggerListener.log Command line argument: -Djava.util.logging.config.file=C:\Users\Erick.ferreira\Documents\workspace-jdk17\CitMobi2\src\conf\logging.properties
23-Jan-2025 14:42:21.030 INFO [main] org.apache.catalina.startup.VersionLoggerListener.log Command line argument: -Djava.util.logging.manager=org.apache.juli.ClassLoaderLogManager
23-Jan-2025 14:42:21.030 INFO [main] org.apache.catalina.startup.VersionLoggerListener.log Command line argument: -javaagent:C:\Program Files\JetBrains\IntelliJ IDEA Community Edition 2024.1.4\lib\idea_rt.jar=61986:C:\Program Files\JetBrains\IntelliJ IDEA Community Edition 2024.1.4\bin
23-Jan-2025 14:42:21.030 INFO [main] org.apache.catalina.startup.VersionLoggerListener.log Command line argument: -Dfile.encoding=UTF-8
23-Jan-2025 14:42:21.038 INFO [main] org.apache.catalina.core.AprLifecycleListener.lifecycleEvent The Apache Tomcat Native library which allows using OpenSSL was not found on the java.library.path: [C:\Program Files\Java\jdk-17\bin;C:\Windows\Sun\Java\bin;C:\Windows\system32;C:\Windows;C:\Program Files\Common Files\Oracle\Java\javapath;C:\Python312\Scripts\;C:\Python312\;C:\Program Files (x86)\Common Files\Oracle\Java\javapath;C:\app\TDV.Admin\product\11.2.0\client_1\bin;C:\Windows\system32;C:\Windows;C:\Windows\System32\Wbem;C:\Windows\System32\WindowsPowerShell\v1.0\;C:\Windows\System32\OpenSSH\;C:\Program Files\Git\cmd;C:\Java_Essentials\apache-maven-3.6.3\bin;C:\Program Files\nodejs\;C:\ProgramData\chocolatey\bin;C:\Program Files\dotnet\;C:\Program Files\MySQL\MySQL Shell 8.0\bin\;C:\Users\Erick.ferreira\.console-ninja\.bin;C:\Users\Erick.ferreira\AppData\Local\Microsoft\WindowsApps;C:\Users\Erick.ferreira\AppData\Local\Programs\Microsoft VS Code\bin;C:\Program Files\Java\jdk1.8.0_291\bin;C:\Users\Erick.ferreira\AppData\Roaming\npm;C:\Program Files\JetBrains\IntelliJ IDEA Community Edition 2024.1.4\bin;;C:\Users\Erick.ferreira\.dotnet\tools;.]
23-Jan-2025 14:42:21.323 INFO [main] org.apache.coyote.AbstractProtocol.init Initializing ProtocolHandler ["http-nio-8085"]
23-Jan-2025 14:42:21.347 INFO [main] org.apache.catalina.startup.Catalina.load Server initialization in [522] milliseconds
23-Jan-2025 14:42:21.405 INFO [main] org.apache.catalina.core.StandardService.startInternal Starting service [Catalina]
23-Jan-2025 14:42:21.405 INFO [main] org.apache.catalina.core.StandardEngine.startInternal Starting Servlet engine: [Apache Tomcat/10.1.26]
23-Jan-2025 14:42:21.422 INFO [main] org.apache.catalina.startup.HostConfig.deployDescriptor Deploying deployment descriptor [C:\Users\Erick.ferreira\Documents\workspace-jdk17\CitMobi2\src\conf\Catalina\localhost\citMobi2.xml]
23-Jan-2025 14:42:29.499 INFO [main] org.apache.jasper.servlet.TldScanner.scanJars At least one JAR was scanned for TLDs yet contained no TLDs. Enable debug logging for this logger for a complete list of JARs that were scanned but no TLDs were found in them. Skipping unneeded JARs during scanning can improve startup time and JSP compilation time.
23-Jan-2025 14:42:50.741 INFO [main] org.apache.catalina.startup.HostConfig.deployDescriptor Deployment of deployment descriptor [C:\Users\Erick.ferreira\Documents\workspace-jdk17\CitMobi2\src\conf\Catalina\localhost\citMobi2.xml] has finished in [29.318] ms
23-Jan-2025 14:42:50.745 INFO [main] org.apache.coyote.AbstractProtocol.start Starting ProtocolHandler ["http-nio-8085"]
23-Jan-2025 14:42:50.803 INFO [main] org.apache.catalina.startup.Catalina.start Server startup in [29454] milliseconds
23-Jan-2025 14:46:29.819 INFO [Thread-3] org.apache.coyote.AbstractProtocol.pause Pausing ProtocolHandler ["http-nio-8085"]
23-Jan-2025 14:46:29.999 INFO [Thread-3] org.apache.catalina.core.StandardService.stopInternal Stopping service [Catalina]
23-Jan-2025 14:46:34.697 INFO [Thread-3] org.apache.coyote.AbstractProtocol.stop Stopping ProtocolHandler ["http-nio-8085"]
23-Jan-2025 14:46:34.704 INFO [Thread-3] org.apache.coyote.AbstractProtocol.destroy Destroying ProtocolHandler ["http-nio-8085"]
23-Jan-2025 14:46:42.889 INFO [main] org.apache.catalina.startup.VersionLoggerListener.log Server version name:   Apache Tomcat/10.1.26
23-Jan-2025 14:46:42.894 INFO [main] org.apache.catalina.startup.VersionLoggerListener.log Server built:          Jul 7 2024 21:02:13 UTC
23-Jan-2025 14:46:42.894 INFO [main] org.apache.catalina.startup.VersionLoggerListener.log Server version number: 10.1.26.0
23-Jan-2025 14:46:42.894 INFO [main] org.apache.catalina.startup.VersionLoggerListener.log OS Name:               Windows 11
23-Jan-2025 14:46:42.894 INFO [main] org.apache.catalina.startup.VersionLoggerListener.log OS Version:            10.0
23-Jan-2025 14:46:42.895 INFO [main] org.apache.catalina.startup.VersionLoggerListener.log Architecture:          amd64
23-Jan-2025 14:46:42.895 INFO [main] org.apache.catalina.startup.VersionLoggerListener.log Java Home:             C:\Program Files\Java\jdk-17
23-Jan-2025 14:46:42.895 INFO [main] org.apache.catalina.startup.VersionLoggerListener.log JVM Version:           17.0.11+7-LTS-207
23-Jan-2025 14:46:42.895 INFO [main] org.apache.catalina.startup.VersionLoggerListener.log JVM Vendor:            Oracle Corporation
23-Jan-2025 14:46:42.895 INFO [main] org.apache.catalina.startup.VersionLoggerListener.log CATALINA_BASE:         C:\Users\Erick.ferreira\Documents\workspace-jdk17\CitMobi2\src
23-Jan-2025 14:46:42.895 INFO [main] org.apache.catalina.startup.VersionLoggerListener.log CATALINA_HOME:         C:\Program Files\Apache Software Foundation\Tomcat 10.1
23-Jan-2025 14:46:42.910 INFO [main] org.apache.catalina.startup.VersionLoggerListener.log Command line argument: --add-opens=java.base/java.lang=ALL-UNNAMED
23-Jan-2025 14:46:42.910 INFO [main] org.apache.catalina.startup.VersionLoggerListener.log Command line argument: --add-opens=java.base/java.io=ALL-UNNAMED
23-Jan-2025 14:46:42.910 INFO [main] org.apache.catalina.startup.VersionLoggerListener.log Command line argument: --add-opens=java.base/java.util=ALL-UNNAMED
23-Jan-2025 14:46:42.910 INFO [main] org.apache.catalina.startup.VersionLoggerListener.log Command line argument: --add-opens=java.base/java.util.concurrent=ALL-UNNAMED
23-Jan-2025 14:46:42.910 INFO [main] org.apache.catalina.startup.VersionLoggerListener.log Command line argument: --add-opens=java.rmi/sun.rmi.transport=ALL-UNNAMED
23-Jan-2025 14:46:42.910 INFO [main] org.apache.catalina.startup.VersionLoggerListener.log Command line argument: -Dcatalina.home=C:\Program Files\Apache Software Foundation\Tomcat 10.1
23-Jan-2025 14:46:42.910 INFO [main] org.apache.catalina.startup.VersionLoggerListener.log Command line argument: -Dcatalina.base=C:\Users\Erick.ferreira\Documents\workspace-jdk17\CitMobi2\src
23-Jan-2025 14:46:42.910 INFO [main] org.apache.catalina.startup.VersionLoggerListener.log Command line argument: -Djava.io.tmpdir=C:\Users\Erick.ferreira\Documents\workspace-jdk17\CitMobi2\src\temp
23-Jan-2025 14:46:42.910 INFO [main] org.apache.catalina.startup.VersionLoggerListener.log Command line argument: -Djava.util.logging.config.file=C:\Users\Erick.ferreira\Documents\workspace-jdk17\CitMobi2\src\conf\logging.properties
23-Jan-2025 14:46:42.910 INFO [main] org.apache.catalina.startup.VersionLoggerListener.log Command line argument: -Djava.util.logging.manager=org.apache.juli.ClassLoaderLogManager
23-Jan-2025 14:46:42.910 INFO [main] org.apache.catalina.startup.VersionLoggerListener.log Command line argument: -javaagent:C:\Program Files\JetBrains\IntelliJ IDEA Community Edition 2024.1.4\lib\idea_rt.jar=62145:C:\Program Files\JetBrains\IntelliJ IDEA Community Edition 2024.1.4\bin
23-Jan-2025 14:46:42.911 INFO [main] org.apache.catalina.startup.VersionLoggerListener.log Command line argument: -Dfile.encoding=UTF-8
23-Jan-2025 14:46:42.918 INFO [main] org.apache.catalina.core.AprLifecycleListener.lifecycleEvent The Apache Tomcat Native library which allows using OpenSSL was not found on the java.library.path: [C:\Program Files\Java\jdk-17\bin;C:\Windows\Sun\Java\bin;C:\Windows\system32;C:\Windows;C:\Program Files\Common Files\Oracle\Java\javapath;C:\Python312\Scripts\;C:\Python312\;C:\Program Files (x86)\Common Files\Oracle\Java\javapath;C:\app\TDV.Admin\product\11.2.0\client_1\bin;C:\Windows\system32;C:\Windows;C:\Windows\System32\Wbem;C:\Windows\System32\WindowsPowerShell\v1.0\;C:\Windows\System32\OpenSSH\;C:\Program Files\Git\cmd;C:\Java_Essentials\apache-maven-3.6.3\bin;C:\Program Files\nodejs\;C:\ProgramData\chocolatey\bin;C:\Program Files\dotnet\;C:\Program Files\MySQL\MySQL Shell 8.0\bin\;C:\Users\Erick.ferreira\.console-ninja\.bin;C:\Users\Erick.ferreira\AppData\Local\Microsoft\WindowsApps;C:\Users\Erick.ferreira\AppData\Local\Programs\Microsoft VS Code\bin;C:\Program Files\Java\jdk1.8.0_291\bin;C:\Users\Erick.ferreira\AppData\Roaming\npm;C:\Program Files\JetBrains\IntelliJ IDEA Community Edition 2024.1.4\bin;;C:\Users\Erick.ferreira\.dotnet\tools;.]
23-Jan-2025 14:46:43.136 INFO [main] org.apache.coyote.AbstractProtocol.init Initializing ProtocolHandler ["http-nio-8085"]
23-Jan-2025 14:46:43.159 INFO [main] org.apache.catalina.startup.Catalina.load Server initialization in [435] milliseconds
23-Jan-2025 14:46:43.236 INFO [main] org.apache.catalina.core.StandardService.startInternal Starting service [Catalina]
23-Jan-2025 14:46:43.237 INFO [main] org.apache.catalina.core.StandardEngine.startInternal Starting Servlet engine: [Apache Tomcat/10.1.26]
23-Jan-2025 14:46:43.251 INFO [main] org.apache.catalina.startup.HostConfig.deployDescriptor Deploying deployment descriptor [C:\Users\Erick.ferreira\Documents\workspace-jdk17\CitMobi2\src\conf\Catalina\localhost\citMobi2.xml]
23-Jan-2025 14:46:49.696 INFO [main] org.apache.jasper.servlet.TldScanner.scanJars At least one JAR was scanned for TLDs yet contained no TLDs. Enable debug logging for this logger for a complete list of JARs that were scanned but no TLDs were found in them. Skipping unneeded JARs during scanning can improve startup time and JSP compilation time.
23-Jan-2025 14:47:09.174 INFO [main] org.apache.catalina.startup.HostConfig.deployDescriptor Deployment of deployment descriptor [C:\Users\Erick.ferreira\Documents\workspace-jdk17\CitMobi2\src\conf\Catalina\localhost\citMobi2.xml] has finished in [25.922] ms
23-Jan-2025 14:47:09.180 INFO [main] org.apache.coyote.AbstractProtocol.start Starting ProtocolHandler ["http-nio-8085"]
23-Jan-2025 14:47:09.227 INFO [main] org.apache.catalina.startup.Catalina.start Server startup in [26067] milliseconds
23-Jan-2025 14:50:34.805 INFO [Thread-3] org.apache.coyote.AbstractProtocol.pause Pausing ProtocolHandler ["http-nio-8085"]
23-Jan-2025 14:50:34.984 INFO [Thread-3] org.apache.catalina.core.StandardService.stopInternal Stopping service [Catalina]
23-Jan-2025 14:50:35.081 INFO [Thread-3] org.apache.coyote.AbstractProtocol.stop Stopping ProtocolHandler ["http-nio-8085"]
23-Jan-2025 14:50:35.086 INFO [Thread-3] org.apache.coyote.AbstractProtocol.destroy Destroying ProtocolHandler ["http-nio-8085"]
23-Jan-2025 14:50:39.385 INFO [main] org.apache.catalina.startup.VersionLoggerListener.log Server version name:   Apache Tomcat/10.1.26
23-Jan-2025 14:50:39.390 INFO [main] org.apache.catalina.startup.VersionLoggerListener.log Server built:          Jul 7 2024 21:02:13 UTC
23-Jan-2025 14:50:39.391 INFO [main] org.apache.catalina.startup.VersionLoggerListener.log Server version number: 10.1.26.0
23-Jan-2025 14:50:39.391 INFO [main] org.apache.catalina.startup.VersionLoggerListener.log OS Name:               Windows 11
23-Jan-2025 14:50:39.391 INFO [main] org.apache.catalina.startup.VersionLoggerListener.log OS Version:            10.0
23-Jan-2025 14:50:39.391 INFO [main] org.apache.catalina.startup.VersionLoggerListener.log Architecture:          amd64
23-Jan-2025 14:50:39.391 INFO [main] org.apache.catalina.startup.VersionLoggerListener.log Java Home:             C:\Program Files\Java\jdk-17
23-Jan-2025 14:50:39.391 INFO [main] org.apache.catalina.startup.VersionLoggerListener.log JVM Version:           17.0.11+7-LTS-207
23-Jan-2025 14:50:39.391 INFO [main] org.apache.catalina.startup.VersionLoggerListener.log JVM Vendor:            Oracle Corporation
23-Jan-2025 14:50:39.392 INFO [main] org.apache.catalina.startup.VersionLoggerListener.log CATALINA_BASE:         C:\Users\Erick.ferreira\Documents\workspace-jdk17\CitMobi2\src
23-Jan-2025 14:50:39.392 INFO [main] org.apache.catalina.startup.VersionLoggerListener.log CATALINA_HOME:         C:\Program Files\Apache Software Foundation\Tomcat 10.1
23-Jan-2025 14:50:39.411 INFO [main] org.apache.catalina.startup.VersionLoggerListener.log Command line argument: --add-opens=java.base/java.lang=ALL-UNNAMED
23-Jan-2025 14:50:39.411 INFO [main] org.apache.catalina.startup.VersionLoggerListener.log Command line argument: --add-opens=java.base/java.io=ALL-UNNAMED
23-Jan-2025 14:50:39.411 INFO [main] org.apache.catalina.startup.VersionLoggerListener.log Command line argument: --add-opens=java.base/java.util=ALL-UNNAMED
23-Jan-2025 14:50:39.411 INFO [main] org.apache.catalina.startup.VersionLoggerListener.log Command line argument: --add-opens=java.base/java.util.concurrent=ALL-UNNAMED
23-Jan-2025 14:50:39.411 INFO [main] org.apache.catalina.startup.VersionLoggerListener.log Command line argument: --add-opens=java.rmi/sun.rmi.transport=ALL-UNNAMED
23-Jan-2025 14:50:39.411 INFO [main] org.apache.catalina.startup.VersionLoggerListener.log Command line argument: -Dcatalina.home=C:\Program Files\Apache Software Foundation\Tomcat 10.1
23-Jan-2025 14:50:39.411 INFO [main] org.apache.catalina.startup.VersionLoggerListener.log Command line argument: -Dcatalina.base=C:\Users\Erick.ferreira\Documents\workspace-jdk17\CitMobi2\src
23-Jan-2025 14:50:39.411 INFO [main] org.apache.catalina.startup.VersionLoggerListener.log Command line argument: -Djava.io.tmpdir=C:\Users\Erick.ferreira\Documents\workspace-jdk17\CitMobi2\src\temp
23-Jan-2025 14:50:39.411 INFO [main] org.apache.catalina.startup.VersionLoggerListener.log Command line argument: -Djava.util.logging.config.file=C:\Users\Erick.ferreira\Documents\workspace-jdk17\CitMobi2\src\conf\logging.properties
23-Jan-2025 14:50:39.411 INFO [main] org.apache.catalina.startup.VersionLoggerListener.log Command line argument: -Djava.util.logging.manager=org.apache.juli.ClassLoaderLogManager
23-Jan-2025 14:50:39.411 INFO [main] org.apache.catalina.startup.VersionLoggerListener.log Command line argument: -javaagent:C:\Program Files\JetBrains\IntelliJ IDEA Community Edition 2024.1.4\lib\idea_rt.jar=62253:C:\Program Files\JetBrains\IntelliJ IDEA Community Edition 2024.1.4\bin
23-Jan-2025 14:50:39.412 INFO [main] org.apache.catalina.startup.VersionLoggerListener.log Command line argument: -Dfile.encoding=UTF-8
23-Jan-2025 14:50:39.420 INFO [main] org.apache.catalina.core.AprLifecycleListener.lifecycleEvent The Apache Tomcat Native library which allows using OpenSSL was not found on the java.library.path: [C:\Program Files\Java\jdk-17\bin;C:\Windows\Sun\Java\bin;C:\Windows\system32;C:\Windows;C:\Program Files\Common Files\Oracle\Java\javapath;C:\Python312\Scripts\;C:\Python312\;C:\Program Files (x86)\Common Files\Oracle\Java\javapath;C:\app\TDV.Admin\product\11.2.0\client_1\bin;C:\Windows\system32;C:\Windows;C:\Windows\System32\Wbem;C:\Windows\System32\WindowsPowerShell\v1.0\;C:\Windows\System32\OpenSSH\;C:\Program Files\Git\cmd;C:\Java_Essentials\apache-maven-3.6.3\bin;C:\Program Files\nodejs\;C:\ProgramData\chocolatey\bin;C:\Program Files\dotnet\;C:\Program Files\MySQL\MySQL Shell 8.0\bin\;C:\Users\Erick.ferreira\.console-ninja\.bin;C:\Users\Erick.ferreira\AppData\Local\Microsoft\WindowsApps;C:\Users\Erick.ferreira\AppData\Local\Programs\Microsoft VS Code\bin;C:\Program Files\Java\jdk1.8.0_291\bin;C:\Users\Erick.ferreira\AppData\Roaming\npm;C:\Program Files\JetBrains\IntelliJ IDEA Community Edition 2024.1.4\bin;;C:\Users\Erick.ferreira\.dotnet\tools;.]
23-Jan-2025 14:50:39.705 INFO [main] org.apache.coyote.AbstractProtocol.init Initializing ProtocolHandler ["http-nio-8085"]
23-Jan-2025 14:50:39.737 INFO [main] org.apache.catalina.startup.Catalina.load Server initialization in [609] milliseconds
23-Jan-2025 14:50:39.805 INFO [main] org.apache.catalina.core.StandardService.startInternal Starting service [Catalina]
23-Jan-2025 14:50:39.805 INFO [main] org.apache.catalina.core.StandardEngine.startInternal Starting Servlet engine: [Apache Tomcat/10.1.26]
23-Jan-2025 14:50:39.824 INFO [main] org.apache.catalina.startup.HostConfig.deployDescriptor Deploying deployment descriptor [C:\Users\Erick.ferreira\Documents\workspace-jdk17\CitMobi2\src\conf\Catalina\localhost\citMobi2.xml]
23-Jan-2025 14:50:45.772 INFO [main] org.apache.jasper.servlet.TldScanner.scanJars At least one JAR was scanned for TLDs yet contained no TLDs. Enable debug logging for this logger for a complete list of JARs that were scanned but no TLDs were found in them. Skipping unneeded JARs during scanning can improve startup time and JSP compilation time.
23-Jan-2025 14:51:04.603 INFO [main] org.apache.catalina.startup.HostConfig.deployDescriptor Deployment of deployment descriptor [C:\Users\Erick.ferreira\Documents\workspace-jdk17\CitMobi2\src\conf\Catalina\localhost\citMobi2.xml] has finished in [24.779] ms
23-Jan-2025 14:51:04.607 INFO [main] org.apache.coyote.AbstractProtocol.start Starting ProtocolHandler ["http-nio-8085"]
23-Jan-2025 14:51:04.653 INFO [main] org.apache.catalina.startup.Catalina.start Server startup in [24916] milliseconds
23-Jan-2025 14:52:24.284 INFO [Thread-3] org.apache.coyote.AbstractProtocol.pause Pausing ProtocolHandler ["http-nio-8085"]
23-Jan-2025 14:52:24.474 INFO [Thread-3] org.apache.catalina.core.StandardService.stopInternal Stopping service [Catalina]
23-Jan-2025 14:52:30.047 INFO [Thread-3] org.apache.coyote.AbstractProtocol.stop Stopping ProtocolHandler ["http-nio-8085"]
23-Jan-2025 14:52:30.053 INFO [Thread-3] org.apache.coyote.AbstractProtocol.destroy Destroying ProtocolHandler ["http-nio-8085"]
23-Jan-2025 14:52:38.656 INFO [main] org.apache.catalina.startup.VersionLoggerListener.log Server version name:   Apache Tomcat/10.1.26
23-Jan-2025 14:52:38.661 INFO [main] org.apache.catalina.startup.VersionLoggerListener.log Server built:          Jul 7 2024 21:02:13 UTC
23-Jan-2025 14:52:38.661 INFO [main] org.apache.catalina.startup.VersionLoggerListener.log Server version number: 10.1.26.0
23-Jan-2025 14:52:38.661 INFO [main] org.apache.catalina.startup.VersionLoggerListener.log OS Name:               Windows 11
23-Jan-2025 14:52:38.661 INFO [main] org.apache.catalina.startup.VersionLoggerListener.log OS Version:            10.0
23-Jan-2025 14:52:38.661 INFO [main] org.apache.catalina.startup.VersionLoggerListener.log Architecture:          amd64
23-Jan-2025 14:52:38.661 INFO [main] org.apache.catalina.startup.VersionLoggerListener.log Java Home:             C:\Program Files\Java\jdk-17
23-Jan-2025 14:52:38.662 INFO [main] org.apache.catalina.startup.VersionLoggerListener.log JVM Version:           17.0.11+7-LTS-207
23-Jan-2025 14:52:38.662 INFO [main] org.apache.catalina.startup.VersionLoggerListener.log JVM Vendor:            Oracle Corporation
23-Jan-2025 14:52:38.662 INFO [main] org.apache.catalina.startup.VersionLoggerListener.log CATALINA_BASE:         C:\Users\Erick.ferreira\Documents\workspace-jdk17\CitMobi2\src
23-Jan-2025 14:52:38.662 INFO [main] org.apache.catalina.startup.VersionLoggerListener.log CATALINA_HOME:         C:\Program Files\Apache Software Foundation\Tomcat 10.1
23-Jan-2025 14:52:38.676 INFO [main] org.apache.catalina.startup.VersionLoggerListener.log Command line argument: --add-opens=java.base/java.lang=ALL-UNNAMED
23-Jan-2025 14:52:38.677 INFO [main] org.apache.catalina.startup.VersionLoggerListener.log Command line argument: --add-opens=java.base/java.io=ALL-UNNAMED
23-Jan-2025 14:52:38.677 INFO [main] org.apache.catalina.startup.VersionLoggerListener.log Command line argument: --add-opens=java.base/java.util=ALL-UNNAMED
23-Jan-2025 14:52:38.677 INFO [main] org.apache.catalina.startup.VersionLoggerListener.log Command line argument: --add-opens=java.base/java.util.concurrent=ALL-UNNAMED
23-Jan-2025 14:52:38.677 INFO [main] org.apache.catalina.startup.VersionLoggerListener.log Command line argument: --add-opens=java.rmi/sun.rmi.transport=ALL-UNNAMED
23-Jan-2025 14:52:38.677 INFO [main] org.apache.catalina.startup.VersionLoggerListener.log Command line argument: -Dcatalina.home=C:\Program Files\Apache Software Foundation\Tomcat 10.1
23-Jan-2025 14:52:38.677 INFO [main] org.apache.catalina.startup.VersionLoggerListener.log Command line argument: -Dcatalina.base=C:\Users\Erick.ferreira\Documents\workspace-jdk17\CitMobi2\src
23-Jan-2025 14:52:38.677 INFO [main] org.apache.catalina.startup.VersionLoggerListener.log Command line argument: -Djava.io.tmpdir=C:\Users\Erick.ferreira\Documents\workspace-jdk17\CitMobi2\src\temp
23-Jan-2025 14:52:38.677 INFO [main] org.apache.catalina.startup.VersionLoggerListener.log Command line argument: -Djava.util.logging.config.file=C:\Users\Erick.ferreira\Documents\workspace-jdk17\CitMobi2\src\conf\logging.properties
23-Jan-2025 14:52:38.677 INFO [main] org.apache.catalina.startup.VersionLoggerListener.log Command line argument: -Djava.util.logging.manager=org.apache.juli.ClassLoaderLogManager
23-Jan-2025 14:52:38.678 INFO [main] org.apache.catalina.startup.VersionLoggerListener.log Command line argument: -javaagent:C:\Program Files\JetBrains\IntelliJ IDEA Community Edition 2024.1.4\lib\idea_rt.jar=62345:C:\Program Files\JetBrains\IntelliJ IDEA Community Edition 2024.1.4\bin
23-Jan-2025 14:52:38.678 INFO [main] org.apache.catalina.startup.VersionLoggerListener.log Command line argument: -Dfile.encoding=UTF-8
23-Jan-2025 14:52:38.685 INFO [main] org.apache.catalina.core.AprLifecycleListener.lifecycleEvent The Apache Tomcat Native library which allows using OpenSSL was not found on the java.library.path: [C:\Program Files\Java\jdk-17\bin;C:\Windows\Sun\Java\bin;C:\Windows\system32;C:\Windows;C:\Program Files\Common Files\Oracle\Java\javapath;C:\Python312\Scripts\;C:\Python312\;C:\Program Files (x86)\Common Files\Oracle\Java\javapath;C:\app\TDV.Admin\product\11.2.0\client_1\bin;C:\Windows\system32;C:\Windows;C:\Windows\System32\Wbem;C:\Windows\System32\WindowsPowerShell\v1.0\;C:\Windows\System32\OpenSSH\;C:\Program Files\Git\cmd;C:\Java_Essentials\apache-maven-3.6.3\bin;C:\Program Files\nodejs\;C:\ProgramData\chocolatey\bin;C:\Program Files\dotnet\;C:\Program Files\MySQL\MySQL Shell 8.0\bin\;C:\Users\Erick.ferreira\.console-ninja\.bin;C:\Users\Erick.ferreira\AppData\Local\Microsoft\WindowsApps;C:\Users\Erick.ferreira\AppData\Local\Programs\Microsoft VS Code\bin;C:\Program Files\Java\jdk1.8.0_291\bin;C:\Users\Erick.ferreira\AppData\Roaming\npm;C:\Program Files\JetBrains\IntelliJ IDEA Community Edition 2024.1.4\bin;;C:\Users\Erick.ferreira\.dotnet\tools;.]
23-Jan-2025 14:52:38.897 INFO [main] org.apache.coyote.AbstractProtocol.init Initializing ProtocolHandler ["http-nio-8085"]
23-Jan-2025 14:52:38.923 INFO [main] org.apache.catalina.startup.Catalina.load Server initialization in [437] milliseconds
23-Jan-2025 14:52:38.986 INFO [main] org.apache.catalina.core.StandardService.startInternal Starting service [Catalina]
23-Jan-2025 14:52:38.986 INFO [main] org.apache.catalina.core.StandardEngine.startInternal Starting Servlet engine: [Apache Tomcat/10.1.26]
23-Jan-2025 14:52:39.000 INFO [main] org.apache.catalina.startup.HostConfig.deployDescriptor Deploying deployment descriptor [C:\Users\Erick.ferreira\Documents\workspace-jdk17\CitMobi2\src\conf\Catalina\localhost\citMobi2.xml]
23-Jan-2025 14:52:46.994 INFO [main] org.apache.jasper.servlet.TldScanner.scanJars At least one JAR was scanned for TLDs yet contained no TLDs. Enable debug logging for this logger for a complete list of JARs that were scanned but no TLDs were found in them. Skipping unneeded JARs during scanning can improve startup time and JSP compilation time.
23-Jan-2025 14:53:11.898 INFO [main] org.apache.catalina.startup.HostConfig.deployDescriptor Deployment of deployment descriptor [C:\Users\Erick.ferreira\Documents\workspace-jdk17\CitMobi2\src\conf\Catalina\localhost\citMobi2.xml] has finished in [32.897] ms
23-Jan-2025 14:53:11.903 INFO [main] org.apache.coyote.AbstractProtocol.start Starting ProtocolHandler ["http-nio-8085"]
23-Jan-2025 14:53:11.957 INFO [main] org.apache.catalina.startup.Catalina.start Server startup in [33033] milliseconds
23-Jan-2025 14:54:32.722 INFO [Thread-3] org.apache.coyote.AbstractProtocol.pause Pausing ProtocolHandler ["http-nio-8085"]
23-Jan-2025 14:54:32.897 INFO [Thread-3] org.apache.catalina.core.StandardService.stopInternal Stopping service [Catalina]
23-Jan-2025 14:54:37.918 INFO [Thread-3] org.apache.coyote.AbstractProtocol.stop Stopping ProtocolHandler ["http-nio-8085"]
23-Jan-2025 14:54:37.934 INFO [Thread-3] org.apache.coyote.AbstractProtocol.destroy Destroying ProtocolHandler ["http-nio-8085"]
23-Jan-2025 14:54:45.929 INFO [main] org.apache.catalina.startup.VersionLoggerListener.log Server version name:   Apache Tomcat/10.1.26
23-Jan-2025 14:54:45.934 INFO [main] org.apache.catalina.startup.VersionLoggerListener.log Server built:          Jul 7 2024 21:02:13 UTC
23-Jan-2025 14:54:45.935 INFO [main] org.apache.catalina.startup.VersionLoggerListener.log Server version number: 10.1.26.0
23-Jan-2025 14:54:45.935 INFO [main] org.apache.catalina.startup.VersionLoggerListener.log OS Name:               Windows 11
23-Jan-2025 14:54:45.935 INFO [main] org.apache.catalina.startup.VersionLoggerListener.log OS Version:            10.0
23-Jan-2025 14:54:45.935 INFO [main] org.apache.catalina.startup.VersionLoggerListener.log Architecture:          amd64
23-Jan-2025 14:54:45.935 INFO [main] org.apache.catalina.startup.VersionLoggerListener.log Java Home:             C:\Program Files\Java\jdk-17
23-Jan-2025 14:54:45.935 INFO [main] org.apache.catalina.startup.VersionLoggerListener.log JVM Version:           17.0.11+7-LTS-207
23-Jan-2025 14:54:45.935 INFO [main] org.apache.catalina.startup.VersionLoggerListener.log JVM Vendor:            Oracle Corporation
23-Jan-2025 14:54:45.935 INFO [main] org.apache.catalina.startup.VersionLoggerListener.log CATALINA_BASE:         C:\Users\Erick.ferreira\Documents\workspace-jdk17\CitMobi2\src
23-Jan-2025 14:54:45.936 INFO [main] org.apache.catalina.startup.VersionLoggerListener.log CATALINA_HOME:         C:\Program Files\Apache Software Foundation\Tomcat 10.1
23-Jan-2025 14:54:45.953 INFO [main] org.apache.catalina.startup.VersionLoggerListener.log Command line argument: --add-opens=java.base/java.lang=ALL-UNNAMED
23-Jan-2025 14:54:45.953 INFO [main] org.apache.catalina.startup.VersionLoggerListener.log Command line argument: --add-opens=java.base/java.io=ALL-UNNAMED
23-Jan-2025 14:54:45.953 INFO [main] org.apache.catalina.startup.VersionLoggerListener.log Command line argument: --add-opens=java.base/java.util=ALL-UNNAMED
23-Jan-2025 14:54:45.953 INFO [main] org.apache.catalina.startup.VersionLoggerListener.log Command line argument: --add-opens=java.base/java.util.concurrent=ALL-UNNAMED
23-Jan-2025 14:54:45.953 INFO [main] org.apache.catalina.startup.VersionLoggerListener.log Command line argument: --add-opens=java.rmi/sun.rmi.transport=ALL-UNNAMED
23-Jan-2025 14:54:45.953 INFO [main] org.apache.catalina.startup.VersionLoggerListener.log Command line argument: -Dcatalina.home=C:\Program Files\Apache Software Foundation\Tomcat 10.1
23-Jan-2025 14:54:45.954 INFO [main] org.apache.catalina.startup.VersionLoggerListener.log Command line argument: -Dcatalina.base=C:\Users\Erick.ferreira\Documents\workspace-jdk17\CitMobi2\src
23-Jan-2025 14:54:45.954 INFO [main] org.apache.catalina.startup.VersionLoggerListener.log Command line argument: -Djava.io.tmpdir=C:\Users\Erick.ferreira\Documents\workspace-jdk17\CitMobi2\src\temp
23-Jan-2025 14:54:45.954 INFO [main] org.apache.catalina.startup.VersionLoggerListener.log Command line argument: -Djava.util.logging.config.file=C:\Users\Erick.ferreira\Documents\workspace-jdk17\CitMobi2\src\conf\logging.properties
23-Jan-2025 14:54:45.954 INFO [main] org.apache.catalina.startup.VersionLoggerListener.log Command line argument: -Djava.util.logging.manager=org.apache.juli.ClassLoaderLogManager
23-Jan-2025 14:54:45.954 INFO [main] org.apache.catalina.startup.VersionLoggerListener.log Command line argument: -javaagent:C:\Program Files\JetBrains\IntelliJ IDEA Community Edition 2024.1.4\lib\idea_rt.jar=62460:C:\Program Files\JetBrains\IntelliJ IDEA Community Edition 2024.1.4\bin
23-Jan-2025 14:54:45.954 INFO [main] org.apache.catalina.startup.VersionLoggerListener.log Command line argument: -Dfile.encoding=UTF-8
23-Jan-2025 14:54:45.963 INFO [main] org.apache.catalina.core.AprLifecycleListener.lifecycleEvent The Apache Tomcat Native library which allows using OpenSSL was not found on the java.library.path: [C:\Program Files\Java\jdk-17\bin;C:\Windows\Sun\Java\bin;C:\Windows\system32;C:\Windows;C:\Program Files\Common Files\Oracle\Java\javapath;C:\Python312\Scripts\;C:\Python312\;C:\Program Files (x86)\Common Files\Oracle\Java\javapath;C:\app\TDV.Admin\product\11.2.0\client_1\bin;C:\Windows\system32;C:\Windows;C:\Windows\System32\Wbem;C:\Windows\System32\WindowsPowerShell\v1.0\;C:\Windows\System32\OpenSSH\;C:\Program Files\Git\cmd;C:\Java_Essentials\apache-maven-3.6.3\bin;C:\Program Files\nodejs\;C:\ProgramData\chocolatey\bin;C:\Program Files\dotnet\;C:\Program Files\MySQL\MySQL Shell 8.0\bin\;C:\Users\Erick.ferreira\.console-ninja\.bin;C:\Users\Erick.ferreira\AppData\Local\Microsoft\WindowsApps;C:\Users\Erick.ferreira\AppData\Local\Programs\Microsoft VS Code\bin;C:\Program Files\Java\jdk1.8.0_291\bin;C:\Users\Erick.ferreira\AppData\Roaming\npm;C:\Program Files\JetBrains\IntelliJ IDEA Community Edition 2024.1.4\bin;;C:\Users\Erick.ferreira\.dotnet\tools;.]
23-Jan-2025 14:54:46.181 INFO [main] org.apache.coyote.AbstractProtocol.init Initializing ProtocolHandler ["http-nio-8085"]
23-Jan-2025 14:54:46.207 INFO [main] org.apache.catalina.startup.Catalina.load Server initialization in [446] milliseconds
23-Jan-2025 14:54:46.269 INFO [main] org.apache.catalina.core.StandardService.startInternal Starting service [Catalina]
23-Jan-2025 14:54:46.270 INFO [main] org.apache.catalina.core.StandardEngine.startInternal Starting Servlet engine: [Apache Tomcat/10.1.26]
23-Jan-2025 14:54:46.285 INFO [main] org.apache.catalina.startup.HostConfig.deployDescriptor Deploying deployment descriptor [C:\Users\Erick.ferreira\Documents\workspace-jdk17\CitMobi2\src\conf\Catalina\localhost\citMobi2.xml]
23-Jan-2025 14:54:53.103 INFO [main] org.apache.jasper.servlet.TldScanner.scanJars At least one JAR was scanned for TLDs yet contained no TLDs. Enable debug logging for this logger for a complete list of JARs that were scanned but no TLDs were found in them. Skipping unneeded JARs during scanning can improve startup time and JSP compilation time.
23-Jan-2025 14:55:13.535 INFO [main] org.apache.catalina.startup.HostConfig.deployDescriptor Deployment of deployment descriptor [C:\Users\Erick.ferreira\Documents\workspace-jdk17\CitMobi2\src\conf\Catalina\localhost\citMobi2.xml] has finished in [27.250] ms
23-Jan-2025 14:55:13.542 INFO [main] org.apache.coyote.AbstractProtocol.start Starting ProtocolHandler ["http-nio-8085"]
23-Jan-2025 14:55:13.586 INFO [main] org.apache.catalina.startup.Catalina.start Server startup in [27378] milliseconds
23-Jan-2025 14:59:33.828 INFO [Thread-3] org.apache.coyote.AbstractProtocol.pause Pausing ProtocolHandler ["http-nio-8085"]
23-Jan-2025 14:59:34.014 INFO [Thread-3] org.apache.catalina.core.StandardService.stopInternal Stopping service [Catalina]
23-Jan-2025 14:59:34.135 INFO [Thread-3] org.apache.coyote.AbstractProtocol.stop Stopping ProtocolHandler ["http-nio-8085"]
23-Jan-2025 14:59:34.138 INFO [Thread-3] org.apache.coyote.AbstractProtocol.destroy Destroying ProtocolHandler ["http-nio-8085"]
23-Jan-2025 14:59:42.312 INFO [main] org.apache.catalina.startup.VersionLoggerListener.log Server version name:   Apache Tomcat/10.1.26
23-Jan-2025 14:59:42.317 INFO [main] org.apache.catalina.startup.VersionLoggerListener.log Server built:          Jul 7 2024 21:02:13 UTC
23-Jan-2025 14:59:42.317 INFO [main] org.apache.catalina.startup.VersionLoggerListener.log Server version number: 10.1.26.0
23-Jan-2025 14:59:42.317 INFO [main] org.apache.catalina.startup.VersionLoggerListener.log OS Name:               Windows 11
23-Jan-2025 14:59:42.317 INFO [main] org.apache.catalina.startup.VersionLoggerListener.log OS Version:            10.0
23-Jan-2025 14:59:42.318 INFO [main] org.apache.catalina.startup.VersionLoggerListener.log Architecture:          amd64
23-Jan-2025 14:59:42.318 INFO [main] org.apache.catalina.startup.VersionLoggerListener.log Java Home:             C:\Program Files\Java\jdk-17
23-Jan-2025 14:59:42.318 INFO [main] org.apache.catalina.startup.VersionLoggerListener.log JVM Version:           17.0.11+7-LTS-207
23-Jan-2025 14:59:42.318 INFO [main] org.apache.catalina.startup.VersionLoggerListener.log JVM Vendor:            Oracle Corporation
23-Jan-2025 14:59:42.318 INFO [main] org.apache.catalina.startup.VersionLoggerListener.log CATALINA_BASE:         C:\Users\Erick.ferreira\Documents\workspace-jdk17\CitMobi2\src
23-Jan-2025 14:59:42.318 INFO [main] org.apache.catalina.startup.VersionLoggerListener.log CATALINA_HOME:         C:\Program Files\Apache Software Foundation\Tomcat 10.1
23-Jan-2025 14:59:42.336 INFO [main] org.apache.catalina.startup.VersionLoggerListener.log Command line argument: --add-opens=java.base/java.lang=ALL-UNNAMED
23-Jan-2025 14:59:42.337 INFO [main] org.apache.catalina.startup.VersionLoggerListener.log Command line argument: --add-opens=java.base/java.io=ALL-UNNAMED
23-Jan-2025 14:59:42.337 INFO [main] org.apache.catalina.startup.VersionLoggerListener.log Command line argument: --add-opens=java.base/java.util=ALL-UNNAMED
23-Jan-2025 14:59:42.337 INFO [main] org.apache.catalina.startup.VersionLoggerListener.log Command line argument: --add-opens=java.base/java.util.concurrent=ALL-UNNAMED
23-Jan-2025 14:59:42.337 INFO [main] org.apache.catalina.startup.VersionLoggerListener.log Command line argument: --add-opens=java.rmi/sun.rmi.transport=ALL-UNNAMED
23-Jan-2025 14:59:42.337 INFO [main] org.apache.catalina.startup.VersionLoggerListener.log Command line argument: -Dcatalina.home=C:\Program Files\Apache Software Foundation\Tomcat 10.1
23-Jan-2025 14:59:42.337 INFO [main] org.apache.catalina.startup.VersionLoggerListener.log Command line argument: -Dcatalina.base=C:\Users\Erick.ferreira\Documents\workspace-jdk17\CitMobi2\src
23-Jan-2025 14:59:42.337 INFO [main] org.apache.catalina.startup.VersionLoggerListener.log Command line argument: -Djava.io.tmpdir=C:\Users\Erick.ferreira\Documents\workspace-jdk17\CitMobi2\src\temp
23-Jan-2025 14:59:42.337 INFO [main] org.apache.catalina.startup.VersionLoggerListener.log Command line argument: -Djava.util.logging.config.file=C:\Users\Erick.ferreira\Documents\workspace-jdk17\CitMobi2\src\conf\logging.properties
23-Jan-2025 14:59:42.337 INFO [main] org.apache.catalina.startup.VersionLoggerListener.log Command line argument: -Djava.util.logging.manager=org.apache.juli.ClassLoaderLogManager
23-Jan-2025 14:59:42.338 INFO [main] org.apache.catalina.startup.VersionLoggerListener.log Command line argument: -javaagent:C:\Program Files\JetBrains\IntelliJ IDEA Community Edition 2024.1.4\lib\idea_rt.jar=62567:C:\Program Files\JetBrains\IntelliJ IDEA Community Edition 2024.1.4\bin
23-Jan-2025 14:59:42.338 INFO [main] org.apache.catalina.startup.VersionLoggerListener.log Command line argument: -Dfile.encoding=UTF-8
23-Jan-2025 14:59:42.349 INFO [main] org.apache.catalina.core.AprLifecycleListener.lifecycleEvent The Apache Tomcat Native library which allows using OpenSSL was not found on the java.library.path: [C:\Program Files\Java\jdk-17\bin;C:\Windows\Sun\Java\bin;C:\Windows\system32;C:\Windows;C:\Program Files\Common Files\Oracle\Java\javapath;C:\Python312\Scripts\;C:\Python312\;C:\Program Files (x86)\Common Files\Oracle\Java\javapath;C:\app\TDV.Admin\product\11.2.0\client_1\bin;C:\Windows\system32;C:\Windows;C:\Windows\System32\Wbem;C:\Windows\System32\WindowsPowerShell\v1.0\;C:\Windows\System32\OpenSSH\;C:\Program Files\Git\cmd;C:\Java_Essentials\apache-maven-3.6.3\bin;C:\Program Files\nodejs\;C:\ProgramData\chocolatey\bin;C:\Program Files\dotnet\;C:\Program Files\MySQL\MySQL Shell 8.0\bin\;C:\Users\Erick.ferreira\.console-ninja\.bin;C:\Users\Erick.ferreira\AppData\Local\Microsoft\WindowsApps;C:\Users\Erick.ferreira\AppData\Local\Programs\Microsoft VS Code\bin;C:\Program Files\Java\jdk1.8.0_291\bin;C:\Users\Erick.ferreira\AppData\Roaming\npm;C:\Program Files\JetBrains\IntelliJ IDEA Community Edition 2024.1.4\bin;;C:\Users\Erick.ferreira\.dotnet\tools;.]
23-Jan-2025 14:59:42.623 INFO [main] org.apache.coyote.AbstractProtocol.init Initializing ProtocolHandler ["http-nio-8085"]
23-Jan-2025 14:59:42.644 INFO [main] org.apache.catalina.startup.Catalina.load Server initialization in [553] milliseconds
23-Jan-2025 14:59:42.693 INFO [main] org.apache.catalina.core.StandardService.startInternal Starting service [Catalina]
23-Jan-2025 14:59:42.693 INFO [main] org.apache.catalina.core.StandardEngine.startInternal Starting Servlet engine: [Apache Tomcat/10.1.26]
23-Jan-2025 14:59:42.707 INFO [main] org.apache.catalina.startup.HostConfig.deployDescriptor Deploying deployment descriptor [C:\Users\Erick.ferreira\Documents\workspace-jdk17\CitMobi2\src\conf\Catalina\localhost\citMobi2.xml]
23-Jan-2025 14:59:48.841 INFO [main] org.apache.jasper.servlet.TldScanner.scanJars At least one JAR was scanned for TLDs yet contained no TLDs. Enable debug logging for this logger for a complete list of JARs that were scanned but no TLDs were found in them. Skipping unneeded JARs during scanning can improve startup time and JSP compilation time.
23-Jan-2025 14:59:57.801 SEVERE [main] org.apache.catalina.startup.HostConfig.deployDescriptor Error deploying deployment descriptor [C:\Users\Erick.ferreira\Documents\workspace-jdk17\CitMobi2\src\conf\Catalina\localhost\citMobi2.xml]
	java.lang.IllegalStateException: Error starting child
		at org.apache.catalina.core.ContainerBase.addChildInternal(ContainerBase.java:602)
		at org.apache.catalina.core.ContainerBase.addChild(ContainerBase.java:571)
		at org.apache.catalina.core.StandardHost.addChild(StandardHost.java:654)
		at org.apache.catalina.startup.HostConfig.deployDescriptor(HostConfig.java:635)
		at org.apache.catalina.startup.HostConfig$DeployDescriptor.run(HostConfig.java:1889)
		at java.base/java.util.concurrent.Executors$RunnableAdapter.call(Executors.java:539)
		at java.base/java.util.concurrent.FutureTask.run(FutureTask.java:264)
		at org.apache.tomcat.util.threads.InlineExecutorService.execute(InlineExecutorService.java:75)
		at java.base/java.util.concurrent.AbstractExecutorService.submit(AbstractExecutorService.java:123)
		at org.apache.catalina.startup.HostConfig.deployDescriptors(HostConfig.java:530)
		at org.apache.catalina.startup.HostConfig.deployApps(HostConfig.java:421)
		at org.apache.catalina.startup.HostConfig.start(HostConfig.java:1629)
		at org.apache.catalina.startup.HostConfig.lifecycleEvent(HostConfig.java:303)
		at org.apache.catalina.util.LifecycleBase.fireLifecycleEvent(LifecycleBase.java:109)
		at org.apache.catalina.util.LifecycleBase.setStateInternal(LifecycleBase.java:385)
		at org.apache.catalina.util.LifecycleBase.setState(LifecycleBase.java:332)
		at org.apache.catalina.core.ContainerBase.startInternal(ContainerBase.java:776)
		at org.apache.catalina.core.StandardHost.startInternal(StandardHost.java:772)
		at org.apache.catalina.util.LifecycleBase.start(LifecycleBase.java:164)
		at org.apache.catalina.core.ContainerBase$StartChild.call(ContainerBase.java:1203)
		at org.apache.catalina.core.ContainerBase$StartChild.call(ContainerBase.java:1193)
		at java.base/java.util.concurrent.FutureTask.run(FutureTask.java:264)
		at org.apache.tomcat.util.threads.InlineExecutorService.execute(InlineExecutorService.java:75)
		at java.base/java.util.concurrent.AbstractExecutorService.submit(AbstractExecutorService.java:145)
		at org.apache.catalina.core.ContainerBase.startInternal(ContainerBase.java:749)
		at org.apache.catalina.core.StandardEngine.startInternal(StandardEngine.java:203)
		at org.apache.catalina.util.LifecycleBase.start(LifecycleBase.java:164)
		at org.apache.catalina.core.StandardService.startInternal(StandardService.java:415)
		at org.apache.catalina.util.LifecycleBase.start(LifecycleBase.java:164)
		at org.apache.catalina.core.StandardServer.startInternal(StandardServer.java:874)
		at org.apache.catalina.util.LifecycleBase.start(LifecycleBase.java:164)
		at org.apache.catalina.startup.Catalina.start(Catalina.java:757)
		at java.base/jdk.internal.reflect.NativeMethodAccessorImpl.invoke0(Native Method)
		at java.base/jdk.internal.reflect.NativeMethodAccessorImpl.invoke(NativeMethodAccessorImpl.java:77)
		at java.base/jdk.internal.reflect.DelegatingMethodAccessorImpl.invoke(DelegatingMethodAccessorImpl.java:43)
		at java.base/java.lang.reflect.Method.invoke(Method.java:568)
		at org.apache.catalina.startup.Bootstrap.start(Bootstrap.java:345)
		at org.apache.catalina.startup.Bootstrap.main(Bootstrap.java:473)
	Caused by: org.apache.catalina.LifecycleException: Failed to start component [StandardEngine[Catalina].StandardHost[localhost].StandardContext[/citMobi2]]
		at org.apache.catalina.util.LifecycleBase.handleSubClassException(LifecycleBase.java:402)
		at org.apache.catalina.util.LifecycleBase.start(LifecycleBase.java:179)
		at org.apache.catalina.core.ContainerBase.addChildInternal(ContainerBase.java:599)
		... 37 more
	Caused by: org.springframework.beans.factory.BeanCreationException: Error creating bean with name 'entityManagerFactory' defined in class path resource [org/springframework/boot/autoconfigure/orm/jpa/HibernateJpaConfiguration.class]: Failed to initialize dependency 'flywayInitializer' of LoadTimeWeaverAware bean 'entityManagerFactory': Error creating bean with name 'flywayInitializer' defined in class path resource [org/springframework/boot/autoconfigure/flyway/FlywayAutoConfiguration$FlywayConfiguration.class]: Migration V2__INSERT_MOCK.sql failed
------------------------------------
SQL State  : 23502
Error Code : 0
Message    : ERRO: o valor nulo na coluna "lin_linha_flagativa" da relação "t_lin_linha" viola a restrição de não-nulo
  Detalhe: Registro que falhou contém (1178, 10, TERMINAL SÃO MIGUEL - PRAÇA DO CORREIO, 3550308, 31974104000120, N, N, N, null).
Location   : db/migration/V2__INSERT_MOCK.sql (C:\Users\Erick.ferreira\Documents\workspace-jdk17\CitMobi2\target\classes\db\migration\V2__INSERT_MOCK.sql)
Line       : 35
Statement  : INSERT INTO T_LIN_LINHA (LIN_LINHA_ID, LIN_LINHA_ATENDIMENTO, GLB_MUNICIPIO_COD, LIN_LINHA_DESCRICAO, GLB_OPERADOR_CNPJ, LIN_LINHA_FLAGINTERMUNICIPAL, LIN_LINHA_FLAGATENDEMETRO, LIN_LINHA_FLAGATENDETREM, LIN_LINHA_FLAGATIVA)
VALUES('1178', '10', 3550308, 'TERMINAL SÃO MIGUEL - PRAÇA DO CORREIO', '31974104000120', 'N', 'N', 'N', null)

		at org.springframework.beans.factory.support.AbstractBeanFactory.doGetBean(AbstractBeanFactory.java:326)
		at org.springframework.beans.factory.support.AbstractBeanFactory.getBean(AbstractBeanFactory.java:205)
		at org.springframework.context.support.AbstractApplicationContext.finishBeanFactoryInitialization(AbstractApplicationContext.java:954)
		at org.springframework.context.support.AbstractApplicationContext.refresh(AbstractApplicationContext.java:625)
		at org.springframework.boot.web.servlet.context.ServletWebServerApplicationContext.refresh(ServletWebServerApplicationContext.java:146)
		at org.springframework.boot.SpringApplication.refresh(SpringApplication.java:754)
		at org.springframework.boot.SpringApplication.refreshContext(SpringApplication.java:456)
		at org.springframework.boot.SpringApplication.run(SpringApplication.java:335)
		at org.springframework.boot.web.servlet.support.SpringBootServletInitializer.run(SpringBootServletInitializer.java:174)
		at org.springframework.boot.web.servlet.support.SpringBootServletInitializer.createRootApplicationContext(SpringBootServletInitializer.java:154)
		at org.springframework.boot.web.servlet.support.SpringBootServletInitializer.onStartup(SpringBootServletInitializer.java:96)
		at org.springframework.web.SpringServletContainerInitializer.onStartup(SpringServletContainerInitializer.java:171)
		at org.apache.catalina.core.StandardContext.startInternal(StandardContext.java:4414)
		at org.apache.catalina.util.LifecycleBase.start(LifecycleBase.java:164)
		... 38 more
	Caused by: org.springframework.beans.factory.BeanCreationException: Error creating bean with name 'flywayInitializer' defined in class path resource [org/springframework/boot/autoconfigure/flyway/FlywayAutoConfiguration$FlywayConfiguration.class]: Migration V2__INSERT_MOCK.sql failed
------------------------------------
SQL State  : 23502
Error Code : 0
Message    : ERRO: o valor nulo na coluna "lin_linha_flagativa" da relação "t_lin_linha" viola a restrição de não-nulo
  Detalhe: Registro que falhou contém (1178, 10, TERMINAL SÃO MIGUEL - PRAÇA DO CORREIO, 3550308, 31974104000120, N, N, N, null).
Location   : db/migration/V2__INSERT_MOCK.sql (C:\Users\Erick.ferreira\Documents\workspace-jdk17\CitMobi2\target\classes\db\migration\V2__INSERT_MOCK.sql)
Line       : 35
Statement  : INSERT INTO T_LIN_LINHA (LIN_LINHA_ID, LIN_LINHA_ATENDIMENTO, GLB_MUNICIPIO_COD, LIN_LINHA_DESCRICAO, GLB_OPERADOR_CNPJ, LIN_LINHA_FLAGINTERMUNICIPAL, LIN_LINHA_FLAGATENDEMETRO, LIN_LINHA_FLAGATENDETREM, LIN_LINHA_FLAGATIVA)
VALUES('1178', '10', 3550308, 'TERMINAL SÃO MIGUEL - PRAÇA DO CORREIO', '31974104000120', 'N', 'N', 'N', null)

		at org.springframework.beans.factory.support.AbstractAutowireCapableBeanFactory.initializeBean(AbstractAutowireCapableBeanFactory.java:1806)
		at org.springframework.beans.factory.support.AbstractAutowireCapableBeanFactory.doCreateBean(AbstractAutowireCapableBeanFactory.java:600)
		at org.springframework.beans.factory.support.AbstractAutowireCapableBeanFactory.createBean(AbstractAutowireCapableBeanFactory.java:522)
		at org.springframework.beans.factory.support.AbstractBeanFactory.lambda$doGetBean$0(AbstractBeanFactory.java:337)
		at org.springframework.beans.factory.support.DefaultSingletonBeanRegistry.getSingleton(DefaultSingletonBeanRegistry.java:234)
		at org.springframework.beans.factory.support.AbstractBeanFactory.doGetBean(AbstractBeanFactory.java:335)
		at org.springframework.beans.factory.support.AbstractBeanFactory.getBean(AbstractBeanFactory.java:200)
		at org.springframework.beans.factory.support.AbstractBeanFactory.doGetBean(AbstractBeanFactory.java:313)
		... 51 more
	Caused by: org.flywaydb.core.internal.command.DbMigrate$FlywayMigrateException: Migration V2__INSERT_MOCK.sql failed
------------------------------------
SQL State  : 23502
Error Code : 0
Message    : ERRO: o valor nulo na coluna "lin_linha_flagativa" da relação "t_lin_linha" viola a restrição de não-nulo
  Detalhe: Registro que falhou contém (1178, 10, TERMINAL SÃO MIGUEL - PRAÇA DO CORREIO, 3550308, 31974104000120, N, N, N, null).
Location   : db/migration/V2__INSERT_MOCK.sql (C:\Users\Erick.ferreira\Documents\workspace-jdk17\CitMobi2\target\classes\db\migration\V2__INSERT_MOCK.sql)
Line       : 35
Statement  : INSERT INTO T_LIN_LINHA (LIN_LINHA_ID, LIN_LINHA_ATENDIMENTO, GLB_MUNICIPIO_COD, LIN_LINHA_DESCRICAO, GLB_OPERADOR_CNPJ, LIN_LINHA_FLAGINTERMUNICIPAL, LIN_LINHA_FLAGATENDEMETRO, LIN_LINHA_FLAGATENDETREM, LIN_LINHA_FLAGATIVA)
VALUES('1178', '10', 3550308, 'TERMINAL SÃO MIGUEL - PRAÇA DO CORREIO', '31974104000120', 'N', 'N', 'N', null)

		at org.flywaydb.core.internal.command.DbMigrate.doMigrateGroup(DbMigrate.java:382)
		at org.flywaydb.core.internal.command.DbMigrate.lambda$applyMigrations$1(DbMigrate.java:272)
		at org.flywaydb.core.internal.jdbc.TransactionalExecutionTemplate.execute(TransactionalExecutionTemplate.java:55)
		at org.flywaydb.core.internal.command.DbMigrate.applyMigrations(DbMigrate.java:271)
		at org.flywaydb.core.internal.command.DbMigrate.migrateGroup(DbMigrate.java:244)
		at org.flywaydb.core.internal.command.DbMigrate.lambda$migrateAll$0(DbMigrate.java:139)
		at org.flywaydb.database.postgresql.PostgreSQLAdvisoryLockTemplate.execute(PostgreSQLAdvisoryLockTemplate.java:73)
		at org.flywaydb.database.postgresql.PostgreSQLAdvisoryLockTemplate.lambda$execute$0(PostgreSQLAdvisoryLockTemplate.java:56)
		at org.flywaydb.core.internal.jdbc.TransactionalExecutionTemplate.execute(TransactionalExecutionTemplate.java:55)
		at org.flywaydb.database.postgresql.PostgreSQLAdvisoryLockTemplate.execute(PostgreSQLAdvisoryLockTemplate.java:56)
		at org.flywaydb.database.postgresql.PostgreSQLConnection.lock(PostgreSQLConnection.java:96)
		at org.flywaydb.core.internal.schemahistory.JdbcTableSchemaHistory.lock(JdbcTableSchemaHistory.java:145)
		at org.flywaydb.core.internal.command.DbMigrate.migrateAll(DbMigrate.java:139)
		at org.flywaydb.core.internal.command.DbMigrate.migrate(DbMigrate.java:97)
		at org.flywaydb.core.Flyway.lambda$migrate$0(Flyway.java:202)
		at org.flywaydb.core.FlywayExecutor.execute(FlywayExecutor.java:205)
		at org.flywaydb.core.Flyway.migrate(Flyway.java:147)
		at org.springframework.boot.autoconfigure.flyway.FlywayMigrationInitializer.afterPropertiesSet(FlywayMigrationInitializer.java:66)
		at org.springframework.beans.factory.support.AbstractAutowireCapableBeanFactory.invokeInitMethods(AbstractAutowireCapableBeanFactory.java:1853)
		at org.springframework.beans.factory.support.AbstractAutowireCapableBeanFactory.initializeBean(AbstractAutowireCapableBeanFactory.java:1802)
		... 58 more
	Caused by: org.flywaydb.core.internal.sqlscript.FlywaySqlScriptException: Migration V2__INSERT_MOCK.sql failed
------------------------------------
SQL State  : 23502
Error Code : 0
Message    : ERRO: o valor nulo na coluna "lin_linha_flagativa" da relação "t_lin_linha" viola a restrição de não-nulo
  Detalhe: Registro que falhou contém (1178, 10, TERMINAL SÃO MIGUEL - PRAÇA DO CORREIO, 3550308, 31974104000120, N, N, N, null).
Location   : db/migration/V2__INSERT_MOCK.sql (C:\Users\Erick.ferreira\Documents\workspace-jdk17\CitMobi2\target\classes\db\migration\V2__INSERT_MOCK.sql)
Line       : 35
Statement  : INSERT INTO T_LIN_LINHA (LIN_LINHA_ID, LIN_LINHA_ATENDIMENTO, GLB_MUNICIPIO_COD, LIN_LINHA_DESCRICAO, GLB_OPERADOR_CNPJ, LIN_LINHA_FLAGINTERMUNICIPAL, LIN_LINHA_FLAGATENDEMETRO, LIN_LINHA_FLAGATENDETREM, LIN_LINHA_FLAGATIVA)
VALUES('1178', '10', 3550308, 'TERMINAL SÃO MIGUEL - PRAÇA DO CORREIO', '31974104000120', 'N', 'N', 'N', null)

		at org.flywaydb.core.internal.sqlscript.DefaultSqlScriptExecutor.handleException(DefaultSqlScriptExecutor.java:252)
		at org.flywaydb.core.internal.sqlscript.DefaultSqlScriptExecutor.executeStatement(DefaultSqlScriptExecutor.java:214)
		at org.flywaydb.core.internal.sqlscript.DefaultSqlScriptExecutor.execute(DefaultSqlScriptExecutor.java:133)
		at org.flywaydb.core.internal.resolver.sql.SqlMigrationExecutor.executeOnce(SqlMigrationExecutor.java:65)
		at org.flywaydb.core.internal.resolver.sql.SqlMigrationExecutor.lambda$execute$0(SqlMigrationExecutor.java:57)
		at org.flywaydb.core.internal.database.DefaultExecutionStrategy.execute(DefaultExecutionStrategy.java:27)
		at org.flywaydb.core.internal.resolver.sql.SqlMigrationExecutor.execute(SqlMigrationExecutor.java:56)
		at org.flywaydb.core.internal.command.DbMigrate.doMigrateGroup(DbMigrate.java:374)
		... 77 more
	Caused by: org.postgresql.util.PSQLException: ERRO: o valor nulo na coluna "lin_linha_flagativa" da relação "t_lin_linha" viola a restrição de não-nulo
  Detalhe: Registro que falhou contém (1178, 10, TERMINAL SÃO MIGUEL - PRAÇA DO CORREIO, 3550308, 31974104000120, N, N, N, null).
		at org.postgresql.core.v3.QueryExecutorImpl.receiveErrorResponse(QueryExecutorImpl.java:2733)
		at org.postgresql.core.v3.QueryExecutorImpl.processResults(QueryExecutorImpl.java:2420)
		at org.postgresql.core.v3.QueryExecutorImpl.execute(QueryExecutorImpl.java:372)
		at org.postgresql.jdbc.PgStatement.executeInternal(PgStatement.java:517)
		at org.postgresql.jdbc.PgStatement.execute(PgStatement.java:434)
		at org.postgresql.jdbc.PgStatement.executeWithFlags(PgStatement.java:356)
		at org.postgresql.jdbc.PgStatement.executeCachedSql(PgStatement.java:341)
		at org.postgresql.jdbc.PgStatement.executeWithFlags(PgStatement.java:317)
		at org.postgresql.jdbc.PgStatement.execute(PgStatement.java:312)
		at com.zaxxer.hikari.pool.ProxyStatement.execute(ProxyStatement.java:94)
		at com.zaxxer.hikari.pool.HikariProxyStatement.execute(HikariProxyStatement.java)
		at org.flywaydb.core.internal.jdbc.JdbcTemplate.executeStatement(JdbcTemplate.java:210)
		at org.flywaydb.core.internal.sqlscript.ParsedSqlStatement.execute(ParsedSqlStatement.java:89)
		at org.flywaydb.core.internal.sqlscript.DefaultSqlScriptExecutor.executeStatement(DefaultSqlScriptExecutor.java:206)
		... 83 more
23-Jan-2025 14:59:57.847 INFO [main] org.apache.catalina.startup.HostConfig.deployDescriptor Deployment of deployment descriptor [C:\Users\Erick.ferreira\Documents\workspace-jdk17\CitMobi2\src\conf\Catalina\localhost\citMobi2.xml] has finished in [15.101] ms
23-Jan-2025 14:59:57.850 INFO [main] org.apache.coyote.AbstractProtocol.start Starting ProtocolHandler ["http-nio-8085"]
23-Jan-2025 14:59:57.884 INFO [main] org.apache.catalina.startup.Catalina.start Server startup in [15238] milliseconds
23-Jan-2025 15:41:02.185 INFO [Thread-3] org.apache.coyote.AbstractProtocol.pause Pausing ProtocolHandler ["http-nio-8085"]
23-Jan-2025 15:41:02.355 INFO [Thread-3] org.apache.catalina.core.StandardService.stopInternal Stopping service [Catalina]
23-Jan-2025 15:41:02.417 INFO [Thread-3] org.apache.coyote.AbstractProtocol.stop Stopping ProtocolHandler ["http-nio-8085"]
23-Jan-2025 15:41:02.432 INFO [Thread-3] org.apache.coyote.AbstractProtocol.destroy Destroying ProtocolHandler ["http-nio-8085"]
23-Jan-2025 15:41:02.437 WARNING [Thread-3] org.apache.catalina.loader.WebappClassLoaderBase.clearReferencesJdbc The web application [citMobi2] registered the JDBC driver [org.postgresql.Driver] but failed to unregister it when the web application was stopped. To prevent a memory leak, the JDBC Driver has been forcibly unregistered.
23-Jan-2025 16:00:13.010 INFO [main] org.apache.catalina.startup.VersionLoggerListener.log Server version name:   Apache Tomcat/10.1.26
23-Jan-2025 16:00:13.014 INFO [main] org.apache.catalina.startup.VersionLoggerListener.log Server built:          Jul 7 2024 21:02:13 UTC
23-Jan-2025 16:00:13.014 INFO [main] org.apache.catalina.startup.VersionLoggerListener.log Server version number: 10.1.26.0
23-Jan-2025 16:00:13.015 INFO [main] org.apache.catalina.startup.VersionLoggerListener.log OS Name:               Windows 11
23-Jan-2025 16:00:13.015 INFO [main] org.apache.catalina.startup.VersionLoggerListener.log OS Version:            10.0
23-Jan-2025 16:00:13.015 INFO [main] org.apache.catalina.startup.VersionLoggerListener.log Architecture:          amd64
23-Jan-2025 16:00:13.015 INFO [main] org.apache.catalina.startup.VersionLoggerListener.log Java Home:             C:\Program Files\Java\jdk-17
23-Jan-2025 16:00:13.015 INFO [main] org.apache.catalina.startup.VersionLoggerListener.log JVM Version:           17.0.11+7-LTS-207
23-Jan-2025 16:00:13.015 INFO [main] org.apache.catalina.startup.VersionLoggerListener.log JVM Vendor:            Oracle Corporation
23-Jan-2025 16:00:13.015 INFO [main] org.apache.catalina.startup.VersionLoggerListener.log CATALINA_BASE:         C:\Users\Erick.ferreira\Documents\workspace-jdk17\CitMobi2\src
23-Jan-2025 16:00:13.016 INFO [main] org.apache.catalina.startup.VersionLoggerListener.log CATALINA_HOME:         C:\Program Files\Apache Software Foundation\Tomcat 10.1
23-Jan-2025 16:00:13.030 INFO [main] org.apache.catalina.startup.VersionLoggerListener.log Command line argument: --add-opens=java.base/java.lang=ALL-UNNAMED
23-Jan-2025 16:00:13.030 INFO [main] org.apache.catalina.startup.VersionLoggerListener.log Command line argument: --add-opens=java.base/java.io=ALL-UNNAMED
23-Jan-2025 16:00:13.030 INFO [main] org.apache.catalina.startup.VersionLoggerListener.log Command line argument: --add-opens=java.base/java.util=ALL-UNNAMED
23-Jan-2025 16:00:13.030 INFO [main] org.apache.catalina.startup.VersionLoggerListener.log Command line argument: --add-opens=java.base/java.util.concurrent=ALL-UNNAMED
23-Jan-2025 16:00:13.030 INFO [main] org.apache.catalina.startup.VersionLoggerListener.log Command line argument: --add-opens=java.rmi/sun.rmi.transport=ALL-UNNAMED
23-Jan-2025 16:00:13.030 INFO [main] org.apache.catalina.startup.VersionLoggerListener.log Command line argument: -Dcatalina.home=C:\Program Files\Apache Software Foundation\Tomcat 10.1
23-Jan-2025 16:00:13.030 INFO [main] org.apache.catalina.startup.VersionLoggerListener.log Command line argument: -Dcatalina.base=C:\Users\Erick.ferreira\Documents\workspace-jdk17\CitMobi2\src
23-Jan-2025 16:00:13.030 INFO [main] org.apache.catalina.startup.VersionLoggerListener.log Command line argument: -Djava.io.tmpdir=C:\Users\Erick.ferreira\Documents\workspace-jdk17\CitMobi2\src\temp
23-Jan-2025 16:00:13.030 INFO [main] org.apache.catalina.startup.VersionLoggerListener.log Command line argument: -Djava.util.logging.config.file=C:\Users\Erick.ferreira\Documents\workspace-jdk17\CitMobi2\src\conf\logging.properties
23-Jan-2025 16:00:13.030 INFO [main] org.apache.catalina.startup.VersionLoggerListener.log Command line argument: -Djava.util.logging.manager=org.apache.juli.ClassLoaderLogManager
23-Jan-2025 16:00:13.030 INFO [main] org.apache.catalina.startup.VersionLoggerListener.log Command line argument: -javaagent:C:\Program Files\JetBrains\IntelliJ IDEA Community Edition 2024.1.4\lib\idea_rt.jar=63884:C:\Program Files\JetBrains\IntelliJ IDEA Community Edition 2024.1.4\bin
23-Jan-2025 16:00:13.030 INFO [main] org.apache.catalina.startup.VersionLoggerListener.log Command line argument: -Dfile.encoding=UTF-8
23-Jan-2025 16:00:13.037 INFO [main] org.apache.catalina.core.AprLifecycleListener.lifecycleEvent The Apache Tomcat Native library which allows using OpenSSL was not found on the java.library.path: [C:\Program Files\Java\jdk-17\bin;C:\Windows\Sun\Java\bin;C:\Windows\system32;C:\Windows;C:\Program Files\Common Files\Oracle\Java\javapath;C:\Python312\Scripts\;C:\Python312\;C:\Program Files (x86)\Common Files\Oracle\Java\javapath;C:\app\TDV.Admin\product\11.2.0\client_1\bin;C:\Windows\system32;C:\Windows;C:\Windows\System32\Wbem;C:\Windows\System32\WindowsPowerShell\v1.0\;C:\Windows\System32\OpenSSH\;C:\Program Files\Git\cmd;C:\Java_Essentials\apache-maven-3.6.3\bin;C:\Program Files\nodejs\;C:\ProgramData\chocolatey\bin;C:\Program Files\dotnet\;C:\Program Files\MySQL\MySQL Shell 8.0\bin\;C:\Users\Erick.ferreira\.console-ninja\.bin;C:\Users\Erick.ferreira\AppData\Local\Microsoft\WindowsApps;C:\Users\Erick.ferreira\AppData\Local\Programs\Microsoft VS Code\bin;C:\Program Files\Java\jdk1.8.0_291\bin;C:\Users\Erick.ferreira\AppData\Roaming\npm;C:\Program Files\JetBrains\IntelliJ IDEA Community Edition 2024.1.4\bin;;C:\Users\Erick.ferreira\.dotnet\tools;.]
23-Jan-2025 16:00:13.272 INFO [main] org.apache.coyote.AbstractProtocol.init Initializing ProtocolHandler ["http-nio-8085"]
23-Jan-2025 16:00:13.299 INFO [main] org.apache.catalina.startup.Catalina.load Server initialization in [487] milliseconds
23-Jan-2025 16:00:13.361 INFO [main] org.apache.catalina.core.StandardService.startInternal Starting service [Catalina]
23-Jan-2025 16:00:13.361 INFO [main] org.apache.catalina.core.StandardEngine.startInternal Starting Servlet engine: [Apache Tomcat/10.1.26]
23-Jan-2025 16:00:13.375 INFO [main] org.apache.catalina.startup.HostConfig.deployDescriptor Deploying deployment descriptor [C:\Users\Erick.ferreira\Documents\workspace-jdk17\CitMobi2\src\conf\Catalina\localhost\citMobi2.xml]
23-Jan-2025 16:00:25.474 INFO [main] org.apache.jasper.servlet.TldScanner.scanJars At least one JAR was scanned for TLDs yet contained no TLDs. Enable debug logging for this logger for a complete list of JARs that were scanned but no TLDs were found in them. Skipping unneeded JARs during scanning can improve startup time and JSP compilation time.
23-Jan-2025 16:00:35.593 SEVERE [main] org.apache.catalina.startup.HostConfig.deployDescriptor Error deploying deployment descriptor [C:\Users\Erick.ferreira\Documents\workspace-jdk17\CitMobi2\src\conf\Catalina\localhost\citMobi2.xml]
	java.lang.IllegalStateException: Error starting child
		at org.apache.catalina.core.ContainerBase.addChildInternal(ContainerBase.java:602)
		at org.apache.catalina.core.ContainerBase.addChild(ContainerBase.java:571)
		at org.apache.catalina.core.StandardHost.addChild(StandardHost.java:654)
		at org.apache.catalina.startup.HostConfig.deployDescriptor(HostConfig.java:635)
		at org.apache.catalina.startup.HostConfig$DeployDescriptor.run(HostConfig.java:1889)
		at java.base/java.util.concurrent.Executors$RunnableAdapter.call(Executors.java:539)
		at java.base/java.util.concurrent.FutureTask.run(FutureTask.java:264)
		at org.apache.tomcat.util.threads.InlineExecutorService.execute(InlineExecutorService.java:75)
		at java.base/java.util.concurrent.AbstractExecutorService.submit(AbstractExecutorService.java:123)
		at org.apache.catalina.startup.HostConfig.deployDescriptors(HostConfig.java:530)
		at org.apache.catalina.startup.HostConfig.deployApps(HostConfig.java:421)
		at org.apache.catalina.startup.HostConfig.start(HostConfig.java:1629)
		at org.apache.catalina.startup.HostConfig.lifecycleEvent(HostConfig.java:303)
		at org.apache.catalina.util.LifecycleBase.fireLifecycleEvent(LifecycleBase.java:109)
		at org.apache.catalina.util.LifecycleBase.setStateInternal(LifecycleBase.java:385)
		at org.apache.catalina.util.LifecycleBase.setState(LifecycleBase.java:332)
		at org.apache.catalina.core.ContainerBase.startInternal(ContainerBase.java:776)
		at org.apache.catalina.core.StandardHost.startInternal(StandardHost.java:772)
		at org.apache.catalina.util.LifecycleBase.start(LifecycleBase.java:164)
		at org.apache.catalina.core.ContainerBase$StartChild.call(ContainerBase.java:1203)
		at org.apache.catalina.core.ContainerBase$StartChild.call(ContainerBase.java:1193)
		at java.base/java.util.concurrent.FutureTask.run(FutureTask.java:264)
		at org.apache.tomcat.util.threads.InlineExecutorService.execute(InlineExecutorService.java:75)
		at java.base/java.util.concurrent.AbstractExecutorService.submit(AbstractExecutorService.java:145)
		at org.apache.catalina.core.ContainerBase.startInternal(ContainerBase.java:749)
		at org.apache.catalina.core.StandardEngine.startInternal(StandardEngine.java:203)
		at org.apache.catalina.util.LifecycleBase.start(LifecycleBase.java:164)
		at org.apache.catalina.core.StandardService.startInternal(StandardService.java:415)
		at org.apache.catalina.util.LifecycleBase.start(LifecycleBase.java:164)
		at org.apache.catalina.core.StandardServer.startInternal(StandardServer.java:874)
		at org.apache.catalina.util.LifecycleBase.start(LifecycleBase.java:164)
		at org.apache.catalina.startup.Catalina.start(Catalina.java:757)
		at java.base/jdk.internal.reflect.NativeMethodAccessorImpl.invoke0(Native Method)
		at java.base/jdk.internal.reflect.NativeMethodAccessorImpl.invoke(NativeMethodAccessorImpl.java:77)
		at java.base/jdk.internal.reflect.DelegatingMethodAccessorImpl.invoke(DelegatingMethodAccessorImpl.java:43)
		at java.base/java.lang.reflect.Method.invoke(Method.java:568)
		at org.apache.catalina.startup.Bootstrap.start(Bootstrap.java:345)
		at org.apache.catalina.startup.Bootstrap.main(Bootstrap.java:473)
	Caused by: org.apache.catalina.LifecycleException: Failed to start component [StandardEngine[Catalina].StandardHost[localhost].StandardContext[/citMobi2]]
		at org.apache.catalina.util.LifecycleBase.handleSubClassException(LifecycleBase.java:402)
		at org.apache.catalina.util.LifecycleBase.start(LifecycleBase.java:179)
		at org.apache.catalina.core.ContainerBase.addChildInternal(ContainerBase.java:599)
		... 37 more
	Caused by: org.springframework.beans.factory.BeanCreationException: Error creating bean with name 'entityManagerFactory' defined in class path resource [org/springframework/boot/autoconfigure/orm/jpa/HibernateJpaConfiguration.class]: Failed to initialize dependency 'flywayInitializer' of LoadTimeWeaverAware bean 'entityManagerFactory': Error creating bean with name 'flywayInitializer' defined in class path resource [org/springframework/boot/autoconfigure/flyway/FlywayAutoConfiguration$FlywayConfiguration.class]: Migration V2__INSERT_MOCK.sql failed
------------------------------------
SQL State  : 23502
Error Code : 0
Message    : ERRO: o valor nulo na coluna "lin_linha_flagativa" da relação "t_lin_linha" viola a restrição de não-nulo
  Detalhe: Registro que falhou contém (1178, 10, TERMINAL SÃO MIGUEL - PRAÇA DO CORREIO, 3550308, 31974104000120, N, N, N, null).
Location   : db/migration/V2__INSERT_MOCK.sql (C:\Users\Erick.ferreira\Documents\workspace-jdk17\CitMobi2\target\classes\db\migration\V2__INSERT_MOCK.sql)
Line       : 35
Statement  : INSERT INTO T_LIN_LINHA (LIN_LINHA_ID, LIN_LINHA_ATENDIMENTO, GLB_MUNICIPIO_COD, LIN_LINHA_DESCRICAO, GLB_OPERADOR_CNPJ, LIN_LINHA_FLAGINTERMUNICIPAL, LIN_LINHA_FLAGATENDEMETRO, LIN_LINHA_FLAGATENDETREM, LIN_LINHA_FLAGATIVA)
VALUES('1178', '10', 3550308, 'TERMINAL SÃO MIGUEL - PRAÇA DO CORREIO', '31974104000120', 'N', 'N', 'N', null)

		at org.springframework.beans.factory.support.AbstractBeanFactory.doGetBean(AbstractBeanFactory.java:326)
		at org.springframework.beans.factory.support.AbstractBeanFactory.getBean(AbstractBeanFactory.java:205)
		at org.springframework.context.support.AbstractApplicationContext.finishBeanFactoryInitialization(AbstractApplicationContext.java:954)
		at org.springframework.context.support.AbstractApplicationContext.refresh(AbstractApplicationContext.java:625)
		at org.springframework.boot.web.servlet.context.ServletWebServerApplicationContext.refresh(ServletWebServerApplicationContext.java:146)
		at org.springframework.boot.SpringApplication.refresh(SpringApplication.java:754)
		at org.springframework.boot.SpringApplication.refreshContext(SpringApplication.java:456)
		at org.springframework.boot.SpringApplication.run(SpringApplication.java:335)
		at org.springframework.boot.web.servlet.support.SpringBootServletInitializer.run(SpringBootServletInitializer.java:174)
		at org.springframework.boot.web.servlet.support.SpringBootServletInitializer.createRootApplicationContext(SpringBootServletInitializer.java:154)
		at org.springframework.boot.web.servlet.support.SpringBootServletInitializer.onStartup(SpringBootServletInitializer.java:96)
		at org.springframework.web.SpringServletContainerInitializer.onStartup(SpringServletContainerInitializer.java:171)
		at org.apache.catalina.core.StandardContext.startInternal(StandardContext.java:4414)
		at org.apache.catalina.util.LifecycleBase.start(LifecycleBase.java:164)
		... 38 more
	Caused by: org.springframework.beans.factory.BeanCreationException: Error creating bean with name 'flywayInitializer' defined in class path resource [org/springframework/boot/autoconfigure/flyway/FlywayAutoConfiguration$FlywayConfiguration.class]: Migration V2__INSERT_MOCK.sql failed
------------------------------------
SQL State  : 23502
Error Code : 0
Message    : ERRO: o valor nulo na coluna "lin_linha_flagativa" da relação "t_lin_linha" viola a restrição de não-nulo
  Detalhe: Registro que falhou contém (1178, 10, TERMINAL SÃO MIGUEL - PRAÇA DO CORREIO, 3550308, 31974104000120, N, N, N, null).
Location   : db/migration/V2__INSERT_MOCK.sql (C:\Users\Erick.ferreira\Documents\workspace-jdk17\CitMobi2\target\classes\db\migration\V2__INSERT_MOCK.sql)
Line       : 35
Statement  : INSERT INTO T_LIN_LINHA (LIN_LINHA_ID, LIN_LINHA_ATENDIMENTO, GLB_MUNICIPIO_COD, LIN_LINHA_DESCRICAO, GLB_OPERADOR_CNPJ, LIN_LINHA_FLAGINTERMUNICIPAL, LIN_LINHA_FLAGATENDEMETRO, LIN_LINHA_FLAGATENDETREM, LIN_LINHA_FLAGATIVA)
VALUES('1178', '10', 3550308, 'TERMINAL SÃO MIGUEL - PRAÇA DO CORREIO', '31974104000120', 'N', 'N', 'N', null)

		at org.springframework.beans.factory.support.AbstractAutowireCapableBeanFactory.initializeBean(AbstractAutowireCapableBeanFactory.java:1806)
		at org.springframework.beans.factory.support.AbstractAutowireCapableBeanFactory.doCreateBean(AbstractAutowireCapableBeanFactory.java:600)
		at org.springframework.beans.factory.support.AbstractAutowireCapableBeanFactory.createBean(AbstractAutowireCapableBeanFactory.java:522)
		at org.springframework.beans.factory.support.AbstractBeanFactory.lambda$doGetBean$0(AbstractBeanFactory.java:337)
		at org.springframework.beans.factory.support.DefaultSingletonBeanRegistry.getSingleton(DefaultSingletonBeanRegistry.java:234)
		at org.springframework.beans.factory.support.AbstractBeanFactory.doGetBean(AbstractBeanFactory.java:335)
		at org.springframework.beans.factory.support.AbstractBeanFactory.getBean(AbstractBeanFactory.java:200)
		at org.springframework.beans.factory.support.AbstractBeanFactory.doGetBean(AbstractBeanFactory.java:313)
		... 51 more
	Caused by: org.flywaydb.core.internal.command.DbMigrate$FlywayMigrateException: Migration V2__INSERT_MOCK.sql failed
------------------------------------
SQL State  : 23502
Error Code : 0
Message    : ERRO: o valor nulo na coluna "lin_linha_flagativa" da relação "t_lin_linha" viola a restrição de não-nulo
  Detalhe: Registro que falhou contém (1178, 10, TERMINAL SÃO MIGUEL - PRAÇA DO CORREIO, 3550308, 31974104000120, N, N, N, null).
Location   : db/migration/V2__INSERT_MOCK.sql (C:\Users\Erick.ferreira\Documents\workspace-jdk17\CitMobi2\target\classes\db\migration\V2__INSERT_MOCK.sql)
Line       : 35
Statement  : INSERT INTO T_LIN_LINHA (LIN_LINHA_ID, LIN_LINHA_ATENDIMENTO, GLB_MUNICIPIO_COD, LIN_LINHA_DESCRICAO, GLB_OPERADOR_CNPJ, LIN_LINHA_FLAGINTERMUNICIPAL, LIN_LINHA_FLAGATENDEMETRO, LIN_LINHA_FLAGATENDETREM, LIN_LINHA_FLAGATIVA)
VALUES('1178', '10', 3550308, 'TERMINAL SÃO MIGUEL - PRAÇA DO CORREIO', '31974104000120', 'N', 'N', 'N', null)

		at org.flywaydb.core.internal.command.DbMigrate.doMigrateGroup(DbMigrate.java:382)
		at org.flywaydb.core.internal.command.DbMigrate.lambda$applyMigrations$1(DbMigrate.java:272)
		at org.flywaydb.core.internal.jdbc.TransactionalExecutionTemplate.execute(TransactionalExecutionTemplate.java:55)
		at org.flywaydb.core.internal.command.DbMigrate.applyMigrations(DbMigrate.java:271)
		at org.flywaydb.core.internal.command.DbMigrate.migrateGroup(DbMigrate.java:244)
		at org.flywaydb.core.internal.command.DbMigrate.lambda$migrateAll$0(DbMigrate.java:139)
		at org.flywaydb.database.postgresql.PostgreSQLAdvisoryLockTemplate.execute(PostgreSQLAdvisoryLockTemplate.java:73)
		at org.flywaydb.database.postgresql.PostgreSQLAdvisoryLockTemplate.lambda$execute$0(PostgreSQLAdvisoryLockTemplate.java:56)
		at org.flywaydb.core.internal.jdbc.TransactionalExecutionTemplate.execute(TransactionalExecutionTemplate.java:55)
		at org.flywaydb.database.postgresql.PostgreSQLAdvisoryLockTemplate.execute(PostgreSQLAdvisoryLockTemplate.java:56)
		at org.flywaydb.database.postgresql.PostgreSQLConnection.lock(PostgreSQLConnection.java:96)
		at org.flywaydb.core.internal.schemahistory.JdbcTableSchemaHistory.lock(JdbcTableSchemaHistory.java:145)
		at org.flywaydb.core.internal.command.DbMigrate.migrateAll(DbMigrate.java:139)
		at org.flywaydb.core.internal.command.DbMigrate.migrate(DbMigrate.java:97)
		at org.flywaydb.core.Flyway.lambda$migrate$0(Flyway.java:202)
		at org.flywaydb.core.FlywayExecutor.execute(FlywayExecutor.java:205)
		at org.flywaydb.core.Flyway.migrate(Flyway.java:147)
		at org.springframework.boot.autoconfigure.flyway.FlywayMigrationInitializer.afterPropertiesSet(FlywayMigrationInitializer.java:66)
		at org.springframework.beans.factory.support.AbstractAutowireCapableBeanFactory.invokeInitMethods(AbstractAutowireCapableBeanFactory.java:1853)
		at org.springframework.beans.factory.support.AbstractAutowireCapableBeanFactory.initializeBean(AbstractAutowireCapableBeanFactory.java:1802)
		... 58 more
	Caused by: org.flywaydb.core.internal.sqlscript.FlywaySqlScriptException: Migration V2__INSERT_MOCK.sql failed
------------------------------------
SQL State  : 23502
Error Code : 0
Message    : ERRO: o valor nulo na coluna "lin_linha_flagativa" da relação "t_lin_linha" viola a restrição de não-nulo
  Detalhe: Registro que falhou contém (1178, 10, TERMINAL SÃO MIGUEL - PRAÇA DO CORREIO, 3550308, 31974104000120, N, N, N, null).
Location   : db/migration/V2__INSERT_MOCK.sql (C:\Users\Erick.ferreira\Documents\workspace-jdk17\CitMobi2\target\classes\db\migration\V2__INSERT_MOCK.sql)
Line       : 35
Statement  : INSERT INTO T_LIN_LINHA (LIN_LINHA_ID, LIN_LINHA_ATENDIMENTO, GLB_MUNICIPIO_COD, LIN_LINHA_DESCRICAO, GLB_OPERADOR_CNPJ, LIN_LINHA_FLAGINTERMUNICIPAL, LIN_LINHA_FLAGATENDEMETRO, LIN_LINHA_FLAGATENDETREM, LIN_LINHA_FLAGATIVA)
VALUES('1178', '10', 3550308, 'TERMINAL SÃO MIGUEL - PRAÇA DO CORREIO', '31974104000120', 'N', 'N', 'N', null)

		at org.flywaydb.core.internal.sqlscript.DefaultSqlScriptExecutor.handleException(DefaultSqlScriptExecutor.java:252)
		at org.flywaydb.core.internal.sqlscript.DefaultSqlScriptExecutor.executeStatement(DefaultSqlScriptExecutor.java:214)
		at org.flywaydb.core.internal.sqlscript.DefaultSqlScriptExecutor.execute(DefaultSqlScriptExecutor.java:133)
		at org.flywaydb.core.internal.resolver.sql.SqlMigrationExecutor.executeOnce(SqlMigrationExecutor.java:65)
		at org.flywaydb.core.internal.resolver.sql.SqlMigrationExecutor.lambda$execute$0(SqlMigrationExecutor.java:57)
		at org.flywaydb.core.internal.database.DefaultExecutionStrategy.execute(DefaultExecutionStrategy.java:27)
		at org.flywaydb.core.internal.resolver.sql.SqlMigrationExecutor.execute(SqlMigrationExecutor.java:56)
		at org.flywaydb.core.internal.command.DbMigrate.doMigrateGroup(DbMigrate.java:374)
		... 77 more
	Caused by: org.postgresql.util.PSQLException: ERRO: o valor nulo na coluna "lin_linha_flagativa" da relação "t_lin_linha" viola a restrição de não-nulo
  Detalhe: Registro que falhou contém (1178, 10, TERMINAL SÃO MIGUEL - PRAÇA DO CORREIO, 3550308, 31974104000120, N, N, N, null).
		at org.postgresql.core.v3.QueryExecutorImpl.receiveErrorResponse(QueryExecutorImpl.java:2733)
		at org.postgresql.core.v3.QueryExecutorImpl.processResults(QueryExecutorImpl.java:2420)
		at org.postgresql.core.v3.QueryExecutorImpl.execute(QueryExecutorImpl.java:372)
		at org.postgresql.jdbc.PgStatement.executeInternal(PgStatement.java:517)
		at org.postgresql.jdbc.PgStatement.execute(PgStatement.java:434)
		at org.postgresql.jdbc.PgStatement.executeWithFlags(PgStatement.java:356)
		at org.postgresql.jdbc.PgStatement.executeCachedSql(PgStatement.java:341)
		at org.postgresql.jdbc.PgStatement.executeWithFlags(PgStatement.java:317)
		at org.postgresql.jdbc.PgStatement.execute(PgStatement.java:312)
		at com.zaxxer.hikari.pool.ProxyStatement.execute(ProxyStatement.java:94)
		at com.zaxxer.hikari.pool.HikariProxyStatement.execute(HikariProxyStatement.java)
		at org.flywaydb.core.internal.jdbc.JdbcTemplate.executeStatement(JdbcTemplate.java:210)
		at org.flywaydb.core.internal.sqlscript.ParsedSqlStatement.execute(ParsedSqlStatement.java:89)
		at org.flywaydb.core.internal.sqlscript.DefaultSqlScriptExecutor.executeStatement(DefaultSqlScriptExecutor.java:206)
		... 83 more
23-Jan-2025 16:00:35.601 INFO [main] org.apache.catalina.startup.HostConfig.deployDescriptor Deployment of deployment descriptor [C:\Users\Erick.ferreira\Documents\workspace-jdk17\CitMobi2\src\conf\Catalina\localhost\citMobi2.xml] has finished in [22.226] ms
23-Jan-2025 16:00:35.606 INFO [main] org.apache.coyote.AbstractProtocol.start Starting ProtocolHandler ["http-nio-8085"]
23-Jan-2025 16:00:35.644 INFO [main] org.apache.catalina.startup.Catalina.start Server startup in [22344] milliseconds
23-Jan-2025 16:00:59.833 INFO [Thread-3] org.apache.coyote.AbstractProtocol.pause Pausing ProtocolHandler ["http-nio-8085"]
23-Jan-2025 16:01:00.012 INFO [Thread-3] org.apache.catalina.core.StandardService.stopInternal Stopping service [Catalina]
23-Jan-2025 16:01:00.013 INFO [Thread-3] org.apache.coyote.AbstractProtocol.stop Stopping ProtocolHandler ["http-nio-8085"]
23-Jan-2025 16:01:00.016 INFO [Thread-3] org.apache.coyote.AbstractProtocol.destroy Destroying ProtocolHandler ["http-nio-8085"]
23-Jan-2025 16:01:00.020 WARNING [Thread-3] org.apache.catalina.loader.WebappClassLoaderBase.clearReferencesJdbc The web application [citMobi2] registered the JDBC driver [org.postgresql.Driver] but failed to unregister it when the web application was stopped. To prevent a memory leak, the JDBC Driver has been forcibly unregistered.
23-Jan-2025 16:01:02.068 INFO [main] org.apache.catalina.startup.VersionLoggerListener.log Server version name:   Apache Tomcat/10.1.26
23-Jan-2025 16:01:02.071 INFO [main] org.apache.catalina.startup.VersionLoggerListener.log Server built:          Jul 7 2024 21:02:13 UTC
23-Jan-2025 16:01:02.072 INFO [main] org.apache.catalina.startup.VersionLoggerListener.log Server version number: 10.1.26.0
23-Jan-2025 16:01:02.072 INFO [main] org.apache.catalina.startup.VersionLoggerListener.log OS Name:               Windows 11
23-Jan-2025 16:01:02.072 INFO [main] org.apache.catalina.startup.VersionLoggerListener.log OS Version:            10.0
23-Jan-2025 16:01:02.072 INFO [main] org.apache.catalina.startup.VersionLoggerListener.log Architecture:          amd64
23-Jan-2025 16:01:02.072 INFO [main] org.apache.catalina.startup.VersionLoggerListener.log Java Home:             C:\Program Files\Java\jdk-17
23-Jan-2025 16:01:02.072 INFO [main] org.apache.catalina.startup.VersionLoggerListener.log JVM Version:           17.0.11+7-LTS-207
23-Jan-2025 16:01:02.072 INFO [main] org.apache.catalina.startup.VersionLoggerListener.log JVM Vendor:            Oracle Corporation
23-Jan-2025 16:01:02.072 INFO [main] org.apache.catalina.startup.VersionLoggerListener.log CATALINA_BASE:         C:\Users\Erick.ferreira\Documents\workspace-jdk17\CitMobi2\src
23-Jan-2025 16:01:02.073 INFO [main] org.apache.catalina.startup.VersionLoggerListener.log CATALINA_HOME:         C:\Program Files\Apache Software Foundation\Tomcat 10.1
23-Jan-2025 16:01:02.088 INFO [main] org.apache.catalina.startup.VersionLoggerListener.log Command line argument: --add-opens=java.base/java.lang=ALL-UNNAMED
23-Jan-2025 16:01:02.088 INFO [main] org.apache.catalina.startup.VersionLoggerListener.log Command line argument: --add-opens=java.base/java.io=ALL-UNNAMED
23-Jan-2025 16:01:02.088 INFO [main] org.apache.catalina.startup.VersionLoggerListener.log Command line argument: --add-opens=java.base/java.util=ALL-UNNAMED
23-Jan-2025 16:01:02.088 INFO [main] org.apache.catalina.startup.VersionLoggerListener.log Command line argument: --add-opens=java.base/java.util.concurrent=ALL-UNNAMED
23-Jan-2025 16:01:02.088 INFO [main] org.apache.catalina.startup.VersionLoggerListener.log Command line argument: --add-opens=java.rmi/sun.rmi.transport=ALL-UNNAMED
23-Jan-2025 16:01:02.088 INFO [main] org.apache.catalina.startup.VersionLoggerListener.log Command line argument: -Dcatalina.home=C:\Program Files\Apache Software Foundation\Tomcat 10.1
23-Jan-2025 16:01:02.088 INFO [main] org.apache.catalina.startup.VersionLoggerListener.log Command line argument: -Dcatalina.base=C:\Users\Erick.ferreira\Documents\workspace-jdk17\CitMobi2\src
23-Jan-2025 16:01:02.088 INFO [main] org.apache.catalina.startup.VersionLoggerListener.log Command line argument: -Djava.io.tmpdir=C:\Users\Erick.ferreira\Documents\workspace-jdk17\CitMobi2\src\temp
23-Jan-2025 16:01:02.088 INFO [main] org.apache.catalina.startup.VersionLoggerListener.log Command line argument: -Djava.util.logging.config.file=C:\Users\Erick.ferreira\Documents\workspace-jdk17\CitMobi2\src\conf\logging.properties
23-Jan-2025 16:01:02.089 INFO [main] org.apache.catalina.startup.VersionLoggerListener.log Command line argument: -Djava.util.logging.manager=org.apache.juli.ClassLoaderLogManager
23-Jan-2025 16:01:02.089 INFO [main] org.apache.catalina.startup.VersionLoggerListener.log Command line argument: -javaagent:C:\Program Files\JetBrains\IntelliJ IDEA Community Edition 2024.1.4\lib\idea_rt.jar=63900:C:\Program Files\JetBrains\IntelliJ IDEA Community Edition 2024.1.4\bin
23-Jan-2025 16:01:02.089 INFO [main] org.apache.catalina.startup.VersionLoggerListener.log Command line argument: -Dfile.encoding=UTF-8
23-Jan-2025 16:01:02.096 INFO [main] org.apache.catalina.core.AprLifecycleListener.lifecycleEvent The Apache Tomcat Native library which allows using OpenSSL was not found on the java.library.path: [C:\Program Files\Java\jdk-17\bin;C:\Windows\Sun\Java\bin;C:\Windows\system32;C:\Windows;C:\Program Files\Common Files\Oracle\Java\javapath;C:\Python312\Scripts\;C:\Python312\;C:\Program Files (x86)\Common Files\Oracle\Java\javapath;C:\app\TDV.Admin\product\11.2.0\client_1\bin;C:\Windows\system32;C:\Windows;C:\Windows\System32\Wbem;C:\Windows\System32\WindowsPowerShell\v1.0\;C:\Windows\System32\OpenSSH\;C:\Program Files\Git\cmd;C:\Java_Essentials\apache-maven-3.6.3\bin;C:\Program Files\nodejs\;C:\ProgramData\chocolatey\bin;C:\Program Files\dotnet\;C:\Program Files\MySQL\MySQL Shell 8.0\bin\;C:\Users\Erick.ferreira\.console-ninja\.bin;C:\Users\Erick.ferreira\AppData\Local\Microsoft\WindowsApps;C:\Users\Erick.ferreira\AppData\Local\Programs\Microsoft VS Code\bin;C:\Program Files\Java\jdk1.8.0_291\bin;C:\Users\Erick.ferreira\AppData\Roaming\npm;C:\Program Files\JetBrains\IntelliJ IDEA Community Edition 2024.1.4\bin;;C:\Users\Erick.ferreira\.dotnet\tools;.]
23-Jan-2025 16:01:02.389 INFO [main] org.apache.coyote.AbstractProtocol.init Initializing ProtocolHandler ["http-nio-8085"]
23-Jan-2025 16:01:02.415 INFO [main] org.apache.catalina.startup.Catalina.load Server initialization in [559] milliseconds
23-Jan-2025 16:01:02.472 INFO [main] org.apache.catalina.core.StandardService.startInternal Starting service [Catalina]
23-Jan-2025 16:01:02.472 INFO [main] org.apache.catalina.core.StandardEngine.startInternal Starting Servlet engine: [Apache Tomcat/10.1.26]
23-Jan-2025 16:01:02.488 INFO [main] org.apache.catalina.startup.HostConfig.deployDescriptor Deploying deployment descriptor [C:\Users\Erick.ferreira\Documents\workspace-jdk17\CitMobi2\src\conf\Catalina\localhost\citMobi2.xml]
23-Jan-2025 16:01:08.769 INFO [main] org.apache.jasper.servlet.TldScanner.scanJars At least one JAR was scanned for TLDs yet contained no TLDs. Enable debug logging for this logger for a complete list of JARs that were scanned but no TLDs were found in them. Skipping unneeded JARs during scanning can improve startup time and JSP compilation time.
23-Jan-2025 16:01:28.790 INFO [main] org.apache.catalina.startup.HostConfig.deployDescriptor Deployment of deployment descriptor [C:\Users\Erick.ferreira\Documents\workspace-jdk17\CitMobi2\src\conf\Catalina\localhost\citMobi2.xml] has finished in [26.301] ms
23-Jan-2025 16:01:28.795 INFO [main] org.apache.coyote.AbstractProtocol.start Starting ProtocolHandler ["http-nio-8085"]
23-Jan-2025 16:01:28.828 INFO [main] org.apache.catalina.startup.Catalina.start Server startup in [26412] milliseconds
23-Jan-2025 16:03:50.147 INFO [Thread-3] org.apache.coyote.AbstractProtocol.pause Pausing ProtocolHandler ["http-nio-8085"]
23-Jan-2025 16:03:50.328 INFO [Thread-3] org.apache.catalina.core.StandardService.stopInternal Stopping service [Catalina]
23-Jan-2025 16:03:50.464 INFO [Thread-3] org.apache.coyote.AbstractProtocol.stop Stopping ProtocolHandler ["http-nio-8085"]
23-Jan-2025 16:03:50.468 INFO [Thread-3] org.apache.coyote.AbstractProtocol.destroy Destroying ProtocolHandler ["http-nio-8085"]
23-Jan-2025 16:04:37.058 INFO [main] org.apache.catalina.startup.VersionLoggerListener.log Server version name:   Apache Tomcat/10.1.26
23-Jan-2025 16:04:37.063 INFO [main] org.apache.catalina.startup.VersionLoggerListener.log Server built:          Jul 7 2024 21:02:13 UTC
23-Jan-2025 16:04:37.064 INFO [main] org.apache.catalina.startup.VersionLoggerListener.log Server version number: 10.1.26.0
23-Jan-2025 16:04:37.064 INFO [main] org.apache.catalina.startup.VersionLoggerListener.log OS Name:               Windows 11
23-Jan-2025 16:04:37.064 INFO [main] org.apache.catalina.startup.VersionLoggerListener.log OS Version:            10.0
23-Jan-2025 16:04:37.064 INFO [main] org.apache.catalina.startup.VersionLoggerListener.log Architecture:          amd64
23-Jan-2025 16:04:37.064 INFO [main] org.apache.catalina.startup.VersionLoggerListener.log Java Home:             C:\Program Files\Java\jdk-17
23-Jan-2025 16:04:37.064 INFO [main] org.apache.catalina.startup.VersionLoggerListener.log JVM Version:           17.0.11+7-LTS-207
23-Jan-2025 16:04:37.065 INFO [main] org.apache.catalina.startup.VersionLoggerListener.log JVM Vendor:            Oracle Corporation
23-Jan-2025 16:04:37.065 INFO [main] org.apache.catalina.startup.VersionLoggerListener.log CATALINA_BASE:         C:\Users\Erick.ferreira\Documents\workspace-jdk17\CitMobi2\src
23-Jan-2025 16:04:37.065 INFO [main] org.apache.catalina.startup.VersionLoggerListener.log CATALINA_HOME:         C:\Program Files\Apache Software Foundation\Tomcat 10.1
23-Jan-2025 16:04:37.083 INFO [main] org.apache.catalina.startup.VersionLoggerListener.log Command line argument: --add-opens=java.base/java.lang=ALL-UNNAMED
23-Jan-2025 16:04:37.083 INFO [main] org.apache.catalina.startup.VersionLoggerListener.log Command line argument: --add-opens=java.base/java.io=ALL-UNNAMED
23-Jan-2025 16:04:37.083 INFO [main] org.apache.catalina.startup.VersionLoggerListener.log Command line argument: --add-opens=java.base/java.util=ALL-UNNAMED
23-Jan-2025 16:04:37.083 INFO [main] org.apache.catalina.startup.VersionLoggerListener.log Command line argument: --add-opens=java.base/java.util.concurrent=ALL-UNNAMED
23-Jan-2025 16:04:37.083 INFO [main] org.apache.catalina.startup.VersionLoggerListener.log Command line argument: --add-opens=java.rmi/sun.rmi.transport=ALL-UNNAMED
23-Jan-2025 16:04:37.083 INFO [main] org.apache.catalina.startup.VersionLoggerListener.log Command line argument: -Dcatalina.home=C:\Program Files\Apache Software Foundation\Tomcat 10.1
23-Jan-2025 16:04:37.083 INFO [main] org.apache.catalina.startup.VersionLoggerListener.log Command line argument: -Dcatalina.base=C:\Users\Erick.ferreira\Documents\workspace-jdk17\CitMobi2\src
23-Jan-2025 16:04:37.084 INFO [main] org.apache.catalina.startup.VersionLoggerListener.log Command line argument: -Djava.io.tmpdir=C:\Users\Erick.ferreira\Documents\workspace-jdk17\CitMobi2\src\temp
23-Jan-2025 16:04:37.084 INFO [main] org.apache.catalina.startup.VersionLoggerListener.log Command line argument: -Djava.util.logging.config.file=C:\Users\Erick.ferreira\Documents\workspace-jdk17\CitMobi2\src\conf\logging.properties
23-Jan-2025 16:04:37.084 INFO [main] org.apache.catalina.startup.VersionLoggerListener.log Command line argument: -Djava.util.logging.manager=org.apache.juli.ClassLoaderLogManager
23-Jan-2025 16:04:37.084 INFO [main] org.apache.catalina.startup.VersionLoggerListener.log Command line argument: -javaagent:C:\Program Files\JetBrains\IntelliJ IDEA Community Edition 2024.1.4\lib\idea_rt.jar=53503:C:\Program Files\JetBrains\IntelliJ IDEA Community Edition 2024.1.4\bin
23-Jan-2025 16:04:37.084 INFO [main] org.apache.catalina.startup.VersionLoggerListener.log Command line argument: -Dfile.encoding=UTF-8
23-Jan-2025 16:04:37.091 INFO [main] org.apache.catalina.core.AprLifecycleListener.lifecycleEvent The Apache Tomcat Native library which allows using OpenSSL was not found on the java.library.path: [C:\Program Files\Java\jdk-17\bin;C:\Windows\Sun\Java\bin;C:\Windows\system32;C:\Windows;C:\Program Files\Common Files\Oracle\Java\javapath;C:\Python312\Scripts\;C:\Python312\;C:\Program Files (x86)\Common Files\Oracle\Java\javapath;C:\app\TDV.Admin\product\11.2.0\client_1\bin;C:\Windows\system32;C:\Windows;C:\Windows\System32\Wbem;C:\Windows\System32\WindowsPowerShell\v1.0\;C:\Windows\System32\OpenSSH\;C:\Program Files\Git\cmd;C:\Java_Essentials\apache-maven-3.6.3\bin;C:\Program Files\nodejs\;C:\ProgramData\chocolatey\bin;C:\Program Files\dotnet\;C:\Program Files\MySQL\MySQL Shell 8.0\bin\;C:\Users\Erick.ferreira\.console-ninja\.bin;C:\Users\Erick.ferreira\AppData\Local\Microsoft\WindowsApps;C:\Users\Erick.ferreira\AppData\Local\Programs\Microsoft VS Code\bin;C:\Program Files\Java\jdk1.8.0_291\bin;C:\Users\Erick.ferreira\AppData\Roaming\npm;C:\Program Files\JetBrains\IntelliJ IDEA Community Edition 2024.1.4\bin;;C:\Users\Erick.ferreira\.dotnet\tools;.]
23-Jan-2025 16:04:37.362 INFO [main] org.apache.coyote.AbstractProtocol.init Initializing ProtocolHandler ["http-nio-8085"]
23-Jan-2025 16:04:37.389 INFO [main] org.apache.catalina.startup.Catalina.load Server initialization in [588] milliseconds
23-Jan-2025 16:04:37.456 INFO [main] org.apache.catalina.core.StandardService.startInternal Starting service [Catalina]
23-Jan-2025 16:04:37.456 INFO [main] org.apache.catalina.core.StandardEngine.startInternal Starting Servlet engine: [Apache Tomcat/10.1.26]
23-Jan-2025 16:04:37.473 INFO [main] org.apache.catalina.startup.HostConfig.deployDescriptor Deploying deployment descriptor [C:\Users\Erick.ferreira\Documents\workspace-jdk17\CitMobi2\src\conf\Catalina\localhost\citMobi2.xml]
23-Jan-2025 16:04:43.372 INFO [main] org.apache.jasper.servlet.TldScanner.scanJars At least one JAR was scanned for TLDs yet contained no TLDs. Enable debug logging for this logger for a complete list of JARs that were scanned but no TLDs were found in them. Skipping unneeded JARs during scanning can improve startup time and JSP compilation time.
23-Jan-2025 16:05:01.523 INFO [main] org.apache.catalina.startup.HostConfig.deployDescriptor Deployment of deployment descriptor [C:\Users\Erick.ferreira\Documents\workspace-jdk17\CitMobi2\src\conf\Catalina\localhost\citMobi2.xml] has finished in [24.049] ms
23-Jan-2025 16:05:01.528 INFO [main] org.apache.coyote.AbstractProtocol.start Starting ProtocolHandler ["http-nio-8085"]
23-Jan-2025 16:05:01.568 INFO [main] org.apache.catalina.startup.Catalina.start Server startup in [24178] milliseconds
23-Jan-2025 16:05:50.756 INFO [Thread-3] org.apache.coyote.AbstractProtocol.pause Pausing ProtocolHandler ["http-nio-8085"]
23-Jan-2025 16:05:50.953 INFO [Thread-3] org.apache.catalina.core.StandardService.stopInternal Stopping service [Catalina]
23-Jan-2025 16:05:51.075 INFO [Thread-3] org.apache.coyote.AbstractProtocol.stop Stopping ProtocolHandler ["http-nio-8085"]
23-Jan-2025 16:05:51.085 INFO [Thread-3] org.apache.coyote.AbstractProtocol.destroy Destroying ProtocolHandler ["http-nio-8085"]
23-Jan-2025 16:05:55.112 INFO [main] org.apache.catalina.startup.VersionLoggerListener.log Server version name:   Apache Tomcat/10.1.26
23-Jan-2025 16:05:55.116 INFO [main] org.apache.catalina.startup.VersionLoggerListener.log Server built:          Jul 7 2024 21:02:13 UTC
23-Jan-2025 16:05:55.117 INFO [main] org.apache.catalina.startup.VersionLoggerListener.log Server version number: 10.1.26.0
23-Jan-2025 16:05:55.117 INFO [main] org.apache.catalina.startup.VersionLoggerListener.log OS Name:               Windows 11
23-Jan-2025 16:05:55.117 INFO [main] org.apache.catalina.startup.VersionLoggerListener.log OS Version:            10.0
23-Jan-2025 16:05:55.117 INFO [main] org.apache.catalina.startup.VersionLoggerListener.log Architecture:          amd64
23-Jan-2025 16:05:55.117 INFO [main] org.apache.catalina.startup.VersionLoggerListener.log Java Home:             C:\Program Files\Java\jdk-17
23-Jan-2025 16:05:55.117 INFO [main] org.apache.catalina.startup.VersionLoggerListener.log JVM Version:           17.0.11+7-LTS-207
23-Jan-2025 16:05:55.117 INFO [main] org.apache.catalina.startup.VersionLoggerListener.log JVM Vendor:            Oracle Corporation
23-Jan-2025 16:05:55.117 INFO [main] org.apache.catalina.startup.VersionLoggerListener.log CATALINA_BASE:         C:\Users\Erick.ferreira\Documents\workspace-jdk17\CitMobi2\src
23-Jan-2025 16:05:55.117 INFO [main] org.apache.catalina.startup.VersionLoggerListener.log CATALINA_HOME:         C:\Program Files\Apache Software Foundation\Tomcat 10.1
23-Jan-2025 16:05:55.134 INFO [main] org.apache.catalina.startup.VersionLoggerListener.log Command line argument: --add-opens=java.base/java.lang=ALL-UNNAMED
23-Jan-2025 16:05:55.134 INFO [main] org.apache.catalina.startup.VersionLoggerListener.log Command line argument: --add-opens=java.base/java.io=ALL-UNNAMED
23-Jan-2025 16:05:55.134 INFO [main] org.apache.catalina.startup.VersionLoggerListener.log Command line argument: --add-opens=java.base/java.util=ALL-UNNAMED
23-Jan-2025 16:05:55.134 INFO [main] org.apache.catalina.startup.VersionLoggerListener.log Command line argument: --add-opens=java.base/java.util.concurrent=ALL-UNNAMED
23-Jan-2025 16:05:55.134 INFO [main] org.apache.catalina.startup.VersionLoggerListener.log Command line argument: --add-opens=java.rmi/sun.rmi.transport=ALL-UNNAMED
23-Jan-2025 16:05:55.135 INFO [main] org.apache.catalina.startup.VersionLoggerListener.log Command line argument: -Dcatalina.home=C:\Program Files\Apache Software Foundation\Tomcat 10.1
23-Jan-2025 16:05:55.135 INFO [main] org.apache.catalina.startup.VersionLoggerListener.log Command line argument: -Dcatalina.base=C:\Users\Erick.ferreira\Documents\workspace-jdk17\CitMobi2\src
23-Jan-2025 16:05:55.135 INFO [main] org.apache.catalina.startup.VersionLoggerListener.log Command line argument: -Djava.io.tmpdir=C:\Users\Erick.ferreira\Documents\workspace-jdk17\CitMobi2\src\temp
23-Jan-2025 16:05:55.135 INFO [main] org.apache.catalina.startup.VersionLoggerListener.log Command line argument: -Djava.util.logging.config.file=C:\Users\Erick.ferreira\Documents\workspace-jdk17\CitMobi2\src\conf\logging.properties
23-Jan-2025 16:05:55.135 INFO [main] org.apache.catalina.startup.VersionLoggerListener.log Command line argument: -Djava.util.logging.manager=org.apache.juli.ClassLoaderLogManager
23-Jan-2025 16:05:55.135 INFO [main] org.apache.catalina.startup.VersionLoggerListener.log Command line argument: -javaagent:C:\Program Files\JetBrains\IntelliJ IDEA Community Edition 2024.1.4\lib\idea_rt.jar=53539:C:\Program Files\JetBrains\IntelliJ IDEA Community Edition 2024.1.4\bin
23-Jan-2025 16:05:55.135 INFO [main] org.apache.catalina.startup.VersionLoggerListener.log Command line argument: -Dfile.encoding=UTF-8
23-Jan-2025 16:05:55.145 INFO [main] org.apache.catalina.core.AprLifecycleListener.lifecycleEvent The Apache Tomcat Native library which allows using OpenSSL was not found on the java.library.path: [C:\Program Files\Java\jdk-17\bin;C:\Windows\Sun\Java\bin;C:\Windows\system32;C:\Windows;C:\Program Files\Common Files\Oracle\Java\javapath;C:\Python312\Scripts\;C:\Python312\;C:\Program Files (x86)\Common Files\Oracle\Java\javapath;C:\app\TDV.Admin\product\11.2.0\client_1\bin;C:\Windows\system32;C:\Windows;C:\Windows\System32\Wbem;C:\Windows\System32\WindowsPowerShell\v1.0\;C:\Windows\System32\OpenSSH\;C:\Program Files\Git\cmd;C:\Java_Essentials\apache-maven-3.6.3\bin;C:\Program Files\nodejs\;C:\ProgramData\chocolatey\bin;C:\Program Files\dotnet\;C:\Program Files\MySQL\MySQL Shell 8.0\bin\;C:\Users\Erick.ferreira\.console-ninja\.bin;C:\Users\Erick.ferreira\AppData\Local\Microsoft\WindowsApps;C:\Users\Erick.ferreira\AppData\Local\Programs\Microsoft VS Code\bin;C:\Program Files\Java\jdk1.8.0_291\bin;C:\Users\Erick.ferreira\AppData\Roaming\npm;C:\Program Files\JetBrains\IntelliJ IDEA Community Edition 2024.1.4\bin;;C:\Users\Erick.ferreira\.dotnet\tools;.]
23-Jan-2025 16:05:55.426 INFO [main] org.apache.coyote.AbstractProtocol.init Initializing ProtocolHandler ["http-nio-8085"]
23-Jan-2025 16:05:55.447 INFO [main] org.apache.catalina.startup.Catalina.load Server initialization in [562] milliseconds
23-Jan-2025 16:05:55.504 INFO [main] org.apache.catalina.core.StandardService.startInternal Starting service [Catalina]
23-Jan-2025 16:05:55.504 INFO [main] org.apache.catalina.core.StandardEngine.startInternal Starting Servlet engine: [Apache Tomcat/10.1.26]
23-Jan-2025 16:05:55.520 INFO [main] org.apache.catalina.startup.HostConfig.deployDescriptor Deploying deployment descriptor [C:\Users\Erick.ferreira\Documents\workspace-jdk17\CitMobi2\src\conf\Catalina\localhost\citMobi2.xml]
23-Jan-2025 16:06:01.565 INFO [main] org.apache.jasper.servlet.TldScanner.scanJars At least one JAR was scanned for TLDs yet contained no TLDs. Enable debug logging for this logger for a complete list of JARs that were scanned but no TLDs were found in them. Skipping unneeded JARs during scanning can improve startup time and JSP compilation time.
23-Jan-2025 16:06:20.116 INFO [main] org.apache.catalina.startup.HostConfig.deployDescriptor Deployment of deployment descriptor [C:\Users\Erick.ferreira\Documents\workspace-jdk17\CitMobi2\src\conf\Catalina\localhost\citMobi2.xml] has finished in [24.595] ms
23-Jan-2025 16:06:20.121 INFO [main] org.apache.coyote.AbstractProtocol.start Starting ProtocolHandler ["http-nio-8085"]
23-Jan-2025 16:06:20.168 INFO [main] org.apache.catalina.startup.Catalina.start Server startup in [24721] milliseconds
23-Jan-2025 16:28:54.497 INFO [Thread-3] org.apache.coyote.AbstractProtocol.pause Pausing ProtocolHandler ["http-nio-8085"]
23-Jan-2025 16:28:54.678 INFO [Thread-3] org.apache.catalina.core.StandardService.stopInternal Stopping service [Catalina]
23-Jan-2025 16:29:00.445 INFO [main] org.apache.catalina.startup.VersionLoggerListener.log Server version name:   Apache Tomcat/10.1.26
23-Jan-2025 16:29:00.450 INFO [main] org.apache.catalina.startup.VersionLoggerListener.log Server built:          Jul 7 2024 21:02:13 UTC
23-Jan-2025 16:29:00.451 INFO [main] org.apache.catalina.startup.VersionLoggerListener.log Server version number: 10.1.26.0
23-Jan-2025 16:29:00.451 INFO [main] org.apache.catalina.startup.VersionLoggerListener.log OS Name:               Windows 11
23-Jan-2025 16:29:00.451 INFO [main] org.apache.catalina.startup.VersionLoggerListener.log OS Version:            10.0
23-Jan-2025 16:29:00.451 INFO [main] org.apache.catalina.startup.VersionLoggerListener.log Architecture:          amd64
23-Jan-2025 16:29:00.451 INFO [main] org.apache.catalina.startup.VersionLoggerListener.log Java Home:             C:\Program Files\Java\jdk-17
23-Jan-2025 16:29:00.451 INFO [main] org.apache.catalina.startup.VersionLoggerListener.log JVM Version:           17.0.11+7-LTS-207
23-Jan-2025 16:29:00.452 INFO [main] org.apache.catalina.startup.VersionLoggerListener.log JVM Vendor:            Oracle Corporation
23-Jan-2025 16:29:00.452 INFO [main] org.apache.catalina.startup.VersionLoggerListener.log CATALINA_BASE:         C:\Users\Erick.ferreira\Documents\workspace-jdk17\CitMobi2\src
23-Jan-2025 16:29:00.452 INFO [main] org.apache.catalina.startup.VersionLoggerListener.log CATALINA_HOME:         C:\Program Files\Apache Software Foundation\Tomcat 10.1
23-Jan-2025 16:29:00.466 INFO [main] org.apache.catalina.startup.VersionLoggerListener.log Command line argument: --add-opens=java.base/java.lang=ALL-UNNAMED
23-Jan-2025 16:29:00.466 INFO [main] org.apache.catalina.startup.VersionLoggerListener.log Command line argument: --add-opens=java.base/java.io=ALL-UNNAMED
23-Jan-2025 16:29:00.467 INFO [main] org.apache.catalina.startup.VersionLoggerListener.log Command line argument: --add-opens=java.base/java.util=ALL-UNNAMED
23-Jan-2025 16:29:00.467 INFO [main] org.apache.catalina.startup.VersionLoggerListener.log Command line argument: --add-opens=java.base/java.util.concurrent=ALL-UNNAMED
23-Jan-2025 16:29:00.467 INFO [main] org.apache.catalina.startup.VersionLoggerListener.log Command line argument: --add-opens=java.rmi/sun.rmi.transport=ALL-UNNAMED
23-Jan-2025 16:29:00.467 INFO [main] org.apache.catalina.startup.VersionLoggerListener.log Command line argument: -agentlib:jdwp=transport=dt_socket,address=127.0.0.1:54183,suspend=y,server=n
23-Jan-2025 16:29:00.467 INFO [main] org.apache.catalina.startup.VersionLoggerListener.log Command line argument: -Dcatalina.home=C:\Program Files\Apache Software Foundation\Tomcat 10.1
23-Jan-2025 16:29:00.467 INFO [main] org.apache.catalina.startup.VersionLoggerListener.log Command line argument: -Dcatalina.base=C:\Users\Erick.ferreira\Documents\workspace-jdk17\CitMobi2\src
23-Jan-2025 16:29:00.467 INFO [main] org.apache.catalina.startup.VersionLoggerListener.log Command line argument: -Djava.io.tmpdir=C:\Users\Erick.ferreira\Documents\workspace-jdk17\CitMobi2\src\temp
23-Jan-2025 16:29:00.467 INFO [main] org.apache.catalina.startup.VersionLoggerListener.log Command line argument: -Djava.util.logging.config.file=C:\Users\Erick.ferreira\Documents\workspace-jdk17\CitMobi2\src\conf\logging.properties
23-Jan-2025 16:29:00.467 INFO [main] org.apache.catalina.startup.VersionLoggerListener.log Command line argument: -Djava.util.logging.manager=org.apache.juli.ClassLoaderLogManager
23-Jan-2025 16:29:00.467 INFO [main] org.apache.catalina.startup.VersionLoggerListener.log Command line argument: -javaagent:C:\Users\Erick.ferreira\AppData\Local\JetBrains\IdeaIC2024.1\captureAgent\debugger-agent.jar
23-Jan-2025 16:29:00.467 INFO [main] org.apache.catalina.startup.VersionLoggerListener.log Command line argument: -Dfile.encoding=UTF-8
23-Jan-2025 16:29:00.478 INFO [main] org.apache.catalina.core.AprLifecycleListener.lifecycleEvent The Apache Tomcat Native library which allows using OpenSSL was not found on the java.library.path: [C:\Program Files\Java\jdk-17\bin;C:\Windows\Sun\Java\bin;C:\Windows\system32;C:\Windows;C:\Program Files\Common Files\Oracle\Java\javapath;C:\Python312\Scripts\;C:\Python312\;C:\Program Files (x86)\Common Files\Oracle\Java\javapath;C:\app\TDV.Admin\product\11.2.0\client_1\bin;C:\Windows\system32;C:\Windows;C:\Windows\System32\Wbem;C:\Windows\System32\WindowsPowerShell\v1.0\;C:\Windows\System32\OpenSSH\;C:\Program Files\Git\cmd;C:\Java_Essentials\apache-maven-3.6.3\bin;C:\Program Files\nodejs\;C:\ProgramData\chocolatey\bin;C:\Program Files\dotnet\;C:\Program Files\MySQL\MySQL Shell 8.0\bin\;C:\Users\Erick.ferreira\.console-ninja\.bin;C:\Users\Erick.ferreira\AppData\Local\Microsoft\WindowsApps;C:\Users\Erick.ferreira\AppData\Local\Programs\Microsoft VS Code\bin;C:\Program Files\Java\jdk1.8.0_291\bin;C:\Users\Erick.ferreira\AppData\Roaming\npm;C:\Program Files\JetBrains\IntelliJ IDEA Community Edition 2024.1.4\bin;;C:\Users\Erick.ferreira\.dotnet\tools;.]
23-Jan-2025 16:29:00.739 INFO [main] org.apache.coyote.AbstractProtocol.init Initializing ProtocolHandler ["http-nio-8085"]
23-Jan-2025 16:29:00.833 INFO [main] org.apache.catalina.startup.Catalina.load Server initialization in [593] milliseconds
23-Jan-2025 16:29:00.890 INFO [main] org.apache.catalina.core.StandardService.startInternal Starting service [Catalina]
23-Jan-2025 16:29:00.890 INFO [main] org.apache.catalina.core.StandardEngine.startInternal Starting Servlet engine: [Apache Tomcat/10.1.26]
23-Jan-2025 16:29:00.914 INFO [main] org.apache.catalina.startup.HostConfig.deployDescriptor Deploying deployment descriptor [C:\Users\Erick.ferreira\Documents\workspace-jdk17\CitMobi2\src\conf\Catalina\localhost\citMobi2.xml]
23-Jan-2025 16:29:13.068 INFO [main] org.apache.jasper.servlet.TldScanner.scanJars At least one JAR was scanned for TLDs yet contained no TLDs. Enable debug logging for this logger for a complete list of JARs that were scanned but no TLDs were found in them. Skipping unneeded JARs during scanning can improve startup time and JSP compilation time.
23-Jan-2025 16:29:35.390 INFO [main] org.apache.catalina.startup.HostConfig.deployDescriptor Deployment of deployment descriptor [C:\Users\Erick.ferreira\Documents\workspace-jdk17\CitMobi2\src\conf\Catalina\localhost\citMobi2.xml] has finished in [34.475] ms
23-Jan-2025 16:29:35.396 INFO [main] org.apache.coyote.AbstractProtocol.start Starting ProtocolHandler ["http-nio-8085"]
23-Jan-2025 16:29:35.442 INFO [main] org.apache.catalina.startup.Catalina.start Server startup in [34608] milliseconds
