16-Jan-2025 10:46:42.130 INFO [main] org.apache.catalina.startup.VersionLoggerListener.log Server version name:   Apache Tomcat/10.1.26
16-Jan-2025 10:46:42.135 INFO [main] org.apache.catalina.startup.VersionLoggerListener.log Server built:          Jul 7 2024 21:02:13 UTC
16-Jan-2025 10:46:42.135 INFO [main] org.apache.catalina.startup.VersionLoggerListener.log Server version number: 10.1.26.0
16-Jan-2025 10:46:42.136 INFO [main] org.apache.catalina.startup.VersionLoggerListener.log OS Name:               Windows 11
16-Jan-2025 10:46:42.136 INFO [main] org.apache.catalina.startup.VersionLoggerListener.log OS Version:            10.0
16-Jan-2025 10:46:42.136 INFO [main] org.apache.catalina.startup.VersionLoggerListener.log Architecture:          amd64
16-Jan-2025 10:46:42.136 INFO [main] org.apache.catalina.startup.VersionLoggerListener.log Java Home:             C:\Program Files\Java\jdk-17
16-Jan-2025 10:46:42.136 INFO [main] org.apache.catalina.startup.VersionLoggerListener.log JVM Version:           17.0.11+7-LTS-207
16-Jan-2025 10:46:42.136 INFO [main] org.apache.catalina.startup.VersionLoggerListener.log JVM Vendor:            Oracle Corporation
16-Jan-2025 10:46:42.136 INFO [main] org.apache.catalina.startup.VersionLoggerListener.log CATALINA_BASE:         C:\Users\Erick.ferreira\Documents\workspace-jdk17\CitMobi2\src
16-Jan-2025 10:46:42.136 INFO [main] org.apache.catalina.startup.VersionLoggerListener.log CATALINA_HOME:         C:\Program Files\Apache Software Foundation\Tomcat 10.1
16-Jan-2025 10:46:42.156 INFO [main] org.apache.catalina.startup.VersionLoggerListener.log Command line argument: --add-opens=java.base/java.lang=ALL-UNNAMED
16-Jan-2025 10:46:42.156 INFO [main] org.apache.catalina.startup.VersionLoggerListener.log Command line argument: --add-opens=java.base/java.io=ALL-UNNAMED
16-Jan-2025 10:46:42.156 INFO [main] org.apache.catalina.startup.VersionLoggerListener.log Command line argument: --add-opens=java.base/java.util=ALL-UNNAMED
16-Jan-2025 10:46:42.156 INFO [main] org.apache.catalina.startup.VersionLoggerListener.log Command line argument: --add-opens=java.base/java.util.concurrent=ALL-UNNAMED
16-Jan-2025 10:46:42.156 INFO [main] org.apache.catalina.startup.VersionLoggerListener.log Command line argument: --add-opens=java.rmi/sun.rmi.transport=ALL-UNNAMED
16-Jan-2025 10:46:42.156 INFO [main] org.apache.catalina.startup.VersionLoggerListener.log Command line argument: -Dcatalina.home=C:\Program Files\Apache Software Foundation\Tomcat 10.1
16-Jan-2025 10:46:42.157 INFO [main] org.apache.catalina.startup.VersionLoggerListener.log Command line argument: -Dcatalina.base=C:\Users\Erick.ferreira\Documents\workspace-jdk17\CitMobi2\src
16-Jan-2025 10:46:42.157 INFO [main] org.apache.catalina.startup.VersionLoggerListener.log Command line argument: -Djava.io.tmpdir=C:\Users\Erick.ferreira\Documents\workspace-jdk17\CitMobi2\src\temp
16-Jan-2025 10:46:42.157 INFO [main] org.apache.catalina.startup.VersionLoggerListener.log Command line argument: -Djava.util.logging.config.file=C:\Users\Erick.ferreira\Documents\workspace-jdk17\CitMobi2\src\conf\logging.properties
16-Jan-2025 10:46:42.157 INFO [main] org.apache.catalina.startup.VersionLoggerListener.log Command line argument: -Djava.util.logging.manager=org.apache.juli.ClassLoaderLogManager
16-Jan-2025 10:46:42.157 INFO [main] org.apache.catalina.startup.VersionLoggerListener.log Command line argument: -javaagent:C:\Program Files\JetBrains\IntelliJ IDEA Community Edition 2024.1.4\lib\idea_rt.jar=51975:C:\Program Files\JetBrains\IntelliJ IDEA Community Edition 2024.1.4\bin
16-Jan-2025 10:46:42.157 INFO [main] org.apache.catalina.startup.VersionLoggerListener.log Command line argument: -Dfile.encoding=UTF-8
16-Jan-2025 10:46:42.168 INFO [main] org.apache.catalina.core.AprLifecycleListener.lifecycleEvent The Apache Tomcat Native library which allows using OpenSSL was not found on the java.library.path: [C:\Program Files\Java\jdk-17\bin;C:\Windows\Sun\Java\bin;C:\Windows\system32;C:\Windows;C:\Program Files\Common Files\Oracle\Java\javapath;C:\Python312\Scripts\;C:\Python312\;C:\Program Files (x86)\Common Files\Oracle\Java\javapath;C:\app\TDV.Admin\product\11.2.0\client_1\bin;C:\Windows\system32;C:\Windows;C:\Windows\System32\Wbem;C:\Windows\System32\WindowsPowerShell\v1.0\;C:\Windows\System32\OpenSSH\;C:\Program Files\Git\cmd;C:\Java_Essentials\apache-maven-3.6.3\bin;C:\Program Files\nodejs\;C:\ProgramData\chocolatey\bin;C:\Program Files\dotnet\;C:\Program Files\MySQL\MySQL Shell 8.0\bin\;C:\Users\Erick.ferreira\.console-ninja\.bin;C:\Users\Erick.ferreira\AppData\Local\Microsoft\WindowsApps;C:\Users\Erick.ferreira\AppData\Local\Programs\Microsoft VS Code\bin;C:\Program Files\Java\jdk1.8.0_291\bin;C:\Users\Erick.ferreira\AppData\Roaming\npm;C:\Program Files\JetBrains\IntelliJ IDEA Community Edition 2024.1.4\bin;;C:\Users\Erick.ferreira\.dotnet\tools;.]
16-Jan-2025 10:46:42.515 INFO [main] org.apache.coyote.AbstractProtocol.init Initializing ProtocolHandler ["http-nio-8085"]
16-Jan-2025 10:46:42.537 INFO [main] org.apache.catalina.startup.Catalina.load Server initialization in [659] milliseconds
16-Jan-2025 10:46:42.590 INFO [main] org.apache.catalina.core.StandardService.startInternal Starting service [Catalina]
16-Jan-2025 10:46:42.590 INFO [main] org.apache.catalina.core.StandardEngine.startInternal Starting Servlet engine: [Apache Tomcat/10.1.26]
16-Jan-2025 10:46:42.604 INFO [main] org.apache.catalina.startup.HostConfig.deployDescriptor Deploying deployment descriptor [C:\Users\Erick.ferreira\Documents\workspace-jdk17\CitMobi2\src\conf\Catalina\localhost\citMobi2.xml]
16-Jan-2025 11:26:05.005 INFO [main] org.apache.catalina.startup.VersionLoggerListener.log Server version name:   Apache Tomcat/10.1.26
16-Jan-2025 11:26:05.010 INFO [main] org.apache.catalina.startup.VersionLoggerListener.log Server built:          Jul 7 2024 21:02:13 UTC
16-Jan-2025 11:26:05.010 INFO [main] org.apache.catalina.startup.VersionLoggerListener.log Server version number: 10.1.26.0
16-Jan-2025 11:26:05.010 INFO [main] org.apache.catalina.startup.VersionLoggerListener.log OS Name:               Windows 11
16-Jan-2025 11:26:05.010 INFO [main] org.apache.catalina.startup.VersionLoggerListener.log OS Version:            10.0
16-Jan-2025 11:26:05.010 INFO [main] org.apache.catalina.startup.VersionLoggerListener.log Architecture:          amd64
16-Jan-2025 11:26:05.011 INFO [main] org.apache.catalina.startup.VersionLoggerListener.log Java Home:             C:\Program Files\Java\jdk-17
16-Jan-2025 11:26:05.011 INFO [main] org.apache.catalina.startup.VersionLoggerListener.log JVM Version:           17.0.11+7-LTS-207
16-Jan-2025 11:26:05.011 INFO [main] org.apache.catalina.startup.VersionLoggerListener.log JVM Vendor:            Oracle Corporation
16-Jan-2025 11:26:05.011 INFO [main] org.apache.catalina.startup.VersionLoggerListener.log CATALINA_BASE:         C:\Users\Erick.ferreira\Documents\workspace-jdk17\CitMobi2\src
16-Jan-2025 11:26:05.011 INFO [main] org.apache.catalina.startup.VersionLoggerListener.log CATALINA_HOME:         C:\Program Files\Apache Software Foundation\Tomcat 10.1
16-Jan-2025 11:26:05.027 INFO [main] org.apache.catalina.startup.VersionLoggerListener.log Command line argument: --add-opens=java.base/java.lang=ALL-UNNAMED
16-Jan-2025 11:26:05.027 INFO [main] org.apache.catalina.startup.VersionLoggerListener.log Command line argument: --add-opens=java.base/java.io=ALL-UNNAMED
16-Jan-2025 11:26:05.027 INFO [main] org.apache.catalina.startup.VersionLoggerListener.log Command line argument: --add-opens=java.base/java.util=ALL-UNNAMED
16-Jan-2025 11:26:05.027 INFO [main] org.apache.catalina.startup.VersionLoggerListener.log Command line argument: --add-opens=java.base/java.util.concurrent=ALL-UNNAMED
16-Jan-2025 11:26:05.027 INFO [main] org.apache.catalina.startup.VersionLoggerListener.log Command line argument: --add-opens=java.rmi/sun.rmi.transport=ALL-UNNAMED
16-Jan-2025 11:26:05.027 INFO [main] org.apache.catalina.startup.VersionLoggerListener.log Command line argument: -Dcatalina.home=C:\Program Files\Apache Software Foundation\Tomcat 10.1
16-Jan-2025 11:26:05.027 INFO [main] org.apache.catalina.startup.VersionLoggerListener.log Command line argument: -Dcatalina.base=C:\Users\Erick.ferreira\Documents\workspace-jdk17\CitMobi2\src
16-Jan-2025 11:26:05.027 INFO [main] org.apache.catalina.startup.VersionLoggerListener.log Command line argument: -Djava.io.tmpdir=C:\Users\Erick.ferreira\Documents\workspace-jdk17\CitMobi2\src\temp
16-Jan-2025 11:26:05.027 INFO [main] org.apache.catalina.startup.VersionLoggerListener.log Command line argument: -Djava.util.logging.config.file=C:\Users\Erick.ferreira\Documents\workspace-jdk17\CitMobi2\src\conf\logging.properties
16-Jan-2025 11:26:05.027 INFO [main] org.apache.catalina.startup.VersionLoggerListener.log Command line argument: -Djava.util.logging.manager=org.apache.juli.ClassLoaderLogManager
16-Jan-2025 11:26:05.027 INFO [main] org.apache.catalina.startup.VersionLoggerListener.log Command line argument: -javaagent:C:\Program Files\JetBrains\IntelliJ IDEA Community Edition 2024.1.4\lib\idea_rt.jar=49847:C:\Program Files\JetBrains\IntelliJ IDEA Community Edition 2024.1.4\bin
16-Jan-2025 11:26:05.028 INFO [main] org.apache.catalina.startup.VersionLoggerListener.log Command line argument: -Dfile.encoding=UTF-8
16-Jan-2025 11:26:05.037 INFO [main] org.apache.catalina.core.AprLifecycleListener.lifecycleEvent The Apache Tomcat Native library which allows using OpenSSL was not found on the java.library.path: [C:\Program Files\Java\jdk-17\bin;C:\Windows\Sun\Java\bin;C:\Windows\system32;C:\Windows;C:\Program Files\Common Files\Oracle\Java\javapath;C:\Python312\Scripts\;C:\Python312\;C:\Program Files (x86)\Common Files\Oracle\Java\javapath;C:\app\TDV.Admin\product\11.2.0\client_1\bin;C:\Windows\system32;C:\Windows;C:\Windows\System32\Wbem;C:\Windows\System32\WindowsPowerShell\v1.0\;C:\Windows\System32\OpenSSH\;C:\Program Files\Git\cmd;C:\Java_Essentials\apache-maven-3.6.3\bin;C:\Program Files\nodejs\;C:\ProgramData\chocolatey\bin;C:\Program Files\dotnet\;C:\Program Files\MySQL\MySQL Shell 8.0\bin\;C:\Users\Erick.ferreira\.console-ninja\.bin;C:\Users\Erick.ferreira\AppData\Local\Microsoft\WindowsApps;C:\Users\Erick.ferreira\AppData\Local\Programs\Microsoft VS Code\bin;C:\Program Files\Java\jdk1.8.0_291\bin;C:\Users\Erick.ferreira\AppData\Roaming\npm;C:\Program Files\JetBrains\IntelliJ IDEA Community Edition 2024.1.4\bin;;C:\Users\Erick.ferreira\.dotnet\tools;.]
16-Jan-2025 11:26:05.350 INFO [main] org.apache.coyote.AbstractProtocol.init Initializing ProtocolHandler ["http-nio-8085"]
16-Jan-2025 11:26:05.374 INFO [main] org.apache.catalina.startup.Catalina.load Server initialization in [592] milliseconds
16-Jan-2025 11:26:05.435 INFO [main] org.apache.catalina.core.StandardService.startInternal Starting service [Catalina]
16-Jan-2025 11:26:05.435 INFO [main] org.apache.catalina.core.StandardEngine.startInternal Starting Servlet engine: [Apache Tomcat/10.1.26]
16-Jan-2025 11:26:05.452 INFO [main] org.apache.catalina.startup.HostConfig.deployDescriptor Deploying deployment descriptor [C:\Users\Erick.ferreira\Documents\workspace-jdk17\CitMobi2\src\conf\Catalina\localhost\citMobi2.xml]
16-Jan-2025 11:26:11.823 INFO [main] org.apache.jasper.servlet.TldScanner.scanJars At least one JAR was scanned for TLDs yet contained no TLDs. Enable debug logging for this logger for a complete list of JARs that were scanned but no TLDs were found in them. Skipping unneeded JARs during scanning can improve startup time and JSP compilation time.
16-Jan-2025 11:26:29.767 INFO [main] org.apache.catalina.startup.HostConfig.deployDescriptor Deployment of deployment descriptor [C:\Users\Erick.ferreira\Documents\workspace-jdk17\CitMobi2\src\conf\Catalina\localhost\citMobi2.xml] has finished in [24.315] ms
16-Jan-2025 11:26:29.773 INFO [main] org.apache.coyote.AbstractProtocol.start Starting ProtocolHandler ["http-nio-8085"]
16-Jan-2025 11:26:29.807 INFO [main] org.apache.catalina.startup.Catalina.start Server startup in [24431] milliseconds
16-Jan-2025 11:33:36.438 INFO [Thread-3] org.apache.coyote.AbstractProtocol.pause Pausing ProtocolHandler ["http-nio-8085"]
16-Jan-2025 11:33:36.609 INFO [Thread-3] org.apache.catalina.core.StandardService.stopInternal Stopping service [Catalina]
16-Jan-2025 11:33:36.730 INFO [Thread-3] org.apache.coyote.AbstractProtocol.stop Stopping ProtocolHandler ["http-nio-8085"]
16-Jan-2025 11:33:36.741 INFO [Thread-3] org.apache.coyote.AbstractProtocol.destroy Destroying ProtocolHandler ["http-nio-8085"]
16-Jan-2025 11:36:08.844 INFO [main] org.apache.catalina.startup.VersionLoggerListener.log Server version name:   Apache Tomcat/10.1.26
16-Jan-2025 11:36:08.848 INFO [main] org.apache.catalina.startup.VersionLoggerListener.log Server built:          Jul 7 2024 21:02:13 UTC
16-Jan-2025 11:36:08.849 INFO [main] org.apache.catalina.startup.VersionLoggerListener.log Server version number: 10.1.26.0
16-Jan-2025 11:36:08.849 INFO [main] org.apache.catalina.startup.VersionLoggerListener.log OS Name:               Windows 11
16-Jan-2025 11:36:08.849 INFO [main] org.apache.catalina.startup.VersionLoggerListener.log OS Version:            10.0
16-Jan-2025 11:36:08.849 INFO [main] org.apache.catalina.startup.VersionLoggerListener.log Architecture:          amd64
16-Jan-2025 11:36:08.849 INFO [main] org.apache.catalina.startup.VersionLoggerListener.log Java Home:             C:\Program Files\Java\jdk-17
16-Jan-2025 11:36:08.849 INFO [main] org.apache.catalina.startup.VersionLoggerListener.log JVM Version:           17.0.11+7-LTS-207
16-Jan-2025 11:36:08.849 INFO [main] org.apache.catalina.startup.VersionLoggerListener.log JVM Vendor:            Oracle Corporation
16-Jan-2025 11:36:08.849 INFO [main] org.apache.catalina.startup.VersionLoggerListener.log CATALINA_BASE:         C:\Users\Erick.ferreira\Documents\workspace-jdk17\CitMobi2\src
16-Jan-2025 11:36:08.850 INFO [main] org.apache.catalina.startup.VersionLoggerListener.log CATALINA_HOME:         C:\Program Files\Apache Software Foundation\Tomcat 10.1
16-Jan-2025 11:36:08.866 INFO [main] org.apache.catalina.startup.VersionLoggerListener.log Command line argument: --add-opens=java.base/java.lang=ALL-UNNAMED
16-Jan-2025 11:36:08.867 INFO [main] org.apache.catalina.startup.VersionLoggerListener.log Command line argument: --add-opens=java.base/java.io=ALL-UNNAMED
16-Jan-2025 11:36:08.867 INFO [main] org.apache.catalina.startup.VersionLoggerListener.log Command line argument: --add-opens=java.base/java.util=ALL-UNNAMED
16-Jan-2025 11:36:08.867 INFO [main] org.apache.catalina.startup.VersionLoggerListener.log Command line argument: --add-opens=java.base/java.util.concurrent=ALL-UNNAMED
16-Jan-2025 11:36:08.867 INFO [main] org.apache.catalina.startup.VersionLoggerListener.log Command line argument: --add-opens=java.rmi/sun.rmi.transport=ALL-UNNAMED
16-Jan-2025 11:36:08.867 INFO [main] org.apache.catalina.startup.VersionLoggerListener.log Command line argument: -Dcatalina.home=C:\Program Files\Apache Software Foundation\Tomcat 10.1
16-Jan-2025 11:36:08.867 INFO [main] org.apache.catalina.startup.VersionLoggerListener.log Command line argument: -Dcatalina.base=C:\Users\Erick.ferreira\Documents\workspace-jdk17\CitMobi2\src
16-Jan-2025 11:36:08.867 INFO [main] org.apache.catalina.startup.VersionLoggerListener.log Command line argument: -Djava.io.tmpdir=C:\Users\Erick.ferreira\Documents\workspace-jdk17\CitMobi2\src\temp
16-Jan-2025 11:36:08.867 INFO [main] org.apache.catalina.startup.VersionLoggerListener.log Command line argument: -Djava.util.logging.config.file=C:\Users\Erick.ferreira\Documents\workspace-jdk17\CitMobi2\src\conf\logging.properties
16-Jan-2025 11:36:08.867 INFO [main] org.apache.catalina.startup.VersionLoggerListener.log Command line argument: -Djava.util.logging.manager=org.apache.juli.ClassLoaderLogManager
16-Jan-2025 11:36:08.867 INFO [main] org.apache.catalina.startup.VersionLoggerListener.log Command line argument: -javaagent:C:\Program Files\JetBrains\IntelliJ IDEA Community Edition 2024.1.4\lib\idea_rt.jar=50079:C:\Program Files\JetBrains\IntelliJ IDEA Community Edition 2024.1.4\bin
16-Jan-2025 11:36:08.867 INFO [main] org.apache.catalina.startup.VersionLoggerListener.log Command line argument: -Dfile.encoding=UTF-8
16-Jan-2025 11:36:08.874 INFO [main] org.apache.catalina.core.AprLifecycleListener.lifecycleEvent The Apache Tomcat Native library which allows using OpenSSL was not found on the java.library.path: [C:\Program Files\Java\jdk-17\bin;C:\Windows\Sun\Java\bin;C:\Windows\system32;C:\Windows;C:\Program Files\Common Files\Oracle\Java\javapath;C:\Python312\Scripts\;C:\Python312\;C:\Program Files (x86)\Common Files\Oracle\Java\javapath;C:\app\TDV.Admin\product\11.2.0\client_1\bin;C:\Windows\system32;C:\Windows;C:\Windows\System32\Wbem;C:\Windows\System32\WindowsPowerShell\v1.0\;C:\Windows\System32\OpenSSH\;C:\Program Files\Git\cmd;C:\Java_Essentials\apache-maven-3.6.3\bin;C:\Program Files\nodejs\;C:\ProgramData\chocolatey\bin;C:\Program Files\dotnet\;C:\Program Files\MySQL\MySQL Shell 8.0\bin\;C:\Users\Erick.ferreira\.console-ninja\.bin;C:\Users\Erick.ferreira\AppData\Local\Microsoft\WindowsApps;C:\Users\Erick.ferreira\AppData\Local\Programs\Microsoft VS Code\bin;C:\Program Files\Java\jdk1.8.0_291\bin;C:\Users\Erick.ferreira\AppData\Roaming\npm;C:\Program Files\JetBrains\IntelliJ IDEA Community Edition 2024.1.4\bin;;C:\Users\Erick.ferreira\.dotnet\tools;.]
16-Jan-2025 11:36:09.181 INFO [main] org.apache.coyote.AbstractProtocol.init Initializing ProtocolHandler ["http-nio-8085"]
16-Jan-2025 11:36:09.210 INFO [main] org.apache.catalina.startup.Catalina.load Server initialization in [585] milliseconds
16-Jan-2025 11:36:09.283 INFO [main] org.apache.catalina.core.StandardService.startInternal Starting service [Catalina]
16-Jan-2025 11:36:09.284 INFO [main] org.apache.catalina.core.StandardEngine.startInternal Starting Servlet engine: [Apache Tomcat/10.1.26]
16-Jan-2025 11:36:09.302 INFO [main] org.apache.catalina.startup.HostConfig.deployDescriptor Deploying deployment descriptor [C:\Users\Erick.ferreira\Documents\workspace-jdk17\CitMobi2\src\conf\Catalina\localhost\citMobi2.xml]
16-Jan-2025 11:36:15.848 INFO [main] org.apache.jasper.servlet.TldScanner.scanJars At least one JAR was scanned for TLDs yet contained no TLDs. Enable debug logging for this logger for a complete list of JARs that were scanned but no TLDs were found in them. Skipping unneeded JARs during scanning can improve startup time and JSP compilation time.
16-Jan-2025 11:36:35.314 INFO [main] org.apache.catalina.startup.HostConfig.deployDescriptor Deployment of deployment descriptor [C:\Users\Erick.ferreira\Documents\workspace-jdk17\CitMobi2\src\conf\Catalina\localhost\citMobi2.xml] has finished in [26.012] ms
16-Jan-2025 11:36:35.318 INFO [main] org.apache.coyote.AbstractProtocol.start Starting ProtocolHandler ["http-nio-8085"]
16-Jan-2025 11:36:35.352 INFO [main] org.apache.catalina.startup.Catalina.start Server startup in [26141] milliseconds
16-Jan-2025 11:36:55.361 INFO [Thread-3] org.apache.coyote.AbstractProtocol.pause Pausing ProtocolHandler ["http-nio-8085"]
16-Jan-2025 11:36:55.544 INFO [Thread-3] org.apache.catalina.core.StandardService.stopInternal Stopping service [Catalina]
16-Jan-2025 11:37:01.709 INFO [main] org.apache.catalina.startup.VersionLoggerListener.log Server version name:   Apache Tomcat/10.1.26
16-Jan-2025 11:37:01.714 INFO [main] org.apache.catalina.startup.VersionLoggerListener.log Server built:          Jul 7 2024 21:02:13 UTC
16-Jan-2025 11:37:01.715 INFO [main] org.apache.catalina.startup.VersionLoggerListener.log Server version number: 10.1.26.0
16-Jan-2025 11:37:01.715 INFO [main] org.apache.catalina.startup.VersionLoggerListener.log OS Name:               Windows 11
16-Jan-2025 11:37:01.715 INFO [main] org.apache.catalina.startup.VersionLoggerListener.log OS Version:            10.0
16-Jan-2025 11:37:01.715 INFO [main] org.apache.catalina.startup.VersionLoggerListener.log Architecture:          amd64
16-Jan-2025 11:37:01.715 INFO [main] org.apache.catalina.startup.VersionLoggerListener.log Java Home:             C:\Program Files\Java\jdk-17
16-Jan-2025 11:37:01.715 INFO [main] org.apache.catalina.startup.VersionLoggerListener.log JVM Version:           17.0.11+7-LTS-207
16-Jan-2025 11:37:01.716 INFO [main] org.apache.catalina.startup.VersionLoggerListener.log JVM Vendor:            Oracle Corporation
16-Jan-2025 11:37:01.716 INFO [main] org.apache.catalina.startup.VersionLoggerListener.log CATALINA_BASE:         C:\Users\Erick.ferreira\Documents\workspace-jdk17\CitMobi2\src
16-Jan-2025 11:37:01.716 INFO [main] org.apache.catalina.startup.VersionLoggerListener.log CATALINA_HOME:         C:\Program Files\Apache Software Foundation\Tomcat 10.1
16-Jan-2025 11:37:01.731 INFO [main] org.apache.catalina.startup.VersionLoggerListener.log Command line argument: --add-opens=java.base/java.lang=ALL-UNNAMED
16-Jan-2025 11:37:01.732 INFO [main] org.apache.catalina.startup.VersionLoggerListener.log Command line argument: --add-opens=java.base/java.io=ALL-UNNAMED
16-Jan-2025 11:37:01.732 INFO [main] org.apache.catalina.startup.VersionLoggerListener.log Command line argument: --add-opens=java.base/java.util=ALL-UNNAMED
16-Jan-2025 11:37:01.732 INFO [main] org.apache.catalina.startup.VersionLoggerListener.log Command line argument: --add-opens=java.base/java.util.concurrent=ALL-UNNAMED
16-Jan-2025 11:37:01.732 INFO [main] org.apache.catalina.startup.VersionLoggerListener.log Command line argument: --add-opens=java.rmi/sun.rmi.transport=ALL-UNNAMED
16-Jan-2025 11:37:01.732 INFO [main] org.apache.catalina.startup.VersionLoggerListener.log Command line argument: -Dcatalina.home=C:\Program Files\Apache Software Foundation\Tomcat 10.1
16-Jan-2025 11:37:01.732 INFO [main] org.apache.catalina.startup.VersionLoggerListener.log Command line argument: -Dcatalina.base=C:\Users\Erick.ferreira\Documents\workspace-jdk17\CitMobi2\src
16-Jan-2025 11:37:01.732 INFO [main] org.apache.catalina.startup.VersionLoggerListener.log Command line argument: -Djava.io.tmpdir=C:\Users\Erick.ferreira\Documents\workspace-jdk17\CitMobi2\src\temp
16-Jan-2025 11:37:01.732 INFO [main] org.apache.catalina.startup.VersionLoggerListener.log Command line argument: -Djava.util.logging.config.file=C:\Users\Erick.ferreira\Documents\workspace-jdk17\CitMobi2\src\conf\logging.properties
16-Jan-2025 11:37:01.732 INFO [main] org.apache.catalina.startup.VersionLoggerListener.log Command line argument: -Djava.util.logging.manager=org.apache.juli.ClassLoaderLogManager
16-Jan-2025 11:37:01.732 INFO [main] org.apache.catalina.startup.VersionLoggerListener.log Command line argument: -javaagent:C:\Program Files\JetBrains\IntelliJ IDEA Community Edition 2024.1.4\lib\idea_rt.jar=50158:C:\Program Files\JetBrains\IntelliJ IDEA Community Edition 2024.1.4\bin
16-Jan-2025 11:37:01.733 INFO [main] org.apache.catalina.startup.VersionLoggerListener.log Command line argument: -Dfile.encoding=UTF-8
16-Jan-2025 11:37:01.742 INFO [main] org.apache.catalina.core.AprLifecycleListener.lifecycleEvent The Apache Tomcat Native library which allows using OpenSSL was not found on the java.library.path: [C:\Program Files\Java\jdk-17\bin;C:\Windows\Sun\Java\bin;C:\Windows\system32;C:\Windows;C:\Program Files\Common Files\Oracle\Java\javapath;C:\Python312\Scripts\;C:\Python312\;C:\Program Files (x86)\Common Files\Oracle\Java\javapath;C:\app\TDV.Admin\product\11.2.0\client_1\bin;C:\Windows\system32;C:\Windows;C:\Windows\System32\Wbem;C:\Windows\System32\WindowsPowerShell\v1.0\;C:\Windows\System32\OpenSSH\;C:\Program Files\Git\cmd;C:\Java_Essentials\apache-maven-3.6.3\bin;C:\Program Files\nodejs\;C:\ProgramData\chocolatey\bin;C:\Program Files\dotnet\;C:\Program Files\MySQL\MySQL Shell 8.0\bin\;C:\Users\Erick.ferreira\.console-ninja\.bin;C:\Users\Erick.ferreira\AppData\Local\Microsoft\WindowsApps;C:\Users\Erick.ferreira\AppData\Local\Programs\Microsoft VS Code\bin;C:\Program Files\Java\jdk1.8.0_291\bin;C:\Users\Erick.ferreira\AppData\Roaming\npm;C:\Program Files\JetBrains\IntelliJ IDEA Community Edition 2024.1.4\bin;;C:\Users\Erick.ferreira\.dotnet\tools;.]
16-Jan-2025 11:37:02.033 INFO [main] org.apache.coyote.AbstractProtocol.init Initializing ProtocolHandler ["http-nio-8085"]
16-Jan-2025 11:37:02.057 INFO [main] org.apache.catalina.startup.Catalina.load Server initialization in [569] milliseconds
16-Jan-2025 11:37:02.110 INFO [main] org.apache.catalina.core.StandardService.startInternal Starting service [Catalina]
16-Jan-2025 11:37:02.110 INFO [main] org.apache.catalina.core.StandardEngine.startInternal Starting Servlet engine: [Apache Tomcat/10.1.26]
16-Jan-2025 11:37:02.127 INFO [main] org.apache.catalina.startup.HostConfig.deployDescriptor Deploying deployment descriptor [C:\Users\Erick.ferreira\Documents\workspace-jdk17\CitMobi2\src\conf\Catalina\localhost\citMobi2.xml]
16-Jan-2025 11:37:08.180 INFO [main] org.apache.jasper.servlet.TldScanner.scanJars At least one JAR was scanned for TLDs yet contained no TLDs. Enable debug logging for this logger for a complete list of JARs that were scanned but no TLDs were found in them. Skipping unneeded JARs during scanning can improve startup time and JSP compilation time.
16-Jan-2025 11:37:17.370 SEVERE [main] org.apache.catalina.startup.HostConfig.deployDescriptor Error deploying deployment descriptor [C:\Users\Erick.ferreira\Documents\workspace-jdk17\CitMobi2\src\conf\Catalina\localhost\citMobi2.xml]
	java.lang.IllegalStateException: Error starting child
		at org.apache.catalina.core.ContainerBase.addChildInternal(ContainerBase.java:602)
		at org.apache.catalina.core.ContainerBase.addChild(ContainerBase.java:571)
		at org.apache.catalina.core.StandardHost.addChild(StandardHost.java:654)
		at org.apache.catalina.startup.HostConfig.deployDescriptor(HostConfig.java:635)
		at org.apache.catalina.startup.HostConfig$DeployDescriptor.run(HostConfig.java:1889)
		at java.base/java.util.concurrent.Executors$RunnableAdapter.call(Executors.java:539)
		at java.base/java.util.concurrent.FutureTask.run(FutureTask.java:264)
		at org.apache.tomcat.util.threads.InlineExecutorService.execute(InlineExecutorService.java:75)
		at java.base/java.util.concurrent.AbstractExecutorService.submit(AbstractExecutorService.java:123)
		at org.apache.catalina.startup.HostConfig.deployDescriptors(HostConfig.java:530)
		at org.apache.catalina.startup.HostConfig.deployApps(HostConfig.java:421)
		at org.apache.catalina.startup.HostConfig.start(HostConfig.java:1629)
		at org.apache.catalina.startup.HostConfig.lifecycleEvent(HostConfig.java:303)
		at org.apache.catalina.util.LifecycleBase.fireLifecycleEvent(LifecycleBase.java:109)
		at org.apache.catalina.util.LifecycleBase.setStateInternal(LifecycleBase.java:385)
		at org.apache.catalina.util.LifecycleBase.setState(LifecycleBase.java:332)
		at org.apache.catalina.core.ContainerBase.startInternal(ContainerBase.java:776)
		at org.apache.catalina.core.StandardHost.startInternal(StandardHost.java:772)
		at org.apache.catalina.util.LifecycleBase.start(LifecycleBase.java:164)
		at org.apache.catalina.core.ContainerBase$StartChild.call(ContainerBase.java:1203)
		at org.apache.catalina.core.ContainerBase$StartChild.call(ContainerBase.java:1193)
		at java.base/java.util.concurrent.FutureTask.run(FutureTask.java:264)
		at org.apache.tomcat.util.threads.InlineExecutorService.execute(InlineExecutorService.java:75)
		at java.base/java.util.concurrent.AbstractExecutorService.submit(AbstractExecutorService.java:145)
		at org.apache.catalina.core.ContainerBase.startInternal(ContainerBase.java:749)
		at org.apache.catalina.core.StandardEngine.startInternal(StandardEngine.java:203)
		at org.apache.catalina.util.LifecycleBase.start(LifecycleBase.java:164)
		at org.apache.catalina.core.StandardService.startInternal(StandardService.java:415)
		at org.apache.catalina.util.LifecycleBase.start(LifecycleBase.java:164)
		at org.apache.catalina.core.StandardServer.startInternal(StandardServer.java:874)
		at org.apache.catalina.util.LifecycleBase.start(LifecycleBase.java:164)
		at org.apache.catalina.startup.Catalina.start(Catalina.java:757)
		at java.base/jdk.internal.reflect.NativeMethodAccessorImpl.invoke0(Native Method)
		at java.base/jdk.internal.reflect.NativeMethodAccessorImpl.invoke(NativeMethodAccessorImpl.java:77)
		at java.base/jdk.internal.reflect.DelegatingMethodAccessorImpl.invoke(DelegatingMethodAccessorImpl.java:43)
		at java.base/java.lang.reflect.Method.invoke(Method.java:568)
		at org.apache.catalina.startup.Bootstrap.start(Bootstrap.java:345)
		at org.apache.catalina.startup.Bootstrap.main(Bootstrap.java:473)
	Caused by: org.apache.catalina.LifecycleException: Failed to start component [StandardEngine[Catalina].StandardHost[localhost].StandardContext[/citMobi2]]
		at org.apache.catalina.util.LifecycleBase.handleSubClassException(LifecycleBase.java:402)
		at org.apache.catalina.util.LifecycleBase.start(LifecycleBase.java:179)
		at org.apache.catalina.core.ContainerBase.addChildInternal(ContainerBase.java:599)
		... 37 more
	Caused by: org.springframework.beans.factory.BeanCreationException: Error creating bean with name 'entityManagerFactory' defined in class path resource [org/springframework/boot/autoconfigure/orm/jpa/HibernateJpaConfiguration.class]: Failed to initialize dependency 'flywayInitializer' of LoadTimeWeaverAware bean 'entityManagerFactory': Error creating bean with name 'flywayInitializer' defined in class path resource [org/springframework/boot/autoconfigure/flyway/FlywayAutoConfiguration$FlywayConfiguration.class]: Migration V1__create_tables.sql failed
--------------------------------------
SQL State  : 42830
Error Code : 0
Message    : ERRO: não há restrição de unicidade que corresponde com as colunas informadas na tabela referenciada "t_lin_parada"
Location   : db/migration/V1__create_tables.sql (C:\Users\Erick.ferreira\Documents\workspace-jdk17\CitMobi2\target\classes\db\migration\V1__create_tables.sql)
Line       : 67
Statement  : CREATE TABLE T_LIN_ITINERARIO (
   LIN_LINHA_ID varchar(30) NOT NULL,
   LIN_LINHA_ATENDIMENTO varchar(15) NOT NULL,
   LIN_LINHA_PREFIXO varchar(255) NOT NULL,
   LIN_PARADA_ID bigserial NOT NULL,
   GLB_MUNICIPIO_COD bigint NOT NULL,
   LIN_LINHA_SENTIDO varchar(12) NOT NULL,
   LIN_ITINERARIO_SEQUENCIA INT NOT NULL,
   PRIMARY KEY(LIN_PARADA_ID,LIN_ITINERARIO_SEQUENCIA,LIN_LINHA_ID,LIN_LINHA_ATENDIMENTO,GLB_MUNICIPIO_COD,LIN_LINHA_SENTIDO),
   FOREIGN KEY(GLB_MUNICIPIO_COD) REFERENCES T_GLB_MUNICIPIO(GLB_MUNICIPIO_COD),
   FOREIGN KEY(LIN_PARADA_ID) REFERENCES T_LIN_PARADA(LIN_PARADA_ID),
   FOREIGN KEY(LIN_LINHA_ID) REFERENCES T_LIN_LINHA(LIN_LINHA_ID),
   FOREIGN KEY(LIN_LINHA_SENTIDO) REFERENCES T_LIN_LINHA(LIN_LINHA_SENTIDO)
)

		at org.springframework.beans.factory.support.AbstractBeanFactory.doGetBean(AbstractBeanFactory.java:326)
		at org.springframework.beans.factory.support.AbstractBeanFactory.getBean(AbstractBeanFactory.java:205)
		at org.springframework.context.support.AbstractApplicationContext.finishBeanFactoryInitialization(AbstractApplicationContext.java:954)
		at org.springframework.context.support.AbstractApplicationContext.refresh(AbstractApplicationContext.java:625)
		at org.springframework.boot.web.servlet.context.ServletWebServerApplicationContext.refresh(ServletWebServerApplicationContext.java:146)
		at org.springframework.boot.SpringApplication.refresh(SpringApplication.java:754)
		at org.springframework.boot.SpringApplication.refreshContext(SpringApplication.java:456)
		at org.springframework.boot.SpringApplication.run(SpringApplication.java:335)
		at org.springframework.boot.web.servlet.support.SpringBootServletInitializer.run(SpringBootServletInitializer.java:174)
		at org.springframework.boot.web.servlet.support.SpringBootServletInitializer.createRootApplicationContext(SpringBootServletInitializer.java:154)
		at org.springframework.boot.web.servlet.support.SpringBootServletInitializer.onStartup(SpringBootServletInitializer.java:96)
		at org.springframework.web.SpringServletContainerInitializer.onStartup(SpringServletContainerInitializer.java:171)
		at org.apache.catalina.core.StandardContext.startInternal(StandardContext.java:4414)
		at org.apache.catalina.util.LifecycleBase.start(LifecycleBase.java:164)
		... 38 more
	Caused by: org.springframework.beans.factory.BeanCreationException: Error creating bean with name 'flywayInitializer' defined in class path resource [org/springframework/boot/autoconfigure/flyway/FlywayAutoConfiguration$FlywayConfiguration.class]: Migration V1__create_tables.sql failed
--------------------------------------
SQL State  : 42830
Error Code : 0
Message    : ERRO: não há restrição de unicidade que corresponde com as colunas informadas na tabela referenciada "t_lin_parada"
Location   : db/migration/V1__create_tables.sql (C:\Users\Erick.ferreira\Documents\workspace-jdk17\CitMobi2\target\classes\db\migration\V1__create_tables.sql)
Line       : 67
Statement  : CREATE TABLE T_LIN_ITINERARIO (
   LIN_LINHA_ID varchar(30) NOT NULL,
   LIN_LINHA_ATENDIMENTO varchar(15) NOT NULL,
   LIN_LINHA_PREFIXO varchar(255) NOT NULL,
   LIN_PARADA_ID bigserial NOT NULL,
   GLB_MUNICIPIO_COD bigint NOT NULL,
   LIN_LINHA_SENTIDO varchar(12) NOT NULL,
   LIN_ITINERARIO_SEQUENCIA INT NOT NULL,
   PRIMARY KEY(LIN_PARADA_ID,LIN_ITINERARIO_SEQUENCIA,LIN_LINHA_ID,LIN_LINHA_ATENDIMENTO,GLB_MUNICIPIO_COD,LIN_LINHA_SENTIDO),
   FOREIGN KEY(GLB_MUNICIPIO_COD) REFERENCES T_GLB_MUNICIPIO(GLB_MUNICIPIO_COD),
   FOREIGN KEY(LIN_PARADA_ID) REFERENCES T_LIN_PARADA(LIN_PARADA_ID),
   FOREIGN KEY(LIN_LINHA_ID) REFERENCES T_LIN_LINHA(LIN_LINHA_ID),
   FOREIGN KEY(LIN_LINHA_SENTIDO) REFERENCES T_LIN_LINHA(LIN_LINHA_SENTIDO)
)

		at org.springframework.beans.factory.support.AbstractAutowireCapableBeanFactory.initializeBean(AbstractAutowireCapableBeanFactory.java:1806)
		at org.springframework.beans.factory.support.AbstractAutowireCapableBeanFactory.doCreateBean(AbstractAutowireCapableBeanFactory.java:600)
		at org.springframework.beans.factory.support.AbstractAutowireCapableBeanFactory.createBean(AbstractAutowireCapableBeanFactory.java:522)
		at org.springframework.beans.factory.support.AbstractBeanFactory.lambda$doGetBean$0(AbstractBeanFactory.java:337)
		at org.springframework.beans.factory.support.DefaultSingletonBeanRegistry.getSingleton(DefaultSingletonBeanRegistry.java:234)
		at org.springframework.beans.factory.support.AbstractBeanFactory.doGetBean(AbstractBeanFactory.java:335)
		at org.springframework.beans.factory.support.AbstractBeanFactory.getBean(AbstractBeanFactory.java:200)
		at org.springframework.beans.factory.support.AbstractBeanFactory.doGetBean(AbstractBeanFactory.java:313)
		... 51 more
	Caused by: org.flywaydb.core.internal.command.DbMigrate$FlywayMigrateException: Migration V1__create_tables.sql failed
--------------------------------------
SQL State  : 42830
Error Code : 0
Message    : ERRO: não há restrição de unicidade que corresponde com as colunas informadas na tabela referenciada "t_lin_parada"
Location   : db/migration/V1__create_tables.sql (C:\Users\Erick.ferreira\Documents\workspace-jdk17\CitMobi2\target\classes\db\migration\V1__create_tables.sql)
Line       : 67
Statement  : CREATE TABLE T_LIN_ITINERARIO (
   LIN_LINHA_ID varchar(30) NOT NULL,
   LIN_LINHA_ATENDIMENTO varchar(15) NOT NULL,
   LIN_LINHA_PREFIXO varchar(255) NOT NULL,
   LIN_PARADA_ID bigserial NOT NULL,
   GLB_MUNICIPIO_COD bigint NOT NULL,
   LIN_LINHA_SENTIDO varchar(12) NOT NULL,
   LIN_ITINERARIO_SEQUENCIA INT NOT NULL,
   PRIMARY KEY(LIN_PARADA_ID,LIN_ITINERARIO_SEQUENCIA,LIN_LINHA_ID,LIN_LINHA_ATENDIMENTO,GLB_MUNICIPIO_COD,LIN_LINHA_SENTIDO),
   FOREIGN KEY(GLB_MUNICIPIO_COD) REFERENCES T_GLB_MUNICIPIO(GLB_MUNICIPIO_COD),
   FOREIGN KEY(LIN_PARADA_ID) REFERENCES T_LIN_PARADA(LIN_PARADA_ID),
   FOREIGN KEY(LIN_LINHA_ID) REFERENCES T_LIN_LINHA(LIN_LINHA_ID),
   FOREIGN KEY(LIN_LINHA_SENTIDO) REFERENCES T_LIN_LINHA(LIN_LINHA_SENTIDO)
)

		at org.flywaydb.core.internal.command.DbMigrate.doMigrateGroup(DbMigrate.java:382)
		at org.flywaydb.core.internal.command.DbMigrate.lambda$applyMigrations$1(DbMigrate.java:272)
		at org.flywaydb.core.internal.jdbc.TransactionalExecutionTemplate.execute(TransactionalExecutionTemplate.java:55)
		at org.flywaydb.core.internal.command.DbMigrate.applyMigrations(DbMigrate.java:271)
		at org.flywaydb.core.internal.command.DbMigrate.migrateGroup(DbMigrate.java:244)
		at org.flywaydb.core.internal.command.DbMigrate.lambda$migrateAll$0(DbMigrate.java:139)
		at org.flywaydb.database.postgresql.PostgreSQLAdvisoryLockTemplate.execute(PostgreSQLAdvisoryLockTemplate.java:73)
		at org.flywaydb.database.postgresql.PostgreSQLAdvisoryLockTemplate.lambda$execute$0(PostgreSQLAdvisoryLockTemplate.java:56)
		at org.flywaydb.core.internal.jdbc.TransactionalExecutionTemplate.execute(TransactionalExecutionTemplate.java:55)
		at org.flywaydb.database.postgresql.PostgreSQLAdvisoryLockTemplate.execute(PostgreSQLAdvisoryLockTemplate.java:56)
		at org.flywaydb.database.postgresql.PostgreSQLConnection.lock(PostgreSQLConnection.java:96)
		at org.flywaydb.core.internal.schemahistory.JdbcTableSchemaHistory.lock(JdbcTableSchemaHistory.java:145)
		at org.flywaydb.core.internal.command.DbMigrate.migrateAll(DbMigrate.java:139)
		at org.flywaydb.core.internal.command.DbMigrate.migrate(DbMigrate.java:97)
		at org.flywaydb.core.Flyway.lambda$migrate$0(Flyway.java:202)
		at org.flywaydb.core.FlywayExecutor.execute(FlywayExecutor.java:205)
		at org.flywaydb.core.Flyway.migrate(Flyway.java:147)
		at org.springframework.boot.autoconfigure.flyway.FlywayMigrationInitializer.afterPropertiesSet(FlywayMigrationInitializer.java:66)
		at org.springframework.beans.factory.support.AbstractAutowireCapableBeanFactory.invokeInitMethods(AbstractAutowireCapableBeanFactory.java:1853)
		at org.springframework.beans.factory.support.AbstractAutowireCapableBeanFactory.initializeBean(AbstractAutowireCapableBeanFactory.java:1802)
		... 58 more
	Caused by: org.flywaydb.core.internal.sqlscript.FlywaySqlScriptException: Migration V1__create_tables.sql failed
--------------------------------------
SQL State  : 42830
Error Code : 0
Message    : ERRO: não há restrição de unicidade que corresponde com as colunas informadas na tabela referenciada "t_lin_parada"
Location   : db/migration/V1__create_tables.sql (C:\Users\Erick.ferreira\Documents\workspace-jdk17\CitMobi2\target\classes\db\migration\V1__create_tables.sql)
Line       : 67
Statement  : CREATE TABLE T_LIN_ITINERARIO (
   LIN_LINHA_ID varchar(30) NOT NULL,
   LIN_LINHA_ATENDIMENTO varchar(15) NOT NULL,
   LIN_LINHA_PREFIXO varchar(255) NOT NULL,
   LIN_PARADA_ID bigserial NOT NULL,
   GLB_MUNICIPIO_COD bigint NOT NULL,
   LIN_LINHA_SENTIDO varchar(12) NOT NULL,
   LIN_ITINERARIO_SEQUENCIA INT NOT NULL,
   PRIMARY KEY(LIN_PARADA_ID,LIN_ITINERARIO_SEQUENCIA,LIN_LINHA_ID,LIN_LINHA_ATENDIMENTO,GLB_MUNICIPIO_COD,LIN_LINHA_SENTIDO),
   FOREIGN KEY(GLB_MUNICIPIO_COD) REFERENCES T_GLB_MUNICIPIO(GLB_MUNICIPIO_COD),
   FOREIGN KEY(LIN_PARADA_ID) REFERENCES T_LIN_PARADA(LIN_PARADA_ID),
   FOREIGN KEY(LIN_LINHA_ID) REFERENCES T_LIN_LINHA(LIN_LINHA_ID),
   FOREIGN KEY(LIN_LINHA_SENTIDO) REFERENCES T_LIN_LINHA(LIN_LINHA_SENTIDO)
)

		at org.flywaydb.core.internal.sqlscript.DefaultSqlScriptExecutor.handleException(DefaultSqlScriptExecutor.java:252)
		at org.flywaydb.core.internal.sqlscript.DefaultSqlScriptExecutor.executeStatement(DefaultSqlScriptExecutor.java:214)
		at org.flywaydb.core.internal.sqlscript.DefaultSqlScriptExecutor.execute(DefaultSqlScriptExecutor.java:133)
		at org.flywaydb.core.internal.resolver.sql.SqlMigrationExecutor.executeOnce(SqlMigrationExecutor.java:65)
		at org.flywaydb.core.internal.resolver.sql.SqlMigrationExecutor.lambda$execute$0(SqlMigrationExecutor.java:57)
		at org.flywaydb.core.internal.database.DefaultExecutionStrategy.execute(DefaultExecutionStrategy.java:27)
		at org.flywaydb.core.internal.resolver.sql.SqlMigrationExecutor.execute(SqlMigrationExecutor.java:56)
		at org.flywaydb.core.internal.command.DbMigrate.doMigrateGroup(DbMigrate.java:374)
		... 77 more
	Caused by: org.postgresql.util.PSQLException: ERRO: não há restrição de unicidade que corresponde com as colunas informadas na tabela referenciada "t_lin_parada"
		at org.postgresql.core.v3.QueryExecutorImpl.receiveErrorResponse(QueryExecutorImpl.java:2733)
		at org.postgresql.core.v3.QueryExecutorImpl.processResults(QueryExecutorImpl.java:2420)
		at org.postgresql.core.v3.QueryExecutorImpl.execute(QueryExecutorImpl.java:372)
		at org.postgresql.jdbc.PgStatement.executeInternal(PgStatement.java:517)
		at org.postgresql.jdbc.PgStatement.execute(PgStatement.java:434)
		at org.postgresql.jdbc.PgStatement.executeWithFlags(PgStatement.java:356)
		at org.postgresql.jdbc.PgStatement.executeCachedSql(PgStatement.java:341)
		at org.postgresql.jdbc.PgStatement.executeWithFlags(PgStatement.java:317)
		at org.postgresql.jdbc.PgStatement.execute(PgStatement.java:312)
		at com.zaxxer.hikari.pool.ProxyStatement.execute(ProxyStatement.java:94)
		at com.zaxxer.hikari.pool.HikariProxyStatement.execute(HikariProxyStatement.java)
		at org.flywaydb.core.internal.jdbc.JdbcTemplate.executeStatement(JdbcTemplate.java:210)
		at org.flywaydb.core.internal.sqlscript.ParsedSqlStatement.execute(ParsedSqlStatement.java:89)
		at org.flywaydb.core.internal.sqlscript.DefaultSqlScriptExecutor.executeStatement(DefaultSqlScriptExecutor.java:206)
		... 83 more
16-Jan-2025 11:37:17.378 INFO [main] org.apache.catalina.startup.HostConfig.deployDescriptor Deployment of deployment descriptor [C:\Users\Erick.ferreira\Documents\workspace-jdk17\CitMobi2\src\conf\Catalina\localhost\citMobi2.xml] has finished in [15.250] ms
16-Jan-2025 11:37:17.383 INFO [main] org.apache.coyote.AbstractProtocol.start Starting ProtocolHandler ["http-nio-8085"]
16-Jan-2025 11:37:17.435 INFO [main] org.apache.catalina.startup.Catalina.start Server startup in [15377] milliseconds
16-Jan-2025 11:41:16.982 INFO [Thread-3] org.apache.coyote.AbstractProtocol.pause Pausing ProtocolHandler ["http-nio-8085"]
16-Jan-2025 11:41:17.154 INFO [Thread-3] org.apache.catalina.core.StandardService.stopInternal Stopping service [Catalina]
16-Jan-2025 11:41:17.155 INFO [Thread-3] org.apache.coyote.AbstractProtocol.stop Stopping ProtocolHandler ["http-nio-8085"]
16-Jan-2025 11:41:17.159 INFO [Thread-3] org.apache.coyote.AbstractProtocol.destroy Destroying ProtocolHandler ["http-nio-8085"]
16-Jan-2025 11:41:17.162 WARNING [Thread-3] org.apache.catalina.loader.WebappClassLoaderBase.clearReferencesJdbc The web application [citMobi2] registered the JDBC driver [org.postgresql.Driver] but failed to unregister it when the web application was stopped. To prevent a memory leak, the JDBC Driver has been forcibly unregistered.
16-Jan-2025 11:41:24.537 INFO [main] org.apache.catalina.startup.VersionLoggerListener.log Server version name:   Apache Tomcat/10.1.26
16-Jan-2025 11:41:24.543 INFO [main] org.apache.catalina.startup.VersionLoggerListener.log Server built:          Jul 7 2024 21:02:13 UTC
16-Jan-2025 11:41:24.543 INFO [main] org.apache.catalina.startup.VersionLoggerListener.log Server version number: 10.1.26.0
16-Jan-2025 11:41:24.543 INFO [main] org.apache.catalina.startup.VersionLoggerListener.log OS Name:               Windows 11
16-Jan-2025 11:41:24.543 INFO [main] org.apache.catalina.startup.VersionLoggerListener.log OS Version:            10.0
16-Jan-2025 11:41:24.543 INFO [main] org.apache.catalina.startup.VersionLoggerListener.log Architecture:          amd64
16-Jan-2025 11:41:24.544 INFO [main] org.apache.catalina.startup.VersionLoggerListener.log Java Home:             C:\Program Files\Java\jdk-17
16-Jan-2025 11:41:24.544 INFO [main] org.apache.catalina.startup.VersionLoggerListener.log JVM Version:           17.0.11+7-LTS-207
16-Jan-2025 11:41:24.544 INFO [main] org.apache.catalina.startup.VersionLoggerListener.log JVM Vendor:            Oracle Corporation
16-Jan-2025 11:41:24.544 INFO [main] org.apache.catalina.startup.VersionLoggerListener.log CATALINA_BASE:         C:\Users\Erick.ferreira\Documents\workspace-jdk17\CitMobi2\src
16-Jan-2025 11:41:24.544 INFO [main] org.apache.catalina.startup.VersionLoggerListener.log CATALINA_HOME:         C:\Program Files\Apache Software Foundation\Tomcat 10.1
16-Jan-2025 11:41:24.564 INFO [main] org.apache.catalina.startup.VersionLoggerListener.log Command line argument: --add-opens=java.base/java.lang=ALL-UNNAMED
16-Jan-2025 11:41:24.564 INFO [main] org.apache.catalina.startup.VersionLoggerListener.log Command line argument: --add-opens=java.base/java.io=ALL-UNNAMED
16-Jan-2025 11:41:24.564 INFO [main] org.apache.catalina.startup.VersionLoggerListener.log Command line argument: --add-opens=java.base/java.util=ALL-UNNAMED
16-Jan-2025 11:41:24.564 INFO [main] org.apache.catalina.startup.VersionLoggerListener.log Command line argument: --add-opens=java.base/java.util.concurrent=ALL-UNNAMED
16-Jan-2025 11:41:24.564 INFO [main] org.apache.catalina.startup.VersionLoggerListener.log Command line argument: --add-opens=java.rmi/sun.rmi.transport=ALL-UNNAMED
16-Jan-2025 11:41:24.564 INFO [main] org.apache.catalina.startup.VersionLoggerListener.log Command line argument: -Dcatalina.home=C:\Program Files\Apache Software Foundation\Tomcat 10.1
16-Jan-2025 11:41:24.564 INFO [main] org.apache.catalina.startup.VersionLoggerListener.log Command line argument: -Dcatalina.base=C:\Users\Erick.ferreira\Documents\workspace-jdk17\CitMobi2\src
16-Jan-2025 11:41:24.564 INFO [main] org.apache.catalina.startup.VersionLoggerListener.log Command line argument: -Djava.io.tmpdir=C:\Users\Erick.ferreira\Documents\workspace-jdk17\CitMobi2\src\temp
16-Jan-2025 11:41:24.565 INFO [main] org.apache.catalina.startup.VersionLoggerListener.log Command line argument: -Djava.util.logging.config.file=C:\Users\Erick.ferreira\Documents\workspace-jdk17\CitMobi2\src\conf\logging.properties
16-Jan-2025 11:41:24.565 INFO [main] org.apache.catalina.startup.VersionLoggerListener.log Command line argument: -Djava.util.logging.manager=org.apache.juli.ClassLoaderLogManager
16-Jan-2025 11:41:24.565 INFO [main] org.apache.catalina.startup.VersionLoggerListener.log Command line argument: -javaagent:C:\Program Files\JetBrains\IntelliJ IDEA Community Edition 2024.1.4\lib\idea_rt.jar=50211:C:\Program Files\JetBrains\IntelliJ IDEA Community Edition 2024.1.4\bin
16-Jan-2025 11:41:24.565 INFO [main] org.apache.catalina.startup.VersionLoggerListener.log Command line argument: -Dfile.encoding=UTF-8
16-Jan-2025 11:41:24.574 INFO [main] org.apache.catalina.core.AprLifecycleListener.lifecycleEvent The Apache Tomcat Native library which allows using OpenSSL was not found on the java.library.path: [C:\Program Files\Java\jdk-17\bin;C:\Windows\Sun\Java\bin;C:\Windows\system32;C:\Windows;C:\Program Files\Common Files\Oracle\Java\javapath;C:\Python312\Scripts\;C:\Python312\;C:\Program Files (x86)\Common Files\Oracle\Java\javapath;C:\app\TDV.Admin\product\11.2.0\client_1\bin;C:\Windows\system32;C:\Windows;C:\Windows\System32\Wbem;C:\Windows\System32\WindowsPowerShell\v1.0\;C:\Windows\System32\OpenSSH\;C:\Program Files\Git\cmd;C:\Java_Essentials\apache-maven-3.6.3\bin;C:\Program Files\nodejs\;C:\ProgramData\chocolatey\bin;C:\Program Files\dotnet\;C:\Program Files\MySQL\MySQL Shell 8.0\bin\;C:\Users\Erick.ferreira\.console-ninja\.bin;C:\Users\Erick.ferreira\AppData\Local\Microsoft\WindowsApps;C:\Users\Erick.ferreira\AppData\Local\Programs\Microsoft VS Code\bin;C:\Program Files\Java\jdk1.8.0_291\bin;C:\Users\Erick.ferreira\AppData\Roaming\npm;C:\Program Files\JetBrains\IntelliJ IDEA Community Edition 2024.1.4\bin;;C:\Users\Erick.ferreira\.dotnet\tools;.]
16-Jan-2025 11:41:24.855 INFO [main] org.apache.coyote.AbstractProtocol.init Initializing ProtocolHandler ["http-nio-8085"]
16-Jan-2025 11:41:24.879 INFO [main] org.apache.catalina.startup.Catalina.load Server initialization in [570] milliseconds
16-Jan-2025 11:41:24.946 INFO [main] org.apache.catalina.core.StandardService.startInternal Starting service [Catalina]
16-Jan-2025 11:41:24.946 INFO [main] org.apache.catalina.core.StandardEngine.startInternal Starting Servlet engine: [Apache Tomcat/10.1.26]
16-Jan-2025 11:41:24.963 INFO [main] org.apache.catalina.startup.HostConfig.deployDescriptor Deploying deployment descriptor [C:\Users\Erick.ferreira\Documents\workspace-jdk17\CitMobi2\src\conf\Catalina\localhost\citMobi2.xml]
16-Jan-2025 11:41:31.177 INFO [main] org.apache.jasper.servlet.TldScanner.scanJars At least one JAR was scanned for TLDs yet contained no TLDs. Enable debug logging for this logger for a complete list of JARs that were scanned but no TLDs were found in them. Skipping unneeded JARs during scanning can improve startup time and JSP compilation time.
16-Jan-2025 11:41:50.015 INFO [main] org.apache.catalina.startup.HostConfig.deployDescriptor Deployment of deployment descriptor [C:\Users\Erick.ferreira\Documents\workspace-jdk17\CitMobi2\src\conf\Catalina\localhost\citMobi2.xml] has finished in [25.053] ms
16-Jan-2025 11:41:50.021 INFO [main] org.apache.coyote.AbstractProtocol.start Starting ProtocolHandler ["http-nio-8085"]
16-Jan-2025 11:41:50.067 INFO [main] org.apache.catalina.startup.Catalina.start Server startup in [25186] milliseconds
16-Jan-2025 11:44:08.631 INFO [Thread-3] org.apache.coyote.AbstractProtocol.pause Pausing ProtocolHandler ["http-nio-8085"]
16-Jan-2025 11:44:08.807 INFO [Thread-3] org.apache.catalina.core.StandardService.stopInternal Stopping service [Catalina]
16-Jan-2025 11:44:08.926 INFO [Thread-3] org.apache.coyote.AbstractProtocol.stop Stopping ProtocolHandler ["http-nio-8085"]
16-Jan-2025 11:44:08.939 INFO [Thread-3] org.apache.coyote.AbstractProtocol.destroy Destroying ProtocolHandler ["http-nio-8085"]
16-Jan-2025 11:46:15.012 INFO [main] org.apache.catalina.startup.VersionLoggerListener.log Server version name:   Apache Tomcat/10.1.26
16-Jan-2025 11:46:15.018 INFO [main] org.apache.catalina.startup.VersionLoggerListener.log Server built:          Jul 7 2024 21:02:13 UTC
16-Jan-2025 11:46:15.019 INFO [main] org.apache.catalina.startup.VersionLoggerListener.log Server version number: 10.1.26.0
16-Jan-2025 11:46:15.019 INFO [main] org.apache.catalina.startup.VersionLoggerListener.log OS Name:               Windows 11
16-Jan-2025 11:46:15.020 INFO [main] org.apache.catalina.startup.VersionLoggerListener.log OS Version:            10.0
16-Jan-2025 11:46:15.020 INFO [main] org.apache.catalina.startup.VersionLoggerListener.log Architecture:          amd64
16-Jan-2025 11:46:15.020 INFO [main] org.apache.catalina.startup.VersionLoggerListener.log Java Home:             C:\Program Files\Java\jdk-17
16-Jan-2025 11:46:15.021 INFO [main] org.apache.catalina.startup.VersionLoggerListener.log JVM Version:           17.0.11+7-LTS-207
16-Jan-2025 11:46:15.021 INFO [main] org.apache.catalina.startup.VersionLoggerListener.log JVM Vendor:            Oracle Corporation
16-Jan-2025 11:46:15.021 INFO [main] org.apache.catalina.startup.VersionLoggerListener.log CATALINA_BASE:         C:\Users\Erick.ferreira\Documents\workspace-jdk17\CitMobi2\src
16-Jan-2025 11:46:15.021 INFO [main] org.apache.catalina.startup.VersionLoggerListener.log CATALINA_HOME:         C:\Program Files\Apache Software Foundation\Tomcat 10.1
16-Jan-2025 11:46:15.040 INFO [main] org.apache.catalina.startup.VersionLoggerListener.log Command line argument: --add-opens=java.base/java.lang=ALL-UNNAMED
16-Jan-2025 11:46:15.040 INFO [main] org.apache.catalina.startup.VersionLoggerListener.log Command line argument: --add-opens=java.base/java.io=ALL-UNNAMED
16-Jan-2025 11:46:15.040 INFO [main] org.apache.catalina.startup.VersionLoggerListener.log Command line argument: --add-opens=java.base/java.util=ALL-UNNAMED
16-Jan-2025 11:46:15.040 INFO [main] org.apache.catalina.startup.VersionLoggerListener.log Command line argument: --add-opens=java.base/java.util.concurrent=ALL-UNNAMED
16-Jan-2025 11:46:15.040 INFO [main] org.apache.catalina.startup.VersionLoggerListener.log Command line argument: --add-opens=java.rmi/sun.rmi.transport=ALL-UNNAMED
16-Jan-2025 11:46:15.040 INFO [main] org.apache.catalina.startup.VersionLoggerListener.log Command line argument: -Dcatalina.home=C:\Program Files\Apache Software Foundation\Tomcat 10.1
16-Jan-2025 11:46:15.041 INFO [main] org.apache.catalina.startup.VersionLoggerListener.log Command line argument: -Dcatalina.base=C:\Users\Erick.ferreira\Documents\workspace-jdk17\CitMobi2\src
16-Jan-2025 11:46:15.041 INFO [main] org.apache.catalina.startup.VersionLoggerListener.log Command line argument: -Djava.io.tmpdir=C:\Users\Erick.ferreira\Documents\workspace-jdk17\CitMobi2\src\temp
16-Jan-2025 11:46:15.041 INFO [main] org.apache.catalina.startup.VersionLoggerListener.log Command line argument: -Djava.util.logging.config.file=C:\Users\Erick.ferreira\Documents\workspace-jdk17\CitMobi2\src\conf\logging.properties
16-Jan-2025 11:46:15.041 INFO [main] org.apache.catalina.startup.VersionLoggerListener.log Command line argument: -Djava.util.logging.manager=org.apache.juli.ClassLoaderLogManager
16-Jan-2025 11:46:15.041 INFO [main] org.apache.catalina.startup.VersionLoggerListener.log Command line argument: -javaagent:C:\Program Files\JetBrains\IntelliJ IDEA Community Edition 2024.1.4\lib\idea_rt.jar=50290:C:\Program Files\JetBrains\IntelliJ IDEA Community Edition 2024.1.4\bin
16-Jan-2025 11:46:15.041 INFO [main] org.apache.catalina.startup.VersionLoggerListener.log Command line argument: -Dfile.encoding=UTF-8
16-Jan-2025 11:46:15.050 INFO [main] org.apache.catalina.core.AprLifecycleListener.lifecycleEvent The Apache Tomcat Native library which allows using OpenSSL was not found on the java.library.path: [C:\Program Files\Java\jdk-17\bin;C:\Windows\Sun\Java\bin;C:\Windows\system32;C:\Windows;C:\Program Files\Common Files\Oracle\Java\javapath;C:\Python312\Scripts\;C:\Python312\;C:\Program Files (x86)\Common Files\Oracle\Java\javapath;C:\app\TDV.Admin\product\11.2.0\client_1\bin;C:\Windows\system32;C:\Windows;C:\Windows\System32\Wbem;C:\Windows\System32\WindowsPowerShell\v1.0\;C:\Windows\System32\OpenSSH\;C:\Program Files\Git\cmd;C:\Java_Essentials\apache-maven-3.6.3\bin;C:\Program Files\nodejs\;C:\ProgramData\chocolatey\bin;C:\Program Files\dotnet\;C:\Program Files\MySQL\MySQL Shell 8.0\bin\;C:\Users\Erick.ferreira\.console-ninja\.bin;C:\Users\Erick.ferreira\AppData\Local\Microsoft\WindowsApps;C:\Users\Erick.ferreira\AppData\Local\Programs\Microsoft VS Code\bin;C:\Program Files\Java\jdk1.8.0_291\bin;C:\Users\Erick.ferreira\AppData\Roaming\npm;C:\Program Files\JetBrains\IntelliJ IDEA Community Edition 2024.1.4\bin;;C:\Users\Erick.ferreira\.dotnet\tools;.]
16-Jan-2025 11:46:15.367 INFO [main] org.apache.coyote.AbstractProtocol.init Initializing ProtocolHandler ["http-nio-8085"]
16-Jan-2025 11:46:15.395 INFO [main] org.apache.catalina.startup.Catalina.load Server initialization in [606] milliseconds
16-Jan-2025 11:46:15.462 INFO [main] org.apache.catalina.core.StandardService.startInternal Starting service [Catalina]
16-Jan-2025 11:46:15.462 INFO [main] org.apache.catalina.core.StandardEngine.startInternal Starting Servlet engine: [Apache Tomcat/10.1.26]
16-Jan-2025 11:46:15.479 INFO [main] org.apache.catalina.startup.HostConfig.deployDescriptor Deploying deployment descriptor [C:\Users\Erick.ferreira\Documents\workspace-jdk17\CitMobi2\src\conf\Catalina\localhost\citMobi2.xml]
16-Jan-2025 11:46:21.526 INFO [main] org.apache.jasper.servlet.TldScanner.scanJars At least one JAR was scanned for TLDs yet contained no TLDs. Enable debug logging for this logger for a complete list of JARs that were scanned but no TLDs were found in them. Skipping unneeded JARs during scanning can improve startup time and JSP compilation time.
16-Jan-2025 11:46:30.468 SEVERE [main] org.apache.catalina.startup.HostConfig.deployDescriptor Error deploying deployment descriptor [C:\Users\Erick.ferreira\Documents\workspace-jdk17\CitMobi2\src\conf\Catalina\localhost\citMobi2.xml]
	java.lang.IllegalStateException: Error starting child
		at org.apache.catalina.core.ContainerBase.addChildInternal(ContainerBase.java:602)
		at org.apache.catalina.core.ContainerBase.addChild(ContainerBase.java:571)
		at org.apache.catalina.core.StandardHost.addChild(StandardHost.java:654)
		at org.apache.catalina.startup.HostConfig.deployDescriptor(HostConfig.java:635)
		at org.apache.catalina.startup.HostConfig$DeployDescriptor.run(HostConfig.java:1889)
		at java.base/java.util.concurrent.Executors$RunnableAdapter.call(Executors.java:539)
		at java.base/java.util.concurrent.FutureTask.run(FutureTask.java:264)
		at org.apache.tomcat.util.threads.InlineExecutorService.execute(InlineExecutorService.java:75)
		at java.base/java.util.concurrent.AbstractExecutorService.submit(AbstractExecutorService.java:123)
		at org.apache.catalina.startup.HostConfig.deployDescriptors(HostConfig.java:530)
		at org.apache.catalina.startup.HostConfig.deployApps(HostConfig.java:421)
		at org.apache.catalina.startup.HostConfig.start(HostConfig.java:1629)
		at org.apache.catalina.startup.HostConfig.lifecycleEvent(HostConfig.java:303)
		at org.apache.catalina.util.LifecycleBase.fireLifecycleEvent(LifecycleBase.java:109)
		at org.apache.catalina.util.LifecycleBase.setStateInternal(LifecycleBase.java:385)
		at org.apache.catalina.util.LifecycleBase.setState(LifecycleBase.java:332)
		at org.apache.catalina.core.ContainerBase.startInternal(ContainerBase.java:776)
		at org.apache.catalina.core.StandardHost.startInternal(StandardHost.java:772)
		at org.apache.catalina.util.LifecycleBase.start(LifecycleBase.java:164)
		at org.apache.catalina.core.ContainerBase$StartChild.call(ContainerBase.java:1203)
		at org.apache.catalina.core.ContainerBase$StartChild.call(ContainerBase.java:1193)
		at java.base/java.util.concurrent.FutureTask.run(FutureTask.java:264)
		at org.apache.tomcat.util.threads.InlineExecutorService.execute(InlineExecutorService.java:75)
		at java.base/java.util.concurrent.AbstractExecutorService.submit(AbstractExecutorService.java:145)
		at org.apache.catalina.core.ContainerBase.startInternal(ContainerBase.java:749)
		at org.apache.catalina.core.StandardEngine.startInternal(StandardEngine.java:203)
		at org.apache.catalina.util.LifecycleBase.start(LifecycleBase.java:164)
		at org.apache.catalina.core.StandardService.startInternal(StandardService.java:415)
		at org.apache.catalina.util.LifecycleBase.start(LifecycleBase.java:164)
		at org.apache.catalina.core.StandardServer.startInternal(StandardServer.java:874)
		at org.apache.catalina.util.LifecycleBase.start(LifecycleBase.java:164)
		at org.apache.catalina.startup.Catalina.start(Catalina.java:757)
		at java.base/jdk.internal.reflect.NativeMethodAccessorImpl.invoke0(Native Method)
		at java.base/jdk.internal.reflect.NativeMethodAccessorImpl.invoke(NativeMethodAccessorImpl.java:77)
		at java.base/jdk.internal.reflect.DelegatingMethodAccessorImpl.invoke(DelegatingMethodAccessorImpl.java:43)
		at java.base/java.lang.reflect.Method.invoke(Method.java:568)
		at org.apache.catalina.startup.Bootstrap.start(Bootstrap.java:345)
		at org.apache.catalina.startup.Bootstrap.main(Bootstrap.java:473)
	Caused by: org.apache.catalina.LifecycleException: Failed to start component [StandardEngine[Catalina].StandardHost[localhost].StandardContext[/citMobi2]]
		at org.apache.catalina.util.LifecycleBase.handleSubClassException(LifecycleBase.java:402)
		at org.apache.catalina.util.LifecycleBase.start(LifecycleBase.java:179)
		at org.apache.catalina.core.ContainerBase.addChildInternal(ContainerBase.java:599)
		... 37 more
	Caused by: org.springframework.beans.factory.BeanCreationException: Error creating bean with name 'entityManagerFactory' defined in class path resource [org/springframework/boot/autoconfigure/orm/jpa/HibernateJpaConfiguration.class]: Failed to initialize dependency 'flywayInitializer' of LoadTimeWeaverAware bean 'entityManagerFactory': Error creating bean with name 'flywayInitializer' defined in class path resource [org/springframework/boot/autoconfigure/flyway/FlywayAutoConfiguration$FlywayConfiguration.class]: Migration V1__create_tables.sql failed
--------------------------------------
SQL State  : 42703
Error Code : 0
Message    : ERRO: coluna "lin_linha_sentido" referenciada na restrição de chave estrangeira não existe
Location   : db/migration/V1__create_tables.sql (C:\Users\Erick.ferreira\Documents\workspace-jdk17\CitMobi2\target\classes\db\migration\V1__create_tables.sql)
Line       : 68
Statement  : CREATE TABLE T_LIN_ITINERARIO (
   LIN_LINHA_ID varchar(30) NOT NULL,
   LIN_LINHA_ATENDIMENTO varchar(15) NOT NULL,
   LIN_LINHA_PREFIXO varchar(255) NOT NULL,
   LIN_PARADA_ID bigserial NOT NULL,
   GLB_MUNICIPIO_COD bigint NOT NULL,
   LIN_ITINERARIO_SENTIDO varchar(12) NOT NULL,
   LIN_ITINERARIO_SEQUENCIA INT NOT NULL,
   PRIMARY KEY(LIN_PARADA_ID,LIN_ITINERARIO_SEQUENCIA,LIN_LINHA_ID,LIN_LINHA_ATENDIMENTO,GLB_MUNICIPIO_COD,LIN_ITINERARIO_SENTIDO),
   FOREIGN KEY(GLB_MUNICIPIO_COD) REFERENCES T_GLB_MUNICIPIO(GLB_MUNICIPIO_COD),
   FOREIGN KEY (LIN_PARADA_ID, GLB_MUNICIPIO_COD) REFERENCES T_LIN_PARADA(LIN_PARADA_ID, GLB_MUNICIPIO_COD),
   FOREIGN KEY (LIN_LINHA_ID, LIN_LINHA_ATENDIMENTO, GLB_MUNICIPIO_COD, LIN_LINHA_SENTIDO)
   REFERENCES T_LIN_LINHA(LIN_LINHA_ID, LIN_LINHA_ATENDIMENTO, GLB_MUNICIPIO_COD, LIN_LINHA_SENTIDO)
)

		at org.springframework.beans.factory.support.AbstractBeanFactory.doGetBean(AbstractBeanFactory.java:326)
		at org.springframework.beans.factory.support.AbstractBeanFactory.getBean(AbstractBeanFactory.java:205)
		at org.springframework.context.support.AbstractApplicationContext.finishBeanFactoryInitialization(AbstractApplicationContext.java:954)
		at org.springframework.context.support.AbstractApplicationContext.refresh(AbstractApplicationContext.java:625)
		at org.springframework.boot.web.servlet.context.ServletWebServerApplicationContext.refresh(ServletWebServerApplicationContext.java:146)
		at org.springframework.boot.SpringApplication.refresh(SpringApplication.java:754)
		at org.springframework.boot.SpringApplication.refreshContext(SpringApplication.java:456)
		at org.springframework.boot.SpringApplication.run(SpringApplication.java:335)
		at org.springframework.boot.web.servlet.support.SpringBootServletInitializer.run(SpringBootServletInitializer.java:174)
		at org.springframework.boot.web.servlet.support.SpringBootServletInitializer.createRootApplicationContext(SpringBootServletInitializer.java:154)
		at org.springframework.boot.web.servlet.support.SpringBootServletInitializer.onStartup(SpringBootServletInitializer.java:96)
		at org.springframework.web.SpringServletContainerInitializer.onStartup(SpringServletContainerInitializer.java:171)
		at org.apache.catalina.core.StandardContext.startInternal(StandardContext.java:4414)
		at org.apache.catalina.util.LifecycleBase.start(LifecycleBase.java:164)
		... 38 more
	Caused by: org.springframework.beans.factory.BeanCreationException: Error creating bean with name 'flywayInitializer' defined in class path resource [org/springframework/boot/autoconfigure/flyway/FlywayAutoConfiguration$FlywayConfiguration.class]: Migration V1__create_tables.sql failed
--------------------------------------
SQL State  : 42703
Error Code : 0
Message    : ERRO: coluna "lin_linha_sentido" referenciada na restrição de chave estrangeira não existe
Location   : db/migration/V1__create_tables.sql (C:\Users\Erick.ferreira\Documents\workspace-jdk17\CitMobi2\target\classes\db\migration\V1__create_tables.sql)
Line       : 68
Statement  : CREATE TABLE T_LIN_ITINERARIO (
   LIN_LINHA_ID varchar(30) NOT NULL,
   LIN_LINHA_ATENDIMENTO varchar(15) NOT NULL,
   LIN_LINHA_PREFIXO varchar(255) NOT NULL,
   LIN_PARADA_ID bigserial NOT NULL,
   GLB_MUNICIPIO_COD bigint NOT NULL,
   LIN_ITINERARIO_SENTIDO varchar(12) NOT NULL,
   LIN_ITINERARIO_SEQUENCIA INT NOT NULL,
   PRIMARY KEY(LIN_PARADA_ID,LIN_ITINERARIO_SEQUENCIA,LIN_LINHA_ID,LIN_LINHA_ATENDIMENTO,GLB_MUNICIPIO_COD,LIN_ITINERARIO_SENTIDO),
   FOREIGN KEY(GLB_MUNICIPIO_COD) REFERENCES T_GLB_MUNICIPIO(GLB_MUNICIPIO_COD),
   FOREIGN KEY (LIN_PARADA_ID, GLB_MUNICIPIO_COD) REFERENCES T_LIN_PARADA(LIN_PARADA_ID, GLB_MUNICIPIO_COD),
   FOREIGN KEY (LIN_LINHA_ID, LIN_LINHA_ATENDIMENTO, GLB_MUNICIPIO_COD, LIN_LINHA_SENTIDO)
   REFERENCES T_LIN_LINHA(LIN_LINHA_ID, LIN_LINHA_ATENDIMENTO, GLB_MUNICIPIO_COD, LIN_LINHA_SENTIDO)
)

		at org.springframework.beans.factory.support.AbstractAutowireCapableBeanFactory.initializeBean(AbstractAutowireCapableBeanFactory.java:1806)
		at org.springframework.beans.factory.support.AbstractAutowireCapableBeanFactory.doCreateBean(AbstractAutowireCapableBeanFactory.java:600)
		at org.springframework.beans.factory.support.AbstractAutowireCapableBeanFactory.createBean(AbstractAutowireCapableBeanFactory.java:522)
		at org.springframework.beans.factory.support.AbstractBeanFactory.lambda$doGetBean$0(AbstractBeanFactory.java:337)
		at org.springframework.beans.factory.support.DefaultSingletonBeanRegistry.getSingleton(DefaultSingletonBeanRegistry.java:234)
		at org.springframework.beans.factory.support.AbstractBeanFactory.doGetBean(AbstractBeanFactory.java:335)
		at org.springframework.beans.factory.support.AbstractBeanFactory.getBean(AbstractBeanFactory.java:200)
		at org.springframework.beans.factory.support.AbstractBeanFactory.doGetBean(AbstractBeanFactory.java:313)
		... 51 more
	Caused by: org.flywaydb.core.internal.command.DbMigrate$FlywayMigrateException: Migration V1__create_tables.sql failed
--------------------------------------
SQL State  : 42703
Error Code : 0
Message    : ERRO: coluna "lin_linha_sentido" referenciada na restrição de chave estrangeira não existe
Location   : db/migration/V1__create_tables.sql (C:\Users\Erick.ferreira\Documents\workspace-jdk17\CitMobi2\target\classes\db\migration\V1__create_tables.sql)
Line       : 68
Statement  : CREATE TABLE T_LIN_ITINERARIO (
   LIN_LINHA_ID varchar(30) NOT NULL,
   LIN_LINHA_ATENDIMENTO varchar(15) NOT NULL,
   LIN_LINHA_PREFIXO varchar(255) NOT NULL,
   LIN_PARADA_ID bigserial NOT NULL,
   GLB_MUNICIPIO_COD bigint NOT NULL,
   LIN_ITINERARIO_SENTIDO varchar(12) NOT NULL,
   LIN_ITINERARIO_SEQUENCIA INT NOT NULL,
   PRIMARY KEY(LIN_PARADA_ID,LIN_ITINERARIO_SEQUENCIA,LIN_LINHA_ID,LIN_LINHA_ATENDIMENTO,GLB_MUNICIPIO_COD,LIN_ITINERARIO_SENTIDO),
   FOREIGN KEY(GLB_MUNICIPIO_COD) REFERENCES T_GLB_MUNICIPIO(GLB_MUNICIPIO_COD),
   FOREIGN KEY (LIN_PARADA_ID, GLB_MUNICIPIO_COD) REFERENCES T_LIN_PARADA(LIN_PARADA_ID, GLB_MUNICIPIO_COD),
   FOREIGN KEY (LIN_LINHA_ID, LIN_LINHA_ATENDIMENTO, GLB_MUNICIPIO_COD, LIN_LINHA_SENTIDO)
   REFERENCES T_LIN_LINHA(LIN_LINHA_ID, LIN_LINHA_ATENDIMENTO, GLB_MUNICIPIO_COD, LIN_LINHA_SENTIDO)
)

		at org.flywaydb.core.internal.command.DbMigrate.doMigrateGroup(DbMigrate.java:382)
		at org.flywaydb.core.internal.command.DbMigrate.lambda$applyMigrations$1(DbMigrate.java:272)
		at org.flywaydb.core.internal.jdbc.TransactionalExecutionTemplate.execute(TransactionalExecutionTemplate.java:55)
		at org.flywaydb.core.internal.command.DbMigrate.applyMigrations(DbMigrate.java:271)
		at org.flywaydb.core.internal.command.DbMigrate.migrateGroup(DbMigrate.java:244)
		at org.flywaydb.core.internal.command.DbMigrate.lambda$migrateAll$0(DbMigrate.java:139)
		at org.flywaydb.database.postgresql.PostgreSQLAdvisoryLockTemplate.execute(PostgreSQLAdvisoryLockTemplate.java:73)
		at org.flywaydb.database.postgresql.PostgreSQLAdvisoryLockTemplate.lambda$execute$0(PostgreSQLAdvisoryLockTemplate.java:56)
		at org.flywaydb.core.internal.jdbc.TransactionalExecutionTemplate.execute(TransactionalExecutionTemplate.java:55)
		at org.flywaydb.database.postgresql.PostgreSQLAdvisoryLockTemplate.execute(PostgreSQLAdvisoryLockTemplate.java:56)
		at org.flywaydb.database.postgresql.PostgreSQLConnection.lock(PostgreSQLConnection.java:96)
		at org.flywaydb.core.internal.schemahistory.JdbcTableSchemaHistory.lock(JdbcTableSchemaHistory.java:145)
		at org.flywaydb.core.internal.command.DbMigrate.migrateAll(DbMigrate.java:139)
		at org.flywaydb.core.internal.command.DbMigrate.migrate(DbMigrate.java:97)
		at org.flywaydb.core.Flyway.lambda$migrate$0(Flyway.java:202)
		at org.flywaydb.core.FlywayExecutor.execute(FlywayExecutor.java:205)
		at org.flywaydb.core.Flyway.migrate(Flyway.java:147)
		at org.springframework.boot.autoconfigure.flyway.FlywayMigrationInitializer.afterPropertiesSet(FlywayMigrationInitializer.java:66)
		at org.springframework.beans.factory.support.AbstractAutowireCapableBeanFactory.invokeInitMethods(AbstractAutowireCapableBeanFactory.java:1853)
		at org.springframework.beans.factory.support.AbstractAutowireCapableBeanFactory.initializeBean(AbstractAutowireCapableBeanFactory.java:1802)
		... 58 more
	Caused by: org.flywaydb.core.internal.sqlscript.FlywaySqlScriptException: Migration V1__create_tables.sql failed
--------------------------------------
SQL State  : 42703
Error Code : 0
Message    : ERRO: coluna "lin_linha_sentido" referenciada na restrição de chave estrangeira não existe
Location   : db/migration/V1__create_tables.sql (C:\Users\Erick.ferreira\Documents\workspace-jdk17\CitMobi2\target\classes\db\migration\V1__create_tables.sql)
Line       : 68
Statement  : CREATE TABLE T_LIN_ITINERARIO (
   LIN_LINHA_ID varchar(30) NOT NULL,
   LIN_LINHA_ATENDIMENTO varchar(15) NOT NULL,
   LIN_LINHA_PREFIXO varchar(255) NOT NULL,
   LIN_PARADA_ID bigserial NOT NULL,
   GLB_MUNICIPIO_COD bigint NOT NULL,
   LIN_ITINERARIO_SENTIDO varchar(12) NOT NULL,
   LIN_ITINERARIO_SEQUENCIA INT NOT NULL,
   PRIMARY KEY(LIN_PARADA_ID,LIN_ITINERARIO_SEQUENCIA,LIN_LINHA_ID,LIN_LINHA_ATENDIMENTO,GLB_MUNICIPIO_COD,LIN_ITINERARIO_SENTIDO),
   FOREIGN KEY(GLB_MUNICIPIO_COD) REFERENCES T_GLB_MUNICIPIO(GLB_MUNICIPIO_COD),
   FOREIGN KEY (LIN_PARADA_ID, GLB_MUNICIPIO_COD) REFERENCES T_LIN_PARADA(LIN_PARADA_ID, GLB_MUNICIPIO_COD),
   FOREIGN KEY (LIN_LINHA_ID, LIN_LINHA_ATENDIMENTO, GLB_MUNICIPIO_COD, LIN_LINHA_SENTIDO)
   REFERENCES T_LIN_LINHA(LIN_LINHA_ID, LIN_LINHA_ATENDIMENTO, GLB_MUNICIPIO_COD, LIN_LINHA_SENTIDO)
)

		at org.flywaydb.core.internal.sqlscript.DefaultSqlScriptExecutor.handleException(DefaultSqlScriptExecutor.java:252)
		at org.flywaydb.core.internal.sqlscript.DefaultSqlScriptExecutor.executeStatement(DefaultSqlScriptExecutor.java:214)
		at org.flywaydb.core.internal.sqlscript.DefaultSqlScriptExecutor.execute(DefaultSqlScriptExecutor.java:133)
		at org.flywaydb.core.internal.resolver.sql.SqlMigrationExecutor.executeOnce(SqlMigrationExecutor.java:65)
		at org.flywaydb.core.internal.resolver.sql.SqlMigrationExecutor.lambda$execute$0(SqlMigrationExecutor.java:57)
		at org.flywaydb.core.internal.database.DefaultExecutionStrategy.execute(DefaultExecutionStrategy.java:27)
		at org.flywaydb.core.internal.resolver.sql.SqlMigrationExecutor.execute(SqlMigrationExecutor.java:56)
		at org.flywaydb.core.internal.command.DbMigrate.doMigrateGroup(DbMigrate.java:374)
		... 77 more
	Caused by: org.postgresql.util.PSQLException: ERRO: coluna "lin_linha_sentido" referenciada na restrição de chave estrangeira não existe
		at org.postgresql.core.v3.QueryExecutorImpl.receiveErrorResponse(QueryExecutorImpl.java:2733)
		at org.postgresql.core.v3.QueryExecutorImpl.processResults(QueryExecutorImpl.java:2420)
		at org.postgresql.core.v3.QueryExecutorImpl.execute(QueryExecutorImpl.java:372)
		at org.postgresql.jdbc.PgStatement.executeInternal(PgStatement.java:517)
		at org.postgresql.jdbc.PgStatement.execute(PgStatement.java:434)
		at org.postgresql.jdbc.PgStatement.executeWithFlags(PgStatement.java:356)
		at org.postgresql.jdbc.PgStatement.executeCachedSql(PgStatement.java:341)
		at org.postgresql.jdbc.PgStatement.executeWithFlags(PgStatement.java:317)
		at org.postgresql.jdbc.PgStatement.execute(PgStatement.java:312)
		at com.zaxxer.hikari.pool.ProxyStatement.execute(ProxyStatement.java:94)
		at com.zaxxer.hikari.pool.HikariProxyStatement.execute(HikariProxyStatement.java)
		at org.flywaydb.core.internal.jdbc.JdbcTemplate.executeStatement(JdbcTemplate.java:210)
		at org.flywaydb.core.internal.sqlscript.ParsedSqlStatement.execute(ParsedSqlStatement.java:89)
		at org.flywaydb.core.internal.sqlscript.DefaultSqlScriptExecutor.executeStatement(DefaultSqlScriptExecutor.java:206)
		... 83 more
16-Jan-2025 11:46:30.474 INFO [main] org.apache.catalina.startup.HostConfig.deployDescriptor Deployment of deployment descriptor [C:\Users\Erick.ferreira\Documents\workspace-jdk17\CitMobi2\src\conf\Catalina\localhost\citMobi2.xml] has finished in [14.995] ms
16-Jan-2025 11:46:30.480 INFO [main] org.apache.coyote.AbstractProtocol.start Starting ProtocolHandler ["http-nio-8085"]
16-Jan-2025 11:46:30.516 INFO [main] org.apache.catalina.startup.Catalina.start Server startup in [15120] milliseconds
16-Jan-2025 11:46:49.091 INFO [Thread-3] org.apache.coyote.AbstractProtocol.pause Pausing ProtocolHandler ["http-nio-8085"]
16-Jan-2025 11:46:49.263 INFO [Thread-3] org.apache.catalina.core.StandardService.stopInternal Stopping service [Catalina]
16-Jan-2025 11:46:49.263 INFO [Thread-3] org.apache.coyote.AbstractProtocol.stop Stopping ProtocolHandler ["http-nio-8085"]
16-Jan-2025 11:46:49.267 INFO [Thread-3] org.apache.coyote.AbstractProtocol.destroy Destroying ProtocolHandler ["http-nio-8085"]
16-Jan-2025 11:46:49.269 WARNING [Thread-3] org.apache.catalina.loader.WebappClassLoaderBase.clearReferencesJdbc The web application [citMobi2] registered the JDBC driver [org.postgresql.Driver] but failed to unregister it when the web application was stopped. To prevent a memory leak, the JDBC Driver has been forcibly unregistered.
16-Jan-2025 11:46:51.462 INFO [main] org.apache.catalina.startup.VersionLoggerListener.log Server version name:   Apache Tomcat/10.1.26
16-Jan-2025 11:46:51.467 INFO [main] org.apache.catalina.startup.VersionLoggerListener.log Server built:          Jul 7 2024 21:02:13 UTC
16-Jan-2025 11:46:51.467 INFO [main] org.apache.catalina.startup.VersionLoggerListener.log Server version number: 10.1.26.0
16-Jan-2025 11:46:51.467 INFO [main] org.apache.catalina.startup.VersionLoggerListener.log OS Name:               Windows 11
16-Jan-2025 11:46:51.467 INFO [main] org.apache.catalina.startup.VersionLoggerListener.log OS Version:            10.0
16-Jan-2025 11:46:51.467 INFO [main] org.apache.catalina.startup.VersionLoggerListener.log Architecture:          amd64
16-Jan-2025 11:46:51.467 INFO [main] org.apache.catalina.startup.VersionLoggerListener.log Java Home:             C:\Program Files\Java\jdk-17
16-Jan-2025 11:46:51.468 INFO [main] org.apache.catalina.startup.VersionLoggerListener.log JVM Version:           17.0.11+7-LTS-207
16-Jan-2025 11:46:51.468 INFO [main] org.apache.catalina.startup.VersionLoggerListener.log JVM Vendor:            Oracle Corporation
16-Jan-2025 11:46:51.468 INFO [main] org.apache.catalina.startup.VersionLoggerListener.log CATALINA_BASE:         C:\Users\Erick.ferreira\Documents\workspace-jdk17\CitMobi2\src
16-Jan-2025 11:46:51.468 INFO [main] org.apache.catalina.startup.VersionLoggerListener.log CATALINA_HOME:         C:\Program Files\Apache Software Foundation\Tomcat 10.1
16-Jan-2025 11:46:51.485 INFO [main] org.apache.catalina.startup.VersionLoggerListener.log Command line argument: --add-opens=java.base/java.lang=ALL-UNNAMED
16-Jan-2025 11:46:51.485 INFO [main] org.apache.catalina.startup.VersionLoggerListener.log Command line argument: --add-opens=java.base/java.io=ALL-UNNAMED
16-Jan-2025 11:46:51.486 INFO [main] org.apache.catalina.startup.VersionLoggerListener.log Command line argument: --add-opens=java.base/java.util=ALL-UNNAMED
16-Jan-2025 11:46:51.486 INFO [main] org.apache.catalina.startup.VersionLoggerListener.log Command line argument: --add-opens=java.base/java.util.concurrent=ALL-UNNAMED
16-Jan-2025 11:46:51.486 INFO [main] org.apache.catalina.startup.VersionLoggerListener.log Command line argument: --add-opens=java.rmi/sun.rmi.transport=ALL-UNNAMED
16-Jan-2025 11:46:51.486 INFO [main] org.apache.catalina.startup.VersionLoggerListener.log Command line argument: -Dcatalina.home=C:\Program Files\Apache Software Foundation\Tomcat 10.1
16-Jan-2025 11:46:51.486 INFO [main] org.apache.catalina.startup.VersionLoggerListener.log Command line argument: -Dcatalina.base=C:\Users\Erick.ferreira\Documents\workspace-jdk17\CitMobi2\src
16-Jan-2025 11:46:51.486 INFO [main] org.apache.catalina.startup.VersionLoggerListener.log Command line argument: -Djava.io.tmpdir=C:\Users\Erick.ferreira\Documents\workspace-jdk17\CitMobi2\src\temp
16-Jan-2025 11:46:51.486 INFO [main] org.apache.catalina.startup.VersionLoggerListener.log Command line argument: -Djava.util.logging.config.file=C:\Users\Erick.ferreira\Documents\workspace-jdk17\CitMobi2\src\conf\logging.properties
16-Jan-2025 11:46:51.486 INFO [main] org.apache.catalina.startup.VersionLoggerListener.log Command line argument: -Djava.util.logging.manager=org.apache.juli.ClassLoaderLogManager
16-Jan-2025 11:46:51.486 INFO [main] org.apache.catalina.startup.VersionLoggerListener.log Command line argument: -javaagent:C:\Program Files\JetBrains\IntelliJ IDEA Community Edition 2024.1.4\lib\idea_rt.jar=50337:C:\Program Files\JetBrains\IntelliJ IDEA Community Edition 2024.1.4\bin
16-Jan-2025 11:46:51.486 INFO [main] org.apache.catalina.startup.VersionLoggerListener.log Command line argument: -Dfile.encoding=UTF-8
16-Jan-2025 11:46:51.496 INFO [main] org.apache.catalina.core.AprLifecycleListener.lifecycleEvent The Apache Tomcat Native library which allows using OpenSSL was not found on the java.library.path: [C:\Program Files\Java\jdk-17\bin;C:\Windows\Sun\Java\bin;C:\Windows\system32;C:\Windows;C:\Program Files\Common Files\Oracle\Java\javapath;C:\Python312\Scripts\;C:\Python312\;C:\Program Files (x86)\Common Files\Oracle\Java\javapath;C:\app\TDV.Admin\product\11.2.0\client_1\bin;C:\Windows\system32;C:\Windows;C:\Windows\System32\Wbem;C:\Windows\System32\WindowsPowerShell\v1.0\;C:\Windows\System32\OpenSSH\;C:\Program Files\Git\cmd;C:\Java_Essentials\apache-maven-3.6.3\bin;C:\Program Files\nodejs\;C:\ProgramData\chocolatey\bin;C:\Program Files\dotnet\;C:\Program Files\MySQL\MySQL Shell 8.0\bin\;C:\Users\Erick.ferreira\.console-ninja\.bin;C:\Users\Erick.ferreira\AppData\Local\Microsoft\WindowsApps;C:\Users\Erick.ferreira\AppData\Local\Programs\Microsoft VS Code\bin;C:\Program Files\Java\jdk1.8.0_291\bin;C:\Users\Erick.ferreira\AppData\Roaming\npm;C:\Program Files\JetBrains\IntelliJ IDEA Community Edition 2024.1.4\bin;;C:\Users\Erick.ferreira\.dotnet\tools;.]
16-Jan-2025 11:46:51.780 INFO [main] org.apache.coyote.AbstractProtocol.init Initializing ProtocolHandler ["http-nio-8085"]
16-Jan-2025 11:46:51.804 INFO [main] org.apache.catalina.startup.Catalina.load Server initialization in [565] milliseconds
16-Jan-2025 11:46:51.860 INFO [main] org.apache.catalina.core.StandardService.startInternal Starting service [Catalina]
16-Jan-2025 11:46:51.861 INFO [main] org.apache.catalina.core.StandardEngine.startInternal Starting Servlet engine: [Apache Tomcat/10.1.26]
16-Jan-2025 11:46:51.878 INFO [main] org.apache.catalina.startup.HostConfig.deployDescriptor Deploying deployment descriptor [C:\Users\Erick.ferreira\Documents\workspace-jdk17\CitMobi2\src\conf\Catalina\localhost\citMobi2.xml]
16-Jan-2025 11:46:58.614 INFO [main] org.apache.jasper.servlet.TldScanner.scanJars At least one JAR was scanned for TLDs yet contained no TLDs. Enable debug logging for this logger for a complete list of JARs that were scanned but no TLDs were found in them. Skipping unneeded JARs during scanning can improve startup time and JSP compilation time.
16-Jan-2025 11:47:08.707 SEVERE [main] org.apache.catalina.startup.HostConfig.deployDescriptor Error deploying deployment descriptor [C:\Users\Erick.ferreira\Documents\workspace-jdk17\CitMobi2\src\conf\Catalina\localhost\citMobi2.xml]
	java.lang.IllegalStateException: Error starting child
		at org.apache.catalina.core.ContainerBase.addChildInternal(ContainerBase.java:602)
		at org.apache.catalina.core.ContainerBase.addChild(ContainerBase.java:571)
		at org.apache.catalina.core.StandardHost.addChild(StandardHost.java:654)
		at org.apache.catalina.startup.HostConfig.deployDescriptor(HostConfig.java:635)
		at org.apache.catalina.startup.HostConfig$DeployDescriptor.run(HostConfig.java:1889)
		at java.base/java.util.concurrent.Executors$RunnableAdapter.call(Executors.java:539)
		at java.base/java.util.concurrent.FutureTask.run(FutureTask.java:264)
		at org.apache.tomcat.util.threads.InlineExecutorService.execute(InlineExecutorService.java:75)
		at java.base/java.util.concurrent.AbstractExecutorService.submit(AbstractExecutorService.java:123)
		at org.apache.catalina.startup.HostConfig.deployDescriptors(HostConfig.java:530)
		at org.apache.catalina.startup.HostConfig.deployApps(HostConfig.java:421)
		at org.apache.catalina.startup.HostConfig.start(HostConfig.java:1629)
		at org.apache.catalina.startup.HostConfig.lifecycleEvent(HostConfig.java:303)
		at org.apache.catalina.util.LifecycleBase.fireLifecycleEvent(LifecycleBase.java:109)
		at org.apache.catalina.util.LifecycleBase.setStateInternal(LifecycleBase.java:385)
		at org.apache.catalina.util.LifecycleBase.setState(LifecycleBase.java:332)
		at org.apache.catalina.core.ContainerBase.startInternal(ContainerBase.java:776)
		at org.apache.catalina.core.StandardHost.startInternal(StandardHost.java:772)
		at org.apache.catalina.util.LifecycleBase.start(LifecycleBase.java:164)
		at org.apache.catalina.core.ContainerBase$StartChild.call(ContainerBase.java:1203)
		at org.apache.catalina.core.ContainerBase$StartChild.call(ContainerBase.java:1193)
		at java.base/java.util.concurrent.FutureTask.run(FutureTask.java:264)
		at org.apache.tomcat.util.threads.InlineExecutorService.execute(InlineExecutorService.java:75)
		at java.base/java.util.concurrent.AbstractExecutorService.submit(AbstractExecutorService.java:145)
		at org.apache.catalina.core.ContainerBase.startInternal(ContainerBase.java:749)
		at org.apache.catalina.core.StandardEngine.startInternal(StandardEngine.java:203)
		at org.apache.catalina.util.LifecycleBase.start(LifecycleBase.java:164)
		at org.apache.catalina.core.StandardService.startInternal(StandardService.java:415)
		at org.apache.catalina.util.LifecycleBase.start(LifecycleBase.java:164)
		at org.apache.catalina.core.StandardServer.startInternal(StandardServer.java:874)
		at org.apache.catalina.util.LifecycleBase.start(LifecycleBase.java:164)
		at org.apache.catalina.startup.Catalina.start(Catalina.java:757)
		at java.base/jdk.internal.reflect.NativeMethodAccessorImpl.invoke0(Native Method)
		at java.base/jdk.internal.reflect.NativeMethodAccessorImpl.invoke(NativeMethodAccessorImpl.java:77)
		at java.base/jdk.internal.reflect.DelegatingMethodAccessorImpl.invoke(DelegatingMethodAccessorImpl.java:43)
		at java.base/java.lang.reflect.Method.invoke(Method.java:568)
		at org.apache.catalina.startup.Bootstrap.start(Bootstrap.java:345)
		at org.apache.catalina.startup.Bootstrap.main(Bootstrap.java:473)
	Caused by: org.apache.catalina.LifecycleException: Failed to start component [StandardEngine[Catalina].StandardHost[localhost].StandardContext[/citMobi2]]
		at org.apache.catalina.util.LifecycleBase.handleSubClassException(LifecycleBase.java:402)
		at org.apache.catalina.util.LifecycleBase.start(LifecycleBase.java:179)
		at org.apache.catalina.core.ContainerBase.addChildInternal(ContainerBase.java:599)
		... 37 more
	Caused by: org.springframework.beans.factory.BeanCreationException: Error creating bean with name 'entityManagerFactory' defined in class path resource [org/springframework/boot/autoconfigure/orm/jpa/HibernateJpaConfiguration.class]: Failed to initialize dependency 'flywayInitializer' of LoadTimeWeaverAware bean 'entityManagerFactory': Error creating bean with name 'flywayInitializer' defined in class path resource [org/springframework/boot/autoconfigure/flyway/FlywayAutoConfiguration$FlywayConfiguration.class]: Migration V1__create_tables.sql failed
--------------------------------------
SQL State  : 42703
Error Code : 0
Message    : ERRO: coluna "lin_linha_sentido" referenciada na restrição de chave estrangeira não existe
Location   : db/migration/V1__create_tables.sql (C:\Users\Erick.ferreira\Documents\workspace-jdk17\CitMobi2\target\classes\db\migration\V1__create_tables.sql)
Line       : 68
Statement  : CREATE TABLE T_LIN_ITINERARIO (
   LIN_LINHA_ID varchar(30) NOT NULL,
   LIN_LINHA_ATENDIMENTO varchar(15) NOT NULL,
   LIN_LINHA_PREFIXO varchar(255) NOT NULL,
   LIN_PARADA_ID bigserial NOT NULL,
   GLB_MUNICIPIO_COD bigint NOT NULL,
   LIN_ITINERARIO_SENTIDO varchar(12) NOT NULL,
   LIN_ITINERARIO_SEQUENCIA INT NOT NULL,
   PRIMARY KEY(LIN_PARADA_ID,LIN_ITINERARIO_SEQUENCIA,LIN_LINHA_ID,LIN_LINHA_ATENDIMENTO,GLB_MUNICIPIO_COD,LIN_ITINERARIO_SENTIDO),
   FOREIGN KEY(GLB_MUNICIPIO_COD) REFERENCES T_GLB_MUNICIPIO(GLB_MUNICIPIO_COD),
   FOREIGN KEY (LIN_PARADA_ID, GLB_MUNICIPIO_COD) REFERENCES T_LIN_PARADA(LIN_PARADA_ID, GLB_MUNICIPIO_COD),
   FOREIGN KEY (LIN_LINHA_ID, LIN_LINHA_ATENDIMENTO, GLB_MUNICIPIO_COD)
   REFERENCES T_LIN_LINHA(LIN_LINHA_ID, LIN_LINHA_ATENDIMENTO, GLB_MUNICIPIO_COD, LIN_LINHA_SENTIDO)
)

		at org.springframework.beans.factory.support.AbstractBeanFactory.doGetBean(AbstractBeanFactory.java:326)
		at org.springframework.beans.factory.support.AbstractBeanFactory.getBean(AbstractBeanFactory.java:205)
		at org.springframework.context.support.AbstractApplicationContext.finishBeanFactoryInitialization(AbstractApplicationContext.java:954)
		at org.springframework.context.support.AbstractApplicationContext.refresh(AbstractApplicationContext.java:625)
		at org.springframework.boot.web.servlet.context.ServletWebServerApplicationContext.refresh(ServletWebServerApplicationContext.java:146)
		at org.springframework.boot.SpringApplication.refresh(SpringApplication.java:754)
		at org.springframework.boot.SpringApplication.refreshContext(SpringApplication.java:456)
		at org.springframework.boot.SpringApplication.run(SpringApplication.java:335)
		at org.springframework.boot.web.servlet.support.SpringBootServletInitializer.run(SpringBootServletInitializer.java:174)
		at org.springframework.boot.web.servlet.support.SpringBootServletInitializer.createRootApplicationContext(SpringBootServletInitializer.java:154)
		at org.springframework.boot.web.servlet.support.SpringBootServletInitializer.onStartup(SpringBootServletInitializer.java:96)
		at org.springframework.web.SpringServletContainerInitializer.onStartup(SpringServletContainerInitializer.java:171)
		at org.apache.catalina.core.StandardContext.startInternal(StandardContext.java:4414)
		at org.apache.catalina.util.LifecycleBase.start(LifecycleBase.java:164)
		... 38 more
	Caused by: org.springframework.beans.factory.BeanCreationException: Error creating bean with name 'flywayInitializer' defined in class path resource [org/springframework/boot/autoconfigure/flyway/FlywayAutoConfiguration$FlywayConfiguration.class]: Migration V1__create_tables.sql failed
--------------------------------------
SQL State  : 42703
Error Code : 0
Message    : ERRO: coluna "lin_linha_sentido" referenciada na restrição de chave estrangeira não existe
Location   : db/migration/V1__create_tables.sql (C:\Users\Erick.ferreira\Documents\workspace-jdk17\CitMobi2\target\classes\db\migration\V1__create_tables.sql)
Line       : 68
Statement  : CREATE TABLE T_LIN_ITINERARIO (
   LIN_LINHA_ID varchar(30) NOT NULL,
   LIN_LINHA_ATENDIMENTO varchar(15) NOT NULL,
   LIN_LINHA_PREFIXO varchar(255) NOT NULL,
   LIN_PARADA_ID bigserial NOT NULL,
   GLB_MUNICIPIO_COD bigint NOT NULL,
   LIN_ITINERARIO_SENTIDO varchar(12) NOT NULL,
   LIN_ITINERARIO_SEQUENCIA INT NOT NULL,
   PRIMARY KEY(LIN_PARADA_ID,LIN_ITINERARIO_SEQUENCIA,LIN_LINHA_ID,LIN_LINHA_ATENDIMENTO,GLB_MUNICIPIO_COD,LIN_ITINERARIO_SENTIDO),
   FOREIGN KEY(GLB_MUNICIPIO_COD) REFERENCES T_GLB_MUNICIPIO(GLB_MUNICIPIO_COD),
   FOREIGN KEY (LIN_PARADA_ID, GLB_MUNICIPIO_COD) REFERENCES T_LIN_PARADA(LIN_PARADA_ID, GLB_MUNICIPIO_COD),
   FOREIGN KEY (LIN_LINHA_ID, LIN_LINHA_ATENDIMENTO, GLB_MUNICIPIO_COD)
   REFERENCES T_LIN_LINHA(LIN_LINHA_ID, LIN_LINHA_ATENDIMENTO, GLB_MUNICIPIO_COD, LIN_LINHA_SENTIDO)
)

		at org.springframework.beans.factory.support.AbstractAutowireCapableBeanFactory.initializeBean(AbstractAutowireCapableBeanFactory.java:1806)
		at org.springframework.beans.factory.support.AbstractAutowireCapableBeanFactory.doCreateBean(AbstractAutowireCapableBeanFactory.java:600)
		at org.springframework.beans.factory.support.AbstractAutowireCapableBeanFactory.createBean(AbstractAutowireCapableBeanFactory.java:522)
		at org.springframework.beans.factory.support.AbstractBeanFactory.lambda$doGetBean$0(AbstractBeanFactory.java:337)
		at org.springframework.beans.factory.support.DefaultSingletonBeanRegistry.getSingleton(DefaultSingletonBeanRegistry.java:234)
		at org.springframework.beans.factory.support.AbstractBeanFactory.doGetBean(AbstractBeanFactory.java:335)
		at org.springframework.beans.factory.support.AbstractBeanFactory.getBean(AbstractBeanFactory.java:200)
		at org.springframework.beans.factory.support.AbstractBeanFactory.doGetBean(AbstractBeanFactory.java:313)
		... 51 more
	Caused by: org.flywaydb.core.internal.command.DbMigrate$FlywayMigrateException: Migration V1__create_tables.sql failed
--------------------------------------
SQL State  : 42703
Error Code : 0
Message    : ERRO: coluna "lin_linha_sentido" referenciada na restrição de chave estrangeira não existe
Location   : db/migration/V1__create_tables.sql (C:\Users\Erick.ferreira\Documents\workspace-jdk17\CitMobi2\target\classes\db\migration\V1__create_tables.sql)
Line       : 68
Statement  : CREATE TABLE T_LIN_ITINERARIO (
   LIN_LINHA_ID varchar(30) NOT NULL,
   LIN_LINHA_ATENDIMENTO varchar(15) NOT NULL,
   LIN_LINHA_PREFIXO varchar(255) NOT NULL,
   LIN_PARADA_ID bigserial NOT NULL,
   GLB_MUNICIPIO_COD bigint NOT NULL,
   LIN_ITINERARIO_SENTIDO varchar(12) NOT NULL,
   LIN_ITINERARIO_SEQUENCIA INT NOT NULL,
   PRIMARY KEY(LIN_PARADA_ID,LIN_ITINERARIO_SEQUENCIA,LIN_LINHA_ID,LIN_LINHA_ATENDIMENTO,GLB_MUNICIPIO_COD,LIN_ITINERARIO_SENTIDO),
   FOREIGN KEY(GLB_MUNICIPIO_COD) REFERENCES T_GLB_MUNICIPIO(GLB_MUNICIPIO_COD),
   FOREIGN KEY (LIN_PARADA_ID, GLB_MUNICIPIO_COD) REFERENCES T_LIN_PARADA(LIN_PARADA_ID, GLB_MUNICIPIO_COD),
   FOREIGN KEY (LIN_LINHA_ID, LIN_LINHA_ATENDIMENTO, GLB_MUNICIPIO_COD)
   REFERENCES T_LIN_LINHA(LIN_LINHA_ID, LIN_LINHA_ATENDIMENTO, GLB_MUNICIPIO_COD, LIN_LINHA_SENTIDO)
)

		at org.flywaydb.core.internal.command.DbMigrate.doMigrateGroup(DbMigrate.java:382)
		at org.flywaydb.core.internal.command.DbMigrate.lambda$applyMigrations$1(DbMigrate.java:272)
		at org.flywaydb.core.internal.jdbc.TransactionalExecutionTemplate.execute(TransactionalExecutionTemplate.java:55)
		at org.flywaydb.core.internal.command.DbMigrate.applyMigrations(DbMigrate.java:271)
		at org.flywaydb.core.internal.command.DbMigrate.migrateGroup(DbMigrate.java:244)
		at org.flywaydb.core.internal.command.DbMigrate.lambda$migrateAll$0(DbMigrate.java:139)
		at org.flywaydb.database.postgresql.PostgreSQLAdvisoryLockTemplate.execute(PostgreSQLAdvisoryLockTemplate.java:73)
		at org.flywaydb.database.postgresql.PostgreSQLAdvisoryLockTemplate.lambda$execute$0(PostgreSQLAdvisoryLockTemplate.java:56)
		at org.flywaydb.core.internal.jdbc.TransactionalExecutionTemplate.execute(TransactionalExecutionTemplate.java:55)
		at org.flywaydb.database.postgresql.PostgreSQLAdvisoryLockTemplate.execute(PostgreSQLAdvisoryLockTemplate.java:56)
		at org.flywaydb.database.postgresql.PostgreSQLConnection.lock(PostgreSQLConnection.java:96)
		at org.flywaydb.core.internal.schemahistory.JdbcTableSchemaHistory.lock(JdbcTableSchemaHistory.java:145)
		at org.flywaydb.core.internal.command.DbMigrate.migrateAll(DbMigrate.java:139)
		at org.flywaydb.core.internal.command.DbMigrate.migrate(DbMigrate.java:97)
		at org.flywaydb.core.Flyway.lambda$migrate$0(Flyway.java:202)
		at org.flywaydb.core.FlywayExecutor.execute(FlywayExecutor.java:205)
		at org.flywaydb.core.Flyway.migrate(Flyway.java:147)
		at org.springframework.boot.autoconfigure.flyway.FlywayMigrationInitializer.afterPropertiesSet(FlywayMigrationInitializer.java:66)
		at org.springframework.beans.factory.support.AbstractAutowireCapableBeanFactory.invokeInitMethods(AbstractAutowireCapableBeanFactory.java:1853)
		at org.springframework.beans.factory.support.AbstractAutowireCapableBeanFactory.initializeBean(AbstractAutowireCapableBeanFactory.java:1802)
		... 58 more
	Caused by: org.flywaydb.core.internal.sqlscript.FlywaySqlScriptException: Migration V1__create_tables.sql failed
--------------------------------------
SQL State  : 42703
Error Code : 0
Message    : ERRO: coluna "lin_linha_sentido" referenciada na restrição de chave estrangeira não existe
Location   : db/migration/V1__create_tables.sql (C:\Users\Erick.ferreira\Documents\workspace-jdk17\CitMobi2\target\classes\db\migration\V1__create_tables.sql)
Line       : 68
Statement  : CREATE TABLE T_LIN_ITINERARIO (
   LIN_LINHA_ID varchar(30) NOT NULL,
   LIN_LINHA_ATENDIMENTO varchar(15) NOT NULL,
   LIN_LINHA_PREFIXO varchar(255) NOT NULL,
   LIN_PARADA_ID bigserial NOT NULL,
   GLB_MUNICIPIO_COD bigint NOT NULL,
   LIN_ITINERARIO_SENTIDO varchar(12) NOT NULL,
   LIN_ITINERARIO_SEQUENCIA INT NOT NULL,
   PRIMARY KEY(LIN_PARADA_ID,LIN_ITINERARIO_SEQUENCIA,LIN_LINHA_ID,LIN_LINHA_ATENDIMENTO,GLB_MUNICIPIO_COD,LIN_ITINERARIO_SENTIDO),
   FOREIGN KEY(GLB_MUNICIPIO_COD) REFERENCES T_GLB_MUNICIPIO(GLB_MUNICIPIO_COD),
   FOREIGN KEY (LIN_PARADA_ID, GLB_MUNICIPIO_COD) REFERENCES T_LIN_PARADA(LIN_PARADA_ID, GLB_MUNICIPIO_COD),
   FOREIGN KEY (LIN_LINHA_ID, LIN_LINHA_ATENDIMENTO, GLB_MUNICIPIO_COD)
   REFERENCES T_LIN_LINHA(LIN_LINHA_ID, LIN_LINHA_ATENDIMENTO, GLB_MUNICIPIO_COD, LIN_LINHA_SENTIDO)
)

		at org.flywaydb.core.internal.sqlscript.DefaultSqlScriptExecutor.handleException(DefaultSqlScriptExecutor.java:252)
		at org.flywaydb.core.internal.sqlscript.DefaultSqlScriptExecutor.executeStatement(DefaultSqlScriptExecutor.java:214)
		at org.flywaydb.core.internal.sqlscript.DefaultSqlScriptExecutor.execute(DefaultSqlScriptExecutor.java:133)
		at org.flywaydb.core.internal.resolver.sql.SqlMigrationExecutor.executeOnce(SqlMigrationExecutor.java:65)
		at org.flywaydb.core.internal.resolver.sql.SqlMigrationExecutor.lambda$execute$0(SqlMigrationExecutor.java:57)
		at org.flywaydb.core.internal.database.DefaultExecutionStrategy.execute(DefaultExecutionStrategy.java:27)
		at org.flywaydb.core.internal.resolver.sql.SqlMigrationExecutor.execute(SqlMigrationExecutor.java:56)
		at org.flywaydb.core.internal.command.DbMigrate.doMigrateGroup(DbMigrate.java:374)
		... 77 more
	Caused by: org.postgresql.util.PSQLException: ERRO: coluna "lin_linha_sentido" referenciada na restrição de chave estrangeira não existe
		at org.postgresql.core.v3.QueryExecutorImpl.receiveErrorResponse(QueryExecutorImpl.java:2733)
		at org.postgresql.core.v3.QueryExecutorImpl.processResults(QueryExecutorImpl.java:2420)
		at org.postgresql.core.v3.QueryExecutorImpl.execute(QueryExecutorImpl.java:372)
		at org.postgresql.jdbc.PgStatement.executeInternal(PgStatement.java:517)
		at org.postgresql.jdbc.PgStatement.execute(PgStatement.java:434)
		at org.postgresql.jdbc.PgStatement.executeWithFlags(PgStatement.java:356)
		at org.postgresql.jdbc.PgStatement.executeCachedSql(PgStatement.java:341)
		at org.postgresql.jdbc.PgStatement.executeWithFlags(PgStatement.java:317)
		at org.postgresql.jdbc.PgStatement.execute(PgStatement.java:312)
		at com.zaxxer.hikari.pool.ProxyStatement.execute(ProxyStatement.java:94)
		at com.zaxxer.hikari.pool.HikariProxyStatement.execute(HikariProxyStatement.java)
		at org.flywaydb.core.internal.jdbc.JdbcTemplate.executeStatement(JdbcTemplate.java:210)
		at org.flywaydb.core.internal.sqlscript.ParsedSqlStatement.execute(ParsedSqlStatement.java:89)
		at org.flywaydb.core.internal.sqlscript.DefaultSqlScriptExecutor.executeStatement(DefaultSqlScriptExecutor.java:206)
		... 83 more
16-Jan-2025 11:47:08.717 INFO [main] org.apache.catalina.startup.HostConfig.deployDescriptor Deployment of deployment descriptor [C:\Users\Erick.ferreira\Documents\workspace-jdk17\CitMobi2\src\conf\Catalina\localhost\citMobi2.xml] has finished in [16.840] ms
16-Jan-2025 11:47:08.721 INFO [main] org.apache.coyote.AbstractProtocol.start Starting ProtocolHandler ["http-nio-8085"]
16-Jan-2025 11:47:08.753 INFO [main] org.apache.catalina.startup.Catalina.start Server startup in [16949] milliseconds
16-Jan-2025 11:48:36.382 INFO [Thread-3] org.apache.coyote.AbstractProtocol.pause Pausing ProtocolHandler ["http-nio-8085"]
16-Jan-2025 11:48:36.548 INFO [Thread-3] org.apache.catalina.core.StandardService.stopInternal Stopping service [Catalina]
16-Jan-2025 11:48:36.549 INFO [Thread-3] org.apache.coyote.AbstractProtocol.stop Stopping ProtocolHandler ["http-nio-8085"]
16-Jan-2025 11:48:36.551 INFO [Thread-3] org.apache.coyote.AbstractProtocol.destroy Destroying ProtocolHandler ["http-nio-8085"]
16-Jan-2025 11:48:36.554 WARNING [Thread-3] org.apache.catalina.loader.WebappClassLoaderBase.clearReferencesJdbc The web application [citMobi2] registered the JDBC driver [org.postgresql.Driver] but failed to unregister it when the web application was stopped. To prevent a memory leak, the JDBC Driver has been forcibly unregistered.
16-Jan-2025 11:48:38.525 INFO [main] org.apache.catalina.startup.VersionLoggerListener.log Server version name:   Apache Tomcat/10.1.26
16-Jan-2025 11:48:38.529 INFO [main] org.apache.catalina.startup.VersionLoggerListener.log Server built:          Jul 7 2024 21:02:13 UTC
16-Jan-2025 11:48:38.529 INFO [main] org.apache.catalina.startup.VersionLoggerListener.log Server version number: 10.1.26.0
16-Jan-2025 11:48:38.530 INFO [main] org.apache.catalina.startup.VersionLoggerListener.log OS Name:               Windows 11
16-Jan-2025 11:48:38.530 INFO [main] org.apache.catalina.startup.VersionLoggerListener.log OS Version:            10.0
16-Jan-2025 11:48:38.530 INFO [main] org.apache.catalina.startup.VersionLoggerListener.log Architecture:          amd64
16-Jan-2025 11:48:38.530 INFO [main] org.apache.catalina.startup.VersionLoggerListener.log Java Home:             C:\Program Files\Java\jdk-17
16-Jan-2025 11:48:38.530 INFO [main] org.apache.catalina.startup.VersionLoggerListener.log JVM Version:           17.0.11+7-LTS-207
16-Jan-2025 11:48:38.530 INFO [main] org.apache.catalina.startup.VersionLoggerListener.log JVM Vendor:            Oracle Corporation
16-Jan-2025 11:48:38.530 INFO [main] org.apache.catalina.startup.VersionLoggerListener.log CATALINA_BASE:         C:\Users\Erick.ferreira\Documents\workspace-jdk17\CitMobi2\src
16-Jan-2025 11:48:38.530 INFO [main] org.apache.catalina.startup.VersionLoggerListener.log CATALINA_HOME:         C:\Program Files\Apache Software Foundation\Tomcat 10.1
16-Jan-2025 11:48:38.547 INFO [main] org.apache.catalina.startup.VersionLoggerListener.log Command line argument: --add-opens=java.base/java.lang=ALL-UNNAMED
16-Jan-2025 11:48:38.547 INFO [main] org.apache.catalina.startup.VersionLoggerListener.log Command line argument: --add-opens=java.base/java.io=ALL-UNNAMED
16-Jan-2025 11:48:38.547 INFO [main] org.apache.catalina.startup.VersionLoggerListener.log Command line argument: --add-opens=java.base/java.util=ALL-UNNAMED
16-Jan-2025 11:48:38.548 INFO [main] org.apache.catalina.startup.VersionLoggerListener.log Command line argument: --add-opens=java.base/java.util.concurrent=ALL-UNNAMED
16-Jan-2025 11:48:38.548 INFO [main] org.apache.catalina.startup.VersionLoggerListener.log Command line argument: --add-opens=java.rmi/sun.rmi.transport=ALL-UNNAMED
16-Jan-2025 11:48:38.548 INFO [main] org.apache.catalina.startup.VersionLoggerListener.log Command line argument: -Dcatalina.home=C:\Program Files\Apache Software Foundation\Tomcat 10.1
16-Jan-2025 11:48:38.548 INFO [main] org.apache.catalina.startup.VersionLoggerListener.log Command line argument: -Dcatalina.base=C:\Users\Erick.ferreira\Documents\workspace-jdk17\CitMobi2\src
16-Jan-2025 11:48:38.548 INFO [main] org.apache.catalina.startup.VersionLoggerListener.log Command line argument: -Djava.io.tmpdir=C:\Users\Erick.ferreira\Documents\workspace-jdk17\CitMobi2\src\temp
16-Jan-2025 11:48:38.548 INFO [main] org.apache.catalina.startup.VersionLoggerListener.log Command line argument: -Djava.util.logging.config.file=C:\Users\Erick.ferreira\Documents\workspace-jdk17\CitMobi2\src\conf\logging.properties
16-Jan-2025 11:48:38.548 INFO [main] org.apache.catalina.startup.VersionLoggerListener.log Command line argument: -Djava.util.logging.manager=org.apache.juli.ClassLoaderLogManager
16-Jan-2025 11:48:38.548 INFO [main] org.apache.catalina.startup.VersionLoggerListener.log Command line argument: -javaagent:C:\Program Files\JetBrains\IntelliJ IDEA Community Edition 2024.1.4\lib\idea_rt.jar=50398:C:\Program Files\JetBrains\IntelliJ IDEA Community Edition 2024.1.4\bin
16-Jan-2025 11:48:38.548 INFO [main] org.apache.catalina.startup.VersionLoggerListener.log Command line argument: -Dfile.encoding=UTF-8
16-Jan-2025 11:48:38.559 INFO [main] org.apache.catalina.core.AprLifecycleListener.lifecycleEvent The Apache Tomcat Native library which allows using OpenSSL was not found on the java.library.path: [C:\Program Files\Java\jdk-17\bin;C:\Windows\Sun\Java\bin;C:\Windows\system32;C:\Windows;C:\Program Files\Common Files\Oracle\Java\javapath;C:\Python312\Scripts\;C:\Python312\;C:\Program Files (x86)\Common Files\Oracle\Java\javapath;C:\app\TDV.Admin\product\11.2.0\client_1\bin;C:\Windows\system32;C:\Windows;C:\Windows\System32\Wbem;C:\Windows\System32\WindowsPowerShell\v1.0\;C:\Windows\System32\OpenSSH\;C:\Program Files\Git\cmd;C:\Java_Essentials\apache-maven-3.6.3\bin;C:\Program Files\nodejs\;C:\ProgramData\chocolatey\bin;C:\Program Files\dotnet\;C:\Program Files\MySQL\MySQL Shell 8.0\bin\;C:\Users\Erick.ferreira\.console-ninja\.bin;C:\Users\Erick.ferreira\AppData\Local\Microsoft\WindowsApps;C:\Users\Erick.ferreira\AppData\Local\Programs\Microsoft VS Code\bin;C:\Program Files\Java\jdk1.8.0_291\bin;C:\Users\Erick.ferreira\AppData\Roaming\npm;C:\Program Files\JetBrains\IntelliJ IDEA Community Edition 2024.1.4\bin;;C:\Users\Erick.ferreira\.dotnet\tools;.]
16-Jan-2025 11:48:38.811 INFO [main] org.apache.coyote.AbstractProtocol.init Initializing ProtocolHandler ["http-nio-8085"]
16-Jan-2025 11:48:38.840 INFO [main] org.apache.catalina.startup.Catalina.load Server initialization in [524] milliseconds
16-Jan-2025 11:48:38.902 INFO [main] org.apache.catalina.core.StandardService.startInternal Starting service [Catalina]
16-Jan-2025 11:48:38.902 INFO [main] org.apache.catalina.core.StandardEngine.startInternal Starting Servlet engine: [Apache Tomcat/10.1.26]
16-Jan-2025 11:48:38.917 INFO [main] org.apache.catalina.startup.HostConfig.deployDescriptor Deploying deployment descriptor [C:\Users\Erick.ferreira\Documents\workspace-jdk17\CitMobi2\src\conf\Catalina\localhost\citMobi2.xml]
16-Jan-2025 11:48:44.806 INFO [main] org.apache.jasper.servlet.TldScanner.scanJars At least one JAR was scanned for TLDs yet contained no TLDs. Enable debug logging for this logger for a complete list of JARs that were scanned but no TLDs were found in them. Skipping unneeded JARs during scanning can improve startup time and JSP compilation time.
16-Jan-2025 11:49:02.451 INFO [main] org.apache.catalina.startup.HostConfig.deployDescriptor Deployment of deployment descriptor [C:\Users\Erick.ferreira\Documents\workspace-jdk17\CitMobi2\src\conf\Catalina\localhost\citMobi2.xml] has finished in [23.534] ms
16-Jan-2025 11:49:02.456 INFO [main] org.apache.coyote.AbstractProtocol.start Starting ProtocolHandler ["http-nio-8085"]
16-Jan-2025 11:49:02.501 INFO [main] org.apache.catalina.startup.Catalina.start Server startup in [23660] milliseconds
16-Jan-2025 11:52:54.769 INFO [Thread-3] org.apache.coyote.AbstractProtocol.pause Pausing ProtocolHandler ["http-nio-8085"]
16-Jan-2025 11:52:55.012 INFO [Thread-3] org.apache.catalina.core.StandardService.stopInternal Stopping service [Catalina]
16-Jan-2025 11:52:55.162 INFO [Thread-3] org.apache.coyote.AbstractProtocol.stop Stopping ProtocolHandler ["http-nio-8085"]
16-Jan-2025 11:52:55.169 INFO [Thread-3] org.apache.coyote.AbstractProtocol.destroy Destroying ProtocolHandler ["http-nio-8085"]
16-Jan-2025 11:55:17.754 INFO [main] org.apache.catalina.startup.VersionLoggerListener.log Server version name:   Apache Tomcat/10.1.26
16-Jan-2025 11:55:17.759 INFO [main] org.apache.catalina.startup.VersionLoggerListener.log Server built:          Jul 7 2024 21:02:13 UTC
16-Jan-2025 11:55:17.760 INFO [main] org.apache.catalina.startup.VersionLoggerListener.log Server version number: 10.1.26.0
16-Jan-2025 11:55:17.760 INFO [main] org.apache.catalina.startup.VersionLoggerListener.log OS Name:               Windows 11
16-Jan-2025 11:55:17.760 INFO [main] org.apache.catalina.startup.VersionLoggerListener.log OS Version:            10.0
16-Jan-2025 11:55:17.760 INFO [main] org.apache.catalina.startup.VersionLoggerListener.log Architecture:          amd64
16-Jan-2025 11:55:17.760 INFO [main] org.apache.catalina.startup.VersionLoggerListener.log Java Home:             C:\Program Files\Java\jdk-17
16-Jan-2025 11:55:17.760 INFO [main] org.apache.catalina.startup.VersionLoggerListener.log JVM Version:           17.0.11+7-LTS-207
16-Jan-2025 11:55:17.760 INFO [main] org.apache.catalina.startup.VersionLoggerListener.log JVM Vendor:            Oracle Corporation
16-Jan-2025 11:55:17.760 INFO [main] org.apache.catalina.startup.VersionLoggerListener.log CATALINA_BASE:         C:\Users\Erick.ferreira\Documents\workspace-jdk17\CitMobi2\src
16-Jan-2025 11:55:17.760 INFO [main] org.apache.catalina.startup.VersionLoggerListener.log CATALINA_HOME:         C:\Program Files\Apache Software Foundation\Tomcat 10.1
16-Jan-2025 11:55:17.777 INFO [main] org.apache.catalina.startup.VersionLoggerListener.log Command line argument: --add-opens=java.base/java.lang=ALL-UNNAMED
16-Jan-2025 11:55:17.777 INFO [main] org.apache.catalina.startup.VersionLoggerListener.log Command line argument: --add-opens=java.base/java.io=ALL-UNNAMED
16-Jan-2025 11:55:17.777 INFO [main] org.apache.catalina.startup.VersionLoggerListener.log Command line argument: --add-opens=java.base/java.util=ALL-UNNAMED
16-Jan-2025 11:55:17.777 INFO [main] org.apache.catalina.startup.VersionLoggerListener.log Command line argument: --add-opens=java.base/java.util.concurrent=ALL-UNNAMED
16-Jan-2025 11:55:17.777 INFO [main] org.apache.catalina.startup.VersionLoggerListener.log Command line argument: --add-opens=java.rmi/sun.rmi.transport=ALL-UNNAMED
16-Jan-2025 11:55:17.777 INFO [main] org.apache.catalina.startup.VersionLoggerListener.log Command line argument: -Dcatalina.home=C:\Program Files\Apache Software Foundation\Tomcat 10.1
16-Jan-2025 11:55:17.777 INFO [main] org.apache.catalina.startup.VersionLoggerListener.log Command line argument: -Dcatalina.base=C:\Users\Erick.ferreira\Documents\workspace-jdk17\CitMobi2\src
16-Jan-2025 11:55:17.777 INFO [main] org.apache.catalina.startup.VersionLoggerListener.log Command line argument: -Djava.io.tmpdir=C:\Users\Erick.ferreira\Documents\workspace-jdk17\CitMobi2\src\temp
16-Jan-2025 11:55:17.778 INFO [main] org.apache.catalina.startup.VersionLoggerListener.log Command line argument: -Djava.util.logging.config.file=C:\Users\Erick.ferreira\Documents\workspace-jdk17\CitMobi2\src\conf\logging.properties
16-Jan-2025 11:55:17.778 INFO [main] org.apache.catalina.startup.VersionLoggerListener.log Command line argument: -Djava.util.logging.manager=org.apache.juli.ClassLoaderLogManager
16-Jan-2025 11:55:17.778 INFO [main] org.apache.catalina.startup.VersionLoggerListener.log Command line argument: -javaagent:C:\Program Files\JetBrains\IntelliJ IDEA Community Edition 2024.1.4\lib\idea_rt.jar=50550:C:\Program Files\JetBrains\IntelliJ IDEA Community Edition 2024.1.4\bin
16-Jan-2025 11:55:17.778 INFO [main] org.apache.catalina.startup.VersionLoggerListener.log Command line argument: -Dfile.encoding=UTF-8
16-Jan-2025 11:55:17.787 INFO [main] org.apache.catalina.core.AprLifecycleListener.lifecycleEvent The Apache Tomcat Native library which allows using OpenSSL was not found on the java.library.path: [C:\Program Files\Java\jdk-17\bin;C:\Windows\Sun\Java\bin;C:\Windows\system32;C:\Windows;C:\Program Files\Common Files\Oracle\Java\javapath;C:\Python312\Scripts\;C:\Python312\;C:\Program Files (x86)\Common Files\Oracle\Java\javapath;C:\app\TDV.Admin\product\11.2.0\client_1\bin;C:\Windows\system32;C:\Windows;C:\Windows\System32\Wbem;C:\Windows\System32\WindowsPowerShell\v1.0\;C:\Windows\System32\OpenSSH\;C:\Program Files\Git\cmd;C:\Java_Essentials\apache-maven-3.6.3\bin;C:\Program Files\nodejs\;C:\ProgramData\chocolatey\bin;C:\Program Files\dotnet\;C:\Program Files\MySQL\MySQL Shell 8.0\bin\;C:\Users\Erick.ferreira\.console-ninja\.bin;C:\Users\Erick.ferreira\AppData\Local\Microsoft\WindowsApps;C:\Users\Erick.ferreira\AppData\Local\Programs\Microsoft VS Code\bin;C:\Program Files\Java\jdk1.8.0_291\bin;C:\Users\Erick.ferreira\AppData\Roaming\npm;C:\Program Files\JetBrains\IntelliJ IDEA Community Edition 2024.1.4\bin;;C:\Users\Erick.ferreira\.dotnet\tools;.]
16-Jan-2025 11:55:18.051 INFO [main] org.apache.coyote.AbstractProtocol.init Initializing ProtocolHandler ["http-nio-8085"]
16-Jan-2025 11:55:18.084 INFO [main] org.apache.catalina.startup.Catalina.load Server initialization in [546] milliseconds
16-Jan-2025 11:55:18.149 INFO [main] org.apache.catalina.core.StandardService.startInternal Starting service [Catalina]
16-Jan-2025 11:55:18.149 INFO [main] org.apache.catalina.core.StandardEngine.startInternal Starting Servlet engine: [Apache Tomcat/10.1.26]
16-Jan-2025 11:55:18.167 INFO [main] org.apache.catalina.startup.HostConfig.deployDescriptor Deploying deployment descriptor [C:\Users\Erick.ferreira\Documents\workspace-jdk17\CitMobi2\src\conf\Catalina\localhost\citMobi2.xml]
16-Jan-2025 11:55:24.221 INFO [main] org.apache.jasper.servlet.TldScanner.scanJars At least one JAR was scanned for TLDs yet contained no TLDs. Enable debug logging for this logger for a complete list of JARs that were scanned but no TLDs were found in them. Skipping unneeded JARs during scanning can improve startup time and JSP compilation time.
16-Jan-2025 11:55:41.888 INFO [main] org.apache.catalina.startup.HostConfig.deployDescriptor Deployment of deployment descriptor [C:\Users\Erick.ferreira\Documents\workspace-jdk17\CitMobi2\src\conf\Catalina\localhost\citMobi2.xml] has finished in [23.722] ms
16-Jan-2025 11:55:41.893 INFO [main] org.apache.coyote.AbstractProtocol.start Starting ProtocolHandler ["http-nio-8085"]
16-Jan-2025 11:55:41.941 INFO [main] org.apache.catalina.startup.Catalina.start Server startup in [23857] milliseconds
16-Jan-2025 11:56:45.344 INFO [Thread-3] org.apache.coyote.AbstractProtocol.pause Pausing ProtocolHandler ["http-nio-8085"]
16-Jan-2025 11:56:45.512 INFO [Thread-3] org.apache.catalina.core.StandardService.stopInternal Stopping service [Catalina]
16-Jan-2025 11:56:45.630 INFO [Thread-3] org.apache.coyote.AbstractProtocol.stop Stopping ProtocolHandler ["http-nio-8085"]
16-Jan-2025 11:56:45.642 INFO [Thread-3] org.apache.coyote.AbstractProtocol.destroy Destroying ProtocolHandler ["http-nio-8085"]
16-Jan-2025 11:56:50.012 INFO [main] org.apache.catalina.startup.VersionLoggerListener.log Server version name:   Apache Tomcat/10.1.26
16-Jan-2025 11:56:50.017 INFO [main] org.apache.catalina.startup.VersionLoggerListener.log Server built:          Jul 7 2024 21:02:13 UTC
16-Jan-2025 11:56:50.017 INFO [main] org.apache.catalina.startup.VersionLoggerListener.log Server version number: 10.1.26.0
16-Jan-2025 11:56:50.017 INFO [main] org.apache.catalina.startup.VersionLoggerListener.log OS Name:               Windows 11
16-Jan-2025 11:56:50.018 INFO [main] org.apache.catalina.startup.VersionLoggerListener.log OS Version:            10.0
16-Jan-2025 11:56:50.018 INFO [main] org.apache.catalina.startup.VersionLoggerListener.log Architecture:          amd64
16-Jan-2025 11:56:50.018 INFO [main] org.apache.catalina.startup.VersionLoggerListener.log Java Home:             C:\Program Files\Java\jdk-17
16-Jan-2025 11:56:50.018 INFO [main] org.apache.catalina.startup.VersionLoggerListener.log JVM Version:           17.0.11+7-LTS-207
16-Jan-2025 11:56:50.018 INFO [main] org.apache.catalina.startup.VersionLoggerListener.log JVM Vendor:            Oracle Corporation
16-Jan-2025 11:56:50.018 INFO [main] org.apache.catalina.startup.VersionLoggerListener.log CATALINA_BASE:         C:\Users\Erick.ferreira\Documents\workspace-jdk17\CitMobi2\src
16-Jan-2025 11:56:50.019 INFO [main] org.apache.catalina.startup.VersionLoggerListener.log CATALINA_HOME:         C:\Program Files\Apache Software Foundation\Tomcat 10.1
16-Jan-2025 11:56:50.038 INFO [main] org.apache.catalina.startup.VersionLoggerListener.log Command line argument: --add-opens=java.base/java.lang=ALL-UNNAMED
16-Jan-2025 11:56:50.039 INFO [main] org.apache.catalina.startup.VersionLoggerListener.log Command line argument: --add-opens=java.base/java.io=ALL-UNNAMED
16-Jan-2025 11:56:50.039 INFO [main] org.apache.catalina.startup.VersionLoggerListener.log Command line argument: --add-opens=java.base/java.util=ALL-UNNAMED
16-Jan-2025 11:56:50.039 INFO [main] org.apache.catalina.startup.VersionLoggerListener.log Command line argument: --add-opens=java.base/java.util.concurrent=ALL-UNNAMED
16-Jan-2025 11:56:50.039 INFO [main] org.apache.catalina.startup.VersionLoggerListener.log Command line argument: --add-opens=java.rmi/sun.rmi.transport=ALL-UNNAMED
16-Jan-2025 11:56:50.039 INFO [main] org.apache.catalina.startup.VersionLoggerListener.log Command line argument: -Dcatalina.home=C:\Program Files\Apache Software Foundation\Tomcat 10.1
16-Jan-2025 11:56:50.039 INFO [main] org.apache.catalina.startup.VersionLoggerListener.log Command line argument: -Dcatalina.base=C:\Users\Erick.ferreira\Documents\workspace-jdk17\CitMobi2\src
16-Jan-2025 11:56:50.039 INFO [main] org.apache.catalina.startup.VersionLoggerListener.log Command line argument: -Djava.io.tmpdir=C:\Users\Erick.ferreira\Documents\workspace-jdk17\CitMobi2\src\temp
16-Jan-2025 11:56:50.040 INFO [main] org.apache.catalina.startup.VersionLoggerListener.log Command line argument: -Djava.util.logging.config.file=C:\Users\Erick.ferreira\Documents\workspace-jdk17\CitMobi2\src\conf\logging.properties
16-Jan-2025 11:56:50.040 INFO [main] org.apache.catalina.startup.VersionLoggerListener.log Command line argument: -Djava.util.logging.manager=org.apache.juli.ClassLoaderLogManager
16-Jan-2025 11:56:50.040 INFO [main] org.apache.catalina.startup.VersionLoggerListener.log Command line argument: -javaagent:C:\Program Files\JetBrains\IntelliJ IDEA Community Edition 2024.1.4\lib\idea_rt.jar=50587:C:\Program Files\JetBrains\IntelliJ IDEA Community Edition 2024.1.4\bin
16-Jan-2025 11:56:50.040 INFO [main] org.apache.catalina.startup.VersionLoggerListener.log Command line argument: -Dfile.encoding=UTF-8
16-Jan-2025 11:56:50.052 INFO [main] org.apache.catalina.core.AprLifecycleListener.lifecycleEvent The Apache Tomcat Native library which allows using OpenSSL was not found on the java.library.path: [C:\Program Files\Java\jdk-17\bin;C:\Windows\Sun\Java\bin;C:\Windows\system32;C:\Windows;C:\Program Files\Common Files\Oracle\Java\javapath;C:\Python312\Scripts\;C:\Python312\;C:\Program Files (x86)\Common Files\Oracle\Java\javapath;C:\app\TDV.Admin\product\11.2.0\client_1\bin;C:\Windows\system32;C:\Windows;C:\Windows\System32\Wbem;C:\Windows\System32\WindowsPowerShell\v1.0\;C:\Windows\System32\OpenSSH\;C:\Program Files\Git\cmd;C:\Java_Essentials\apache-maven-3.6.3\bin;C:\Program Files\nodejs\;C:\ProgramData\chocolatey\bin;C:\Program Files\dotnet\;C:\Program Files\MySQL\MySQL Shell 8.0\bin\;C:\Users\Erick.ferreira\.console-ninja\.bin;C:\Users\Erick.ferreira\AppData\Local\Microsoft\WindowsApps;C:\Users\Erick.ferreira\AppData\Local\Programs\Microsoft VS Code\bin;C:\Program Files\Java\jdk1.8.0_291\bin;C:\Users\Erick.ferreira\AppData\Roaming\npm;C:\Program Files\JetBrains\IntelliJ IDEA Community Edition 2024.1.4\bin;;C:\Users\Erick.ferreira\.dotnet\tools;.]
16-Jan-2025 11:56:50.358 INFO [main] org.apache.coyote.AbstractProtocol.init Initializing ProtocolHandler ["http-nio-8085"]
16-Jan-2025 11:56:50.385 INFO [main] org.apache.catalina.startup.Catalina.load Server initialization in [594] milliseconds
16-Jan-2025 11:56:50.453 INFO [main] org.apache.catalina.core.StandardService.startInternal Starting service [Catalina]
16-Jan-2025 11:56:50.453 INFO [main] org.apache.catalina.core.StandardEngine.startInternal Starting Servlet engine: [Apache Tomcat/10.1.26]
16-Jan-2025 11:56:50.470 INFO [main] org.apache.catalina.startup.HostConfig.deployDescriptor Deploying deployment descriptor [C:\Users\Erick.ferreira\Documents\workspace-jdk17\CitMobi2\src\conf\Catalina\localhost\citMobi2.xml]
16-Jan-2025 11:56:56.936 INFO [main] org.apache.jasper.servlet.TldScanner.scanJars At least one JAR was scanned for TLDs yet contained no TLDs. Enable debug logging for this logger for a complete list of JARs that were scanned but no TLDs were found in them. Skipping unneeded JARs during scanning can improve startup time and JSP compilation time.
16-Jan-2025 11:57:17.417 INFO [main] org.apache.catalina.startup.HostConfig.deployDescriptor Deployment of deployment descriptor [C:\Users\Erick.ferreira\Documents\workspace-jdk17\CitMobi2\src\conf\Catalina\localhost\citMobi2.xml] has finished in [26.948] ms
16-Jan-2025 11:57:17.422 INFO [main] org.apache.coyote.AbstractProtocol.start Starting ProtocolHandler ["http-nio-8085"]
16-Jan-2025 11:57:17.459 INFO [main] org.apache.catalina.startup.Catalina.start Server startup in [27074] milliseconds
16-Jan-2025 12:04:44.389 INFO [Thread-3] org.apache.coyote.AbstractProtocol.pause Pausing ProtocolHandler ["http-nio-8085"]
16-Jan-2025 12:04:44.612 INFO [Thread-3] org.apache.catalina.core.StandardService.stopInternal Stopping service [Catalina]
16-Jan-2025 12:04:51.039 INFO [Thread-3] org.apache.coyote.AbstractProtocol.stop Stopping ProtocolHandler ["http-nio-8085"]
16-Jan-2025 12:04:51.049 INFO [Thread-3] org.apache.coyote.AbstractProtocol.destroy Destroying ProtocolHandler ["http-nio-8085"]
16-Jan-2025 12:05:00.672 INFO [main] org.apache.catalina.startup.VersionLoggerListener.log Server version name:   Apache Tomcat/10.1.26
16-Jan-2025 12:05:00.677 INFO [main] org.apache.catalina.startup.VersionLoggerListener.log Server built:          Jul 7 2024 21:02:13 UTC
16-Jan-2025 12:05:00.677 INFO [main] org.apache.catalina.startup.VersionLoggerListener.log Server version number: 10.1.26.0
16-Jan-2025 12:05:00.677 INFO [main] org.apache.catalina.startup.VersionLoggerListener.log OS Name:               Windows 11
16-Jan-2025 12:05:00.677 INFO [main] org.apache.catalina.startup.VersionLoggerListener.log OS Version:            10.0
16-Jan-2025 12:05:00.677 INFO [main] org.apache.catalina.startup.VersionLoggerListener.log Architecture:          amd64
16-Jan-2025 12:05:00.677 INFO [main] org.apache.catalina.startup.VersionLoggerListener.log Java Home:             C:\Program Files\Java\jdk-17
16-Jan-2025 12:05:00.678 INFO [main] org.apache.catalina.startup.VersionLoggerListener.log JVM Version:           17.0.11+7-LTS-207
16-Jan-2025 12:05:00.678 INFO [main] org.apache.catalina.startup.VersionLoggerListener.log JVM Vendor:            Oracle Corporation
16-Jan-2025 12:05:00.678 INFO [main] org.apache.catalina.startup.VersionLoggerListener.log CATALINA_BASE:         C:\Users\Erick.ferreira\Documents\workspace-jdk17\CitMobi2\src
16-Jan-2025 12:05:00.678 INFO [main] org.apache.catalina.startup.VersionLoggerListener.log CATALINA_HOME:         C:\Program Files\Apache Software Foundation\Tomcat 10.1
16-Jan-2025 12:05:00.694 INFO [main] org.apache.catalina.startup.VersionLoggerListener.log Command line argument: --add-opens=java.base/java.lang=ALL-UNNAMED
16-Jan-2025 12:05:00.694 INFO [main] org.apache.catalina.startup.VersionLoggerListener.log Command line argument: --add-opens=java.base/java.io=ALL-UNNAMED
16-Jan-2025 12:05:00.694 INFO [main] org.apache.catalina.startup.VersionLoggerListener.log Command line argument: --add-opens=java.base/java.util=ALL-UNNAMED
16-Jan-2025 12:05:00.694 INFO [main] org.apache.catalina.startup.VersionLoggerListener.log Command line argument: --add-opens=java.base/java.util.concurrent=ALL-UNNAMED
16-Jan-2025 12:05:00.694 INFO [main] org.apache.catalina.startup.VersionLoggerListener.log Command line argument: --add-opens=java.rmi/sun.rmi.transport=ALL-UNNAMED
16-Jan-2025 12:05:00.694 INFO [main] org.apache.catalina.startup.VersionLoggerListener.log Command line argument: -Dcatalina.home=C:\Program Files\Apache Software Foundation\Tomcat 10.1
16-Jan-2025 12:05:00.695 INFO [main] org.apache.catalina.startup.VersionLoggerListener.log Command line argument: -Dcatalina.base=C:\Users\Erick.ferreira\Documents\workspace-jdk17\CitMobi2\src
16-Jan-2025 12:05:00.695 INFO [main] org.apache.catalina.startup.VersionLoggerListener.log Command line argument: -Djava.io.tmpdir=C:\Users\Erick.ferreira\Documents\workspace-jdk17\CitMobi2\src\temp
16-Jan-2025 12:05:00.695 INFO [main] org.apache.catalina.startup.VersionLoggerListener.log Command line argument: -Djava.util.logging.config.file=C:\Users\Erick.ferreira\Documents\workspace-jdk17\CitMobi2\src\conf\logging.properties
16-Jan-2025 12:05:00.695 INFO [main] org.apache.catalina.startup.VersionLoggerListener.log Command line argument: -Djava.util.logging.manager=org.apache.juli.ClassLoaderLogManager
16-Jan-2025 12:05:00.695 INFO [main] org.apache.catalina.startup.VersionLoggerListener.log Command line argument: -javaagent:C:\Program Files\JetBrains\IntelliJ IDEA Community Edition 2024.1.4\lib\idea_rt.jar=50949:C:\Program Files\JetBrains\IntelliJ IDEA Community Edition 2024.1.4\bin
16-Jan-2025 12:05:00.695 INFO [main] org.apache.catalina.startup.VersionLoggerListener.log Command line argument: -Dfile.encoding=UTF-8
16-Jan-2025 12:05:00.703 INFO [main] org.apache.catalina.core.AprLifecycleListener.lifecycleEvent The Apache Tomcat Native library which allows using OpenSSL was not found on the java.library.path: [C:\Program Files\Java\jdk-17\bin;C:\Windows\Sun\Java\bin;C:\Windows\system32;C:\Windows;C:\Program Files\Common Files\Oracle\Java\javapath;C:\Python312\Scripts\;C:\Python312\;C:\Program Files (x86)\Common Files\Oracle\Java\javapath;C:\app\TDV.Admin\product\11.2.0\client_1\bin;C:\Windows\system32;C:\Windows;C:\Windows\System32\Wbem;C:\Windows\System32\WindowsPowerShell\v1.0\;C:\Windows\System32\OpenSSH\;C:\Program Files\Git\cmd;C:\Java_Essentials\apache-maven-3.6.3\bin;C:\Program Files\nodejs\;C:\ProgramData\chocolatey\bin;C:\Program Files\dotnet\;C:\Program Files\MySQL\MySQL Shell 8.0\bin\;C:\Users\Erick.ferreira\.console-ninja\.bin;C:\Users\Erick.ferreira\AppData\Local\Microsoft\WindowsApps;C:\Users\Erick.ferreira\AppData\Local\Programs\Microsoft VS Code\bin;C:\Program Files\Java\jdk1.8.0_291\bin;C:\Users\Erick.ferreira\AppData\Roaming\npm;C:\Program Files\JetBrains\IntelliJ IDEA Community Edition 2024.1.4\bin;;C:\Users\Erick.ferreira\.dotnet\tools;.]
16-Jan-2025 12:05:00.936 INFO [main] org.apache.coyote.AbstractProtocol.init Initializing ProtocolHandler ["http-nio-8085"]
16-Jan-2025 12:05:00.957 INFO [main] org.apache.catalina.startup.Catalina.load Server initialization in [467] milliseconds
16-Jan-2025 12:05:01.017 INFO [main] org.apache.catalina.core.StandardService.startInternal Starting service [Catalina]
16-Jan-2025 12:05:01.017 INFO [main] org.apache.catalina.core.StandardEngine.startInternal Starting Servlet engine: [Apache Tomcat/10.1.26]
16-Jan-2025 12:05:01.032 INFO [main] org.apache.catalina.startup.HostConfig.deployDescriptor Deploying deployment descriptor [C:\Users\Erick.ferreira\Documents\workspace-jdk17\CitMobi2\src\conf\Catalina\localhost\citMobi2.xml]
16-Jan-2025 12:05:07.965 INFO [main] org.apache.jasper.servlet.TldScanner.scanJars At least one JAR was scanned for TLDs yet contained no TLDs. Enable debug logging for this logger for a complete list of JARs that were scanned but no TLDs were found in them. Skipping unneeded JARs during scanning can improve startup time and JSP compilation time.
16-Jan-2025 12:05:29.071 INFO [main] org.apache.catalina.startup.HostConfig.deployDescriptor Deployment of deployment descriptor [C:\Users\Erick.ferreira\Documents\workspace-jdk17\CitMobi2\src\conf\Catalina\localhost\citMobi2.xml] has finished in [28.038] ms
16-Jan-2025 12:05:29.081 INFO [main] org.apache.coyote.AbstractProtocol.start Starting ProtocolHandler ["http-nio-8085"]
16-Jan-2025 12:05:29.151 INFO [main] org.apache.catalina.startup.Catalina.start Server startup in [28193] milliseconds
16-Jan-2025 12:06:44.633 INFO [Thread-3] org.apache.coyote.AbstractProtocol.pause Pausing ProtocolHandler ["http-nio-8085"]
16-Jan-2025 12:06:44.880 INFO [Thread-3] org.apache.catalina.core.StandardService.stopInternal Stopping service [Catalina]
16-Jan-2025 12:06:45.057 INFO [Thread-3] org.apache.coyote.AbstractProtocol.stop Stopping ProtocolHandler ["http-nio-8085"]
16-Jan-2025 12:06:45.065 INFO [Thread-3] org.apache.coyote.AbstractProtocol.destroy Destroying ProtocolHandler ["http-nio-8085"]
16-Jan-2025 12:06:46.344 INFO [main] org.apache.catalina.startup.VersionLoggerListener.log Server version name:   Apache Tomcat/10.1.26
16-Jan-2025 12:06:46.350 INFO [main] org.apache.catalina.startup.VersionLoggerListener.log Server built:          Jul 7 2024 21:02:13 UTC
16-Jan-2025 12:06:46.350 INFO [main] org.apache.catalina.startup.VersionLoggerListener.log Server version number: 10.1.26.0
16-Jan-2025 12:06:46.350 INFO [main] org.apache.catalina.startup.VersionLoggerListener.log OS Name:               Windows 11
16-Jan-2025 12:06:46.350 INFO [main] org.apache.catalina.startup.VersionLoggerListener.log OS Version:            10.0
16-Jan-2025 12:06:46.350 INFO [main] org.apache.catalina.startup.VersionLoggerListener.log Architecture:          amd64
16-Jan-2025 12:06:46.350 INFO [main] org.apache.catalina.startup.VersionLoggerListener.log Java Home:             C:\Program Files\Java\jdk-17
16-Jan-2025 12:06:46.351 INFO [main] org.apache.catalina.startup.VersionLoggerListener.log JVM Version:           17.0.11+7-LTS-207
16-Jan-2025 12:06:46.351 INFO [main] org.apache.catalina.startup.VersionLoggerListener.log JVM Vendor:            Oracle Corporation
16-Jan-2025 12:06:46.351 INFO [main] org.apache.catalina.startup.VersionLoggerListener.log CATALINA_BASE:         C:\Users\Erick.ferreira\Documents\workspace-jdk17\CitMobi2\src
16-Jan-2025 12:06:46.351 INFO [main] org.apache.catalina.startup.VersionLoggerListener.log CATALINA_HOME:         C:\Program Files\Apache Software Foundation\Tomcat 10.1
16-Jan-2025 12:06:46.372 INFO [main] org.apache.catalina.startup.VersionLoggerListener.log Command line argument: --add-opens=java.base/java.lang=ALL-UNNAMED
16-Jan-2025 12:06:46.373 INFO [main] org.apache.catalina.startup.VersionLoggerListener.log Command line argument: --add-opens=java.base/java.io=ALL-UNNAMED
16-Jan-2025 12:06:46.373 INFO [main] org.apache.catalina.startup.VersionLoggerListener.log Command line argument: --add-opens=java.base/java.util=ALL-UNNAMED
16-Jan-2025 12:06:46.373 INFO [main] org.apache.catalina.startup.VersionLoggerListener.log Command line argument: --add-opens=java.base/java.util.concurrent=ALL-UNNAMED
16-Jan-2025 12:06:46.373 INFO [main] org.apache.catalina.startup.VersionLoggerListener.log Command line argument: --add-opens=java.rmi/sun.rmi.transport=ALL-UNNAMED
16-Jan-2025 12:06:46.374 INFO [main] org.apache.catalina.startup.VersionLoggerListener.log Command line argument: -Dcatalina.home=C:\Program Files\Apache Software Foundation\Tomcat 10.1
16-Jan-2025 12:06:46.374 INFO [main] org.apache.catalina.startup.VersionLoggerListener.log Command line argument: -Dcatalina.base=C:\Users\Erick.ferreira\Documents\workspace-jdk17\CitMobi2\src
16-Jan-2025 12:06:46.374 INFO [main] org.apache.catalina.startup.VersionLoggerListener.log Command line argument: -Djava.io.tmpdir=C:\Users\Erick.ferreira\Documents\workspace-jdk17\CitMobi2\src\temp
16-Jan-2025 12:06:46.374 INFO [main] org.apache.catalina.startup.VersionLoggerListener.log Command line argument: -Djava.util.logging.config.file=C:\Users\Erick.ferreira\Documents\workspace-jdk17\CitMobi2\src\conf\logging.properties
16-Jan-2025 12:06:46.374 INFO [main] org.apache.catalina.startup.VersionLoggerListener.log Command line argument: -Djava.util.logging.manager=org.apache.juli.ClassLoaderLogManager
16-Jan-2025 12:06:46.374 INFO [main] org.apache.catalina.startup.VersionLoggerListener.log Command line argument: -javaagent:C:\Program Files\JetBrains\IntelliJ IDEA Community Edition 2024.1.4\lib\idea_rt.jar=50993:C:\Program Files\JetBrains\IntelliJ IDEA Community Edition 2024.1.4\bin
16-Jan-2025 12:06:46.374 INFO [main] org.apache.catalina.startup.VersionLoggerListener.log Command line argument: -Dfile.encoding=UTF-8
16-Jan-2025 12:06:46.389 INFO [main] org.apache.catalina.core.AprLifecycleListener.lifecycleEvent The Apache Tomcat Native library which allows using OpenSSL was not found on the java.library.path: [C:\Program Files\Java\jdk-17\bin;C:\Windows\Sun\Java\bin;C:\Windows\system32;C:\Windows;C:\Program Files\Common Files\Oracle\Java\javapath;C:\Python312\Scripts\;C:\Python312\;C:\Program Files (x86)\Common Files\Oracle\Java\javapath;C:\app\TDV.Admin\product\11.2.0\client_1\bin;C:\Windows\system32;C:\Windows;C:\Windows\System32\Wbem;C:\Windows\System32\WindowsPowerShell\v1.0\;C:\Windows\System32\OpenSSH\;C:\Program Files\Git\cmd;C:\Java_Essentials\apache-maven-3.6.3\bin;C:\Program Files\nodejs\;C:\ProgramData\chocolatey\bin;C:\Program Files\dotnet\;C:\Program Files\MySQL\MySQL Shell 8.0\bin\;C:\Users\Erick.ferreira\.console-ninja\.bin;C:\Users\Erick.ferreira\AppData\Local\Microsoft\WindowsApps;C:\Users\Erick.ferreira\AppData\Local\Programs\Microsoft VS Code\bin;C:\Program Files\Java\jdk1.8.0_291\bin;C:\Users\Erick.ferreira\AppData\Roaming\npm;C:\Program Files\JetBrains\IntelliJ IDEA Community Edition 2024.1.4\bin;;C:\Users\Erick.ferreira\.dotnet\tools;.]
16-Jan-2025 12:06:46.738 INFO [main] org.apache.coyote.AbstractProtocol.init Initializing ProtocolHandler ["http-nio-8085"]
16-Jan-2025 12:06:46.763 INFO [main] org.apache.catalina.startup.Catalina.load Server initialization in [734] milliseconds
16-Jan-2025 12:06:46.853 INFO [main] org.apache.catalina.core.StandardService.startInternal Starting service [Catalina]
16-Jan-2025 12:06:46.853 INFO [main] org.apache.catalina.core.StandardEngine.startInternal Starting Servlet engine: [Apache Tomcat/10.1.26]
16-Jan-2025 12:06:46.880 INFO [main] org.apache.catalina.startup.HostConfig.deployDescriptor Deploying deployment descriptor [C:\Users\Erick.ferreira\Documents\workspace-jdk17\CitMobi2\src\conf\Catalina\localhost\citMobi2.xml]
16-Jan-2025 12:06:49.831 INFO [main] org.apache.catalina.startup.VersionLoggerListener.log Server version name:   Apache Tomcat/10.1.26
16-Jan-2025 12:06:49.835 INFO [main] org.apache.catalina.startup.VersionLoggerListener.log Server built:          Jul 7 2024 21:02:13 UTC
16-Jan-2025 12:06:49.836 INFO [main] org.apache.catalina.startup.VersionLoggerListener.log Server version number: 10.1.26.0
16-Jan-2025 12:06:49.836 INFO [main] org.apache.catalina.startup.VersionLoggerListener.log OS Name:               Windows 11
16-Jan-2025 12:06:49.836 INFO [main] org.apache.catalina.startup.VersionLoggerListener.log OS Version:            10.0
16-Jan-2025 12:06:49.836 INFO [main] org.apache.catalina.startup.VersionLoggerListener.log Architecture:          amd64
16-Jan-2025 12:06:49.836 INFO [main] org.apache.catalina.startup.VersionLoggerListener.log Java Home:             C:\Program Files\Java\jdk-17
16-Jan-2025 12:06:49.837 INFO [main] org.apache.catalina.startup.VersionLoggerListener.log JVM Version:           17.0.11+7-LTS-207
16-Jan-2025 12:06:49.837 INFO [main] org.apache.catalina.startup.VersionLoggerListener.log JVM Vendor:            Oracle Corporation
16-Jan-2025 12:06:49.837 INFO [main] org.apache.catalina.startup.VersionLoggerListener.log CATALINA_BASE:         C:\Users\Erick.ferreira\Documents\workspace-jdk17\CitMobi2\src
16-Jan-2025 12:06:49.837 INFO [main] org.apache.catalina.startup.VersionLoggerListener.log CATALINA_HOME:         C:\Program Files\Apache Software Foundation\Tomcat 10.1
16-Jan-2025 12:06:49.854 INFO [main] org.apache.catalina.startup.VersionLoggerListener.log Command line argument: --add-opens=java.base/java.lang=ALL-UNNAMED
16-Jan-2025 12:06:49.855 INFO [main] org.apache.catalina.startup.VersionLoggerListener.log Command line argument: --add-opens=java.base/java.io=ALL-UNNAMED
16-Jan-2025 12:06:49.855 INFO [main] org.apache.catalina.startup.VersionLoggerListener.log Command line argument: --add-opens=java.base/java.util=ALL-UNNAMED
16-Jan-2025 12:06:49.855 INFO [main] org.apache.catalina.startup.VersionLoggerListener.log Command line argument: --add-opens=java.base/java.util.concurrent=ALL-UNNAMED
16-Jan-2025 12:06:49.855 INFO [main] org.apache.catalina.startup.VersionLoggerListener.log Command line argument: --add-opens=java.rmi/sun.rmi.transport=ALL-UNNAMED
16-Jan-2025 12:06:49.855 INFO [main] org.apache.catalina.startup.VersionLoggerListener.log Command line argument: -Dcatalina.home=C:\Program Files\Apache Software Foundation\Tomcat 10.1
16-Jan-2025 12:06:49.855 INFO [main] org.apache.catalina.startup.VersionLoggerListener.log Command line argument: -Dcatalina.base=C:\Users\Erick.ferreira\Documents\workspace-jdk17\CitMobi2\src
16-Jan-2025 12:06:49.855 INFO [main] org.apache.catalina.startup.VersionLoggerListener.log Command line argument: -Djava.io.tmpdir=C:\Users\Erick.ferreira\Documents\workspace-jdk17\CitMobi2\src\temp
16-Jan-2025 12:06:49.855 INFO [main] org.apache.catalina.startup.VersionLoggerListener.log Command line argument: -Djava.util.logging.config.file=C:\Users\Erick.ferreira\Documents\workspace-jdk17\CitMobi2\src\conf\logging.properties
16-Jan-2025 12:06:49.855 INFO [main] org.apache.catalina.startup.VersionLoggerListener.log Command line argument: -Djava.util.logging.manager=org.apache.juli.ClassLoaderLogManager
16-Jan-2025 12:06:49.855 INFO [main] org.apache.catalina.startup.VersionLoggerListener.log Command line argument: -javaagent:C:\Program Files\JetBrains\IntelliJ IDEA Community Edition 2024.1.4\lib\idea_rt.jar=50996:C:\Program Files\JetBrains\IntelliJ IDEA Community Edition 2024.1.4\bin
16-Jan-2025 12:06:49.855 INFO [main] org.apache.catalina.startup.VersionLoggerListener.log Command line argument: -Dfile.encoding=UTF-8
16-Jan-2025 12:06:49.864 INFO [main] org.apache.catalina.core.AprLifecycleListener.lifecycleEvent The Apache Tomcat Native library which allows using OpenSSL was not found on the java.library.path: [C:\Program Files\Java\jdk-17\bin;C:\Windows\Sun\Java\bin;C:\Windows\system32;C:\Windows;C:\Program Files\Common Files\Oracle\Java\javapath;C:\Python312\Scripts\;C:\Python312\;C:\Program Files (x86)\Common Files\Oracle\Java\javapath;C:\app\TDV.Admin\product\11.2.0\client_1\bin;C:\Windows\system32;C:\Windows;C:\Windows\System32\Wbem;C:\Windows\System32\WindowsPowerShell\v1.0\;C:\Windows\System32\OpenSSH\;C:\Program Files\Git\cmd;C:\Java_Essentials\apache-maven-3.6.3\bin;C:\Program Files\nodejs\;C:\ProgramData\chocolatey\bin;C:\Program Files\dotnet\;C:\Program Files\MySQL\MySQL Shell 8.0\bin\;C:\Users\Erick.ferreira\.console-ninja\.bin;C:\Users\Erick.ferreira\AppData\Local\Microsoft\WindowsApps;C:\Users\Erick.ferreira\AppData\Local\Programs\Microsoft VS Code\bin;C:\Program Files\Java\jdk1.8.0_291\bin;C:\Users\Erick.ferreira\AppData\Roaming\npm;C:\Program Files\JetBrains\IntelliJ IDEA Community Edition 2024.1.4\bin;;C:\Users\Erick.ferreira\.dotnet\tools;.]
16-Jan-2025 12:06:50.165 INFO [main] org.apache.coyote.AbstractProtocol.init Initializing ProtocolHandler ["http-nio-8085"]
16-Jan-2025 12:06:50.185 INFO [main] org.apache.catalina.startup.Catalina.load Server initialization in [566] milliseconds
16-Jan-2025 12:06:50.243 INFO [main] org.apache.catalina.core.StandardService.startInternal Starting service [Catalina]
16-Jan-2025 12:06:50.243 INFO [main] org.apache.catalina.core.StandardEngine.startInternal Starting Servlet engine: [Apache Tomcat/10.1.26]
16-Jan-2025 12:06:50.266 INFO [main] org.apache.catalina.startup.HostConfig.deployDescriptor Deploying deployment descriptor [C:\Users\Erick.ferreira\Documents\workspace-jdk17\CitMobi2\src\conf\Catalina\localhost\citMobi2.xml]
16-Jan-2025 12:06:56.269 INFO [main] org.apache.jasper.servlet.TldScanner.scanJars At least one JAR was scanned for TLDs yet contained no TLDs. Enable debug logging for this logger for a complete list of JARs that were scanned but no TLDs were found in them. Skipping unneeded JARs during scanning can improve startup time and JSP compilation time.
16-Jan-2025 12:07:15.667 INFO [main] org.apache.catalina.startup.HostConfig.deployDescriptor Deployment of deployment descriptor [C:\Users\Erick.ferreira\Documents\workspace-jdk17\CitMobi2\src\conf\Catalina\localhost\citMobi2.xml] has finished in [25.401] ms
16-Jan-2025 12:07:15.674 INFO [main] org.apache.coyote.AbstractProtocol.start Starting ProtocolHandler ["http-nio-8085"]
16-Jan-2025 12:07:15.727 INFO [main] org.apache.catalina.startup.Catalina.start Server startup in [25541] milliseconds
16-Jan-2025 12:10:41.579 INFO [Thread-3] org.apache.coyote.AbstractProtocol.pause Pausing ProtocolHandler ["http-nio-8085"]
16-Jan-2025 12:10:41.769 INFO [Thread-3] org.apache.catalina.core.StandardService.stopInternal Stopping service [Catalina]
16-Jan-2025 12:10:41.889 INFO [Thread-3] org.apache.coyote.AbstractProtocol.stop Stopping ProtocolHandler ["http-nio-8085"]
16-Jan-2025 12:10:41.900 INFO [Thread-3] org.apache.coyote.AbstractProtocol.destroy Destroying ProtocolHandler ["http-nio-8085"]
16-Jan-2025 12:10:46.551 INFO [main] org.apache.catalina.startup.VersionLoggerListener.log Server version name:   Apache Tomcat/10.1.26
16-Jan-2025 12:10:46.556 INFO [main] org.apache.catalina.startup.VersionLoggerListener.log Server built:          Jul 7 2024 21:02:13 UTC
16-Jan-2025 12:10:46.556 INFO [main] org.apache.catalina.startup.VersionLoggerListener.log Server version number: 10.1.26.0
16-Jan-2025 12:10:46.556 INFO [main] org.apache.catalina.startup.VersionLoggerListener.log OS Name:               Windows 11
16-Jan-2025 12:10:46.556 INFO [main] org.apache.catalina.startup.VersionLoggerListener.log OS Version:            10.0
16-Jan-2025 12:10:46.557 INFO [main] org.apache.catalina.startup.VersionLoggerListener.log Architecture:          amd64
16-Jan-2025 12:10:46.557 INFO [main] org.apache.catalina.startup.VersionLoggerListener.log Java Home:             C:\Program Files\Java\jdk-17
16-Jan-2025 12:10:46.557 INFO [main] org.apache.catalina.startup.VersionLoggerListener.log JVM Version:           17.0.11+7-LTS-207
16-Jan-2025 12:10:46.557 INFO [main] org.apache.catalina.startup.VersionLoggerListener.log JVM Vendor:            Oracle Corporation
16-Jan-2025 12:10:46.557 INFO [main] org.apache.catalina.startup.VersionLoggerListener.log CATALINA_BASE:         C:\Users\Erick.ferreira\Documents\workspace-jdk17\CitMobi2\src
16-Jan-2025 12:10:46.557 INFO [main] org.apache.catalina.startup.VersionLoggerListener.log CATALINA_HOME:         C:\Program Files\Apache Software Foundation\Tomcat 10.1
16-Jan-2025 12:10:46.574 INFO [main] org.apache.catalina.startup.VersionLoggerListener.log Command line argument: --add-opens=java.base/java.lang=ALL-UNNAMED
16-Jan-2025 12:10:46.575 INFO [main] org.apache.catalina.startup.VersionLoggerListener.log Command line argument: --add-opens=java.base/java.io=ALL-UNNAMED
16-Jan-2025 12:10:46.575 INFO [main] org.apache.catalina.startup.VersionLoggerListener.log Command line argument: --add-opens=java.base/java.util=ALL-UNNAMED
16-Jan-2025 12:10:46.575 INFO [main] org.apache.catalina.startup.VersionLoggerListener.log Command line argument: --add-opens=java.base/java.util.concurrent=ALL-UNNAMED
16-Jan-2025 12:10:46.575 INFO [main] org.apache.catalina.startup.VersionLoggerListener.log Command line argument: --add-opens=java.rmi/sun.rmi.transport=ALL-UNNAMED
16-Jan-2025 12:10:46.575 INFO [main] org.apache.catalina.startup.VersionLoggerListener.log Command line argument: -Dcatalina.home=C:\Program Files\Apache Software Foundation\Tomcat 10.1
16-Jan-2025 12:10:46.575 INFO [main] org.apache.catalina.startup.VersionLoggerListener.log Command line argument: -Dcatalina.base=C:\Users\Erick.ferreira\Documents\workspace-jdk17\CitMobi2\src
16-Jan-2025 12:10:46.575 INFO [main] org.apache.catalina.startup.VersionLoggerListener.log Command line argument: -Djava.io.tmpdir=C:\Users\Erick.ferreira\Documents\workspace-jdk17\CitMobi2\src\temp
16-Jan-2025 12:10:46.575 INFO [main] org.apache.catalina.startup.VersionLoggerListener.log Command line argument: -Djava.util.logging.config.file=C:\Users\Erick.ferreira\Documents\workspace-jdk17\CitMobi2\src\conf\logging.properties
16-Jan-2025 12:10:46.575 INFO [main] org.apache.catalina.startup.VersionLoggerListener.log Command line argument: -Djava.util.logging.manager=org.apache.juli.ClassLoaderLogManager
16-Jan-2025 12:10:46.575 INFO [main] org.apache.catalina.startup.VersionLoggerListener.log Command line argument: -javaagent:C:\Program Files\JetBrains\IntelliJ IDEA Community Edition 2024.1.4\lib\idea_rt.jar=51059:C:\Program Files\JetBrains\IntelliJ IDEA Community Edition 2024.1.4\bin
16-Jan-2025 12:10:46.575 INFO [main] org.apache.catalina.startup.VersionLoggerListener.log Command line argument: -Dfile.encoding=UTF-8
16-Jan-2025 12:10:46.584 INFO [main] org.apache.catalina.core.AprLifecycleListener.lifecycleEvent The Apache Tomcat Native library which allows using OpenSSL was not found on the java.library.path: [C:\Program Files\Java\jdk-17\bin;C:\Windows\Sun\Java\bin;C:\Windows\system32;C:\Windows;C:\Program Files\Common Files\Oracle\Java\javapath;C:\Python312\Scripts\;C:\Python312\;C:\Program Files (x86)\Common Files\Oracle\Java\javapath;C:\app\TDV.Admin\product\11.2.0\client_1\bin;C:\Windows\system32;C:\Windows;C:\Windows\System32\Wbem;C:\Windows\System32\WindowsPowerShell\v1.0\;C:\Windows\System32\OpenSSH\;C:\Program Files\Git\cmd;C:\Java_Essentials\apache-maven-3.6.3\bin;C:\Program Files\nodejs\;C:\ProgramData\chocolatey\bin;C:\Program Files\dotnet\;C:\Program Files\MySQL\MySQL Shell 8.0\bin\;C:\Users\Erick.ferreira\.console-ninja\.bin;C:\Users\Erick.ferreira\AppData\Local\Microsoft\WindowsApps;C:\Users\Erick.ferreira\AppData\Local\Programs\Microsoft VS Code\bin;C:\Program Files\Java\jdk1.8.0_291\bin;C:\Users\Erick.ferreira\AppData\Roaming\npm;C:\Program Files\JetBrains\IntelliJ IDEA Community Edition 2024.1.4\bin;;C:\Users\Erick.ferreira\.dotnet\tools;.]
16-Jan-2025 12:10:46.878 INFO [main] org.apache.coyote.AbstractProtocol.init Initializing ProtocolHandler ["http-nio-8085"]
16-Jan-2025 12:10:46.904 INFO [main] org.apache.catalina.startup.Catalina.load Server initialization in [579] milliseconds
16-Jan-2025 12:10:46.986 INFO [main] org.apache.catalina.core.StandardService.startInternal Starting service [Catalina]
16-Jan-2025 12:10:46.987 INFO [main] org.apache.catalina.core.StandardEngine.startInternal Starting Servlet engine: [Apache Tomcat/10.1.26]
16-Jan-2025 12:10:47.004 INFO [main] org.apache.catalina.startup.HostConfig.deployDescriptor Deploying deployment descriptor [C:\Users\Erick.ferreira\Documents\workspace-jdk17\CitMobi2\src\conf\Catalina\localhost\citMobi2.xml]
16-Jan-2025 12:10:53.748 INFO [main] org.apache.jasper.servlet.TldScanner.scanJars At least one JAR was scanned for TLDs yet contained no TLDs. Enable debug logging for this logger for a complete list of JARs that were scanned but no TLDs were found in them. Skipping unneeded JARs during scanning can improve startup time and JSP compilation time.
16-Jan-2025 12:11:15.328 INFO [main] org.apache.catalina.startup.HostConfig.deployDescriptor Deployment of deployment descriptor [C:\Users\Erick.ferreira\Documents\workspace-jdk17\CitMobi2\src\conf\Catalina\localhost\citMobi2.xml] has finished in [28.324] ms
16-Jan-2025 12:11:15.337 INFO [main] org.apache.coyote.AbstractProtocol.start Starting ProtocolHandler ["http-nio-8085"]
16-Jan-2025 12:11:15.393 INFO [main] org.apache.catalina.startup.Catalina.start Server startup in [28488] milliseconds
16-Jan-2025 12:13:03.676 INFO [Thread-3] org.apache.coyote.AbstractProtocol.pause Pausing ProtocolHandler ["http-nio-8085"]
16-Jan-2025 12:13:03.855 INFO [Thread-3] org.apache.catalina.core.StandardService.stopInternal Stopping service [Catalina]
16-Jan-2025 12:13:08.475 INFO [Thread-3] org.apache.coyote.AbstractProtocol.stop Stopping ProtocolHandler ["http-nio-8085"]
16-Jan-2025 12:13:08.490 INFO [Thread-3] org.apache.coyote.AbstractProtocol.destroy Destroying ProtocolHandler ["http-nio-8085"]
16-Jan-2025 14:45:59.705 INFO [main] org.apache.catalina.startup.VersionLoggerListener.log Server version name:   Apache Tomcat/10.1.26
16-Jan-2025 14:45:59.708 INFO [main] org.apache.catalina.startup.VersionLoggerListener.log Server built:          Jul 7 2024 21:02:13 UTC
16-Jan-2025 14:45:59.708 INFO [main] org.apache.catalina.startup.VersionLoggerListener.log Server version number: 10.1.26.0
16-Jan-2025 14:45:59.708 INFO [main] org.apache.catalina.startup.VersionLoggerListener.log OS Name:               Windows 11
16-Jan-2025 14:45:59.709 INFO [main] org.apache.catalina.startup.VersionLoggerListener.log OS Version:            10.0
16-Jan-2025 14:45:59.709 INFO [main] org.apache.catalina.startup.VersionLoggerListener.log Architecture:          amd64
16-Jan-2025 14:45:59.709 INFO [main] org.apache.catalina.startup.VersionLoggerListener.log Java Home:             C:\Program Files\Java\jdk-17
16-Jan-2025 14:45:59.709 INFO [main] org.apache.catalina.startup.VersionLoggerListener.log JVM Version:           17.0.11+7-LTS-207
16-Jan-2025 14:45:59.709 INFO [main] org.apache.catalina.startup.VersionLoggerListener.log JVM Vendor:            Oracle Corporation
16-Jan-2025 14:45:59.709 INFO [main] org.apache.catalina.startup.VersionLoggerListener.log CATALINA_BASE:         C:\Users\Erick.ferreira\Documents\workspace-jdk17\CitMobi2\src
16-Jan-2025 14:45:59.709 INFO [main] org.apache.catalina.startup.VersionLoggerListener.log CATALINA_HOME:         C:\Program Files\Apache Software Foundation\Tomcat 10.1
16-Jan-2025 14:45:59.721 INFO [main] org.apache.catalina.startup.VersionLoggerListener.log Command line argument: --add-opens=java.base/java.lang=ALL-UNNAMED
16-Jan-2025 14:45:59.721 INFO [main] org.apache.catalina.startup.VersionLoggerListener.log Command line argument: --add-opens=java.base/java.io=ALL-UNNAMED
16-Jan-2025 14:45:59.721 INFO [main] org.apache.catalina.startup.VersionLoggerListener.log Command line argument: --add-opens=java.base/java.util=ALL-UNNAMED
16-Jan-2025 14:45:59.721 INFO [main] org.apache.catalina.startup.VersionLoggerListener.log Command line argument: --add-opens=java.base/java.util.concurrent=ALL-UNNAMED
16-Jan-2025 14:45:59.721 INFO [main] org.apache.catalina.startup.VersionLoggerListener.log Command line argument: --add-opens=java.rmi/sun.rmi.transport=ALL-UNNAMED
16-Jan-2025 14:45:59.721 INFO [main] org.apache.catalina.startup.VersionLoggerListener.log Command line argument: -Dcatalina.home=C:\Program Files\Apache Software Foundation\Tomcat 10.1
16-Jan-2025 14:45:59.722 INFO [main] org.apache.catalina.startup.VersionLoggerListener.log Command line argument: -Dcatalina.base=C:\Users\Erick.ferreira\Documents\workspace-jdk17\CitMobi2\src
16-Jan-2025 14:45:59.722 INFO [main] org.apache.catalina.startup.VersionLoggerListener.log Command line argument: -Djava.io.tmpdir=C:\Users\Erick.ferreira\Documents\workspace-jdk17\CitMobi2\src\temp
16-Jan-2025 14:45:59.722 INFO [main] org.apache.catalina.startup.VersionLoggerListener.log Command line argument: -Djava.util.logging.config.file=C:\Users\Erick.ferreira\Documents\workspace-jdk17\CitMobi2\src\conf\logging.properties
16-Jan-2025 14:45:59.722 INFO [main] org.apache.catalina.startup.VersionLoggerListener.log Command line argument: -Djava.util.logging.manager=org.apache.juli.ClassLoaderLogManager
16-Jan-2025 14:45:59.722 INFO [main] org.apache.catalina.startup.VersionLoggerListener.log Command line argument: -javaagent:C:\Program Files\JetBrains\IntelliJ IDEA Community Edition 2024.1.4\lib\idea_rt.jar=60212:C:\Program Files\JetBrains\IntelliJ IDEA Community Edition 2024.1.4\bin
16-Jan-2025 14:45:59.722 INFO [main] org.apache.catalina.startup.VersionLoggerListener.log Command line argument: -Dfile.encoding=UTF-8
16-Jan-2025 14:45:59.729 INFO [main] org.apache.catalina.core.AprLifecycleListener.lifecycleEvent The Apache Tomcat Native library which allows using OpenSSL was not found on the java.library.path: [C:\Program Files\Java\jdk-17\bin;C:\Windows\Sun\Java\bin;C:\Windows\system32;C:\Windows;C:\Program Files\Common Files\Oracle\Java\javapath;C:\Python312\Scripts\;C:\Python312\;C:\Program Files (x86)\Common Files\Oracle\Java\javapath;C:\app\TDV.Admin\product\11.2.0\client_1\bin;C:\Windows\system32;C:\Windows;C:\Windows\System32\Wbem;C:\Windows\System32\WindowsPowerShell\v1.0\;C:\Windows\System32\OpenSSH\;C:\Program Files\Git\cmd;C:\Java_Essentials\apache-maven-3.6.3\bin;C:\Program Files\nodejs\;C:\ProgramData\chocolatey\bin;C:\Program Files\dotnet\;C:\Program Files\MySQL\MySQL Shell 8.0\bin\;C:\Users\Erick.ferreira\.console-ninja\.bin;C:\Users\Erick.ferreira\AppData\Local\Microsoft\WindowsApps;C:\Users\Erick.ferreira\AppData\Local\Programs\Microsoft VS Code\bin;C:\Program Files\Java\jdk1.8.0_291\bin;C:\Users\Erick.ferreira\AppData\Roaming\npm;C:\Program Files\JetBrains\IntelliJ IDEA Community Edition 2024.1.4\bin;;C:\Users\Erick.ferreira\.dotnet\tools;.]
16-Jan-2025 14:46:00.038 INFO [main] org.apache.coyote.AbstractProtocol.init Initializing ProtocolHandler ["http-nio-8085"]
16-Jan-2025 14:46:00.062 INFO [main] org.apache.catalina.startup.Catalina.load Server initialization in [597] milliseconds
16-Jan-2025 14:46:00.107 INFO [main] org.apache.catalina.core.StandardService.startInternal Starting service [Catalina]
16-Jan-2025 14:46:00.108 INFO [main] org.apache.catalina.core.StandardEngine.startInternal Starting Servlet engine: [Apache Tomcat/10.1.26]
16-Jan-2025 14:46:00.120 INFO [main] org.apache.catalina.startup.HostConfig.deployDescriptor Deploying deployment descriptor [C:\Users\Erick.ferreira\Documents\workspace-jdk17\CitMobi2\src\conf\Catalina\localhost\citMobi2.xml]
16-Jan-2025 14:46:08.757 INFO [main] org.apache.jasper.servlet.TldScanner.scanJars At least one JAR was scanned for TLDs yet contained no TLDs. Enable debug logging for this logger for a complete list of JARs that were scanned but no TLDs were found in them. Skipping unneeded JARs during scanning can improve startup time and JSP compilation time.
16-Jan-2025 14:46:18.810 SEVERE [main] org.apache.catalina.startup.HostConfig.deployDescriptor Error deploying deployment descriptor [C:\Users\Erick.ferreira\Documents\workspace-jdk17\CitMobi2\src\conf\Catalina\localhost\citMobi2.xml]
	java.lang.IllegalStateException: Error starting child
		at org.apache.catalina.core.ContainerBase.addChildInternal(ContainerBase.java:602)
		at org.apache.catalina.core.ContainerBase.addChild(ContainerBase.java:571)
		at org.apache.catalina.core.StandardHost.addChild(StandardHost.java:654)
		at org.apache.catalina.startup.HostConfig.deployDescriptor(HostConfig.java:635)
		at org.apache.catalina.startup.HostConfig$DeployDescriptor.run(HostConfig.java:1889)
		at java.base/java.util.concurrent.Executors$RunnableAdapter.call(Executors.java:539)
		at java.base/java.util.concurrent.FutureTask.run(FutureTask.java:264)
		at org.apache.tomcat.util.threads.InlineExecutorService.execute(InlineExecutorService.java:75)
		at java.base/java.util.concurrent.AbstractExecutorService.submit(AbstractExecutorService.java:123)
		at org.apache.catalina.startup.HostConfig.deployDescriptors(HostConfig.java:530)
		at org.apache.catalina.startup.HostConfig.deployApps(HostConfig.java:421)
		at org.apache.catalina.startup.HostConfig.start(HostConfig.java:1629)
		at org.apache.catalina.startup.HostConfig.lifecycleEvent(HostConfig.java:303)
		at org.apache.catalina.util.LifecycleBase.fireLifecycleEvent(LifecycleBase.java:109)
		at org.apache.catalina.util.LifecycleBase.setStateInternal(LifecycleBase.java:385)
		at org.apache.catalina.util.LifecycleBase.setState(LifecycleBase.java:332)
		at org.apache.catalina.core.ContainerBase.startInternal(ContainerBase.java:776)
		at org.apache.catalina.core.StandardHost.startInternal(StandardHost.java:772)
		at org.apache.catalina.util.LifecycleBase.start(LifecycleBase.java:164)
		at org.apache.catalina.core.ContainerBase$StartChild.call(ContainerBase.java:1203)
		at org.apache.catalina.core.ContainerBase$StartChild.call(ContainerBase.java:1193)
		at java.base/java.util.concurrent.FutureTask.run(FutureTask.java:264)
		at org.apache.tomcat.util.threads.InlineExecutorService.execute(InlineExecutorService.java:75)
		at java.base/java.util.concurrent.AbstractExecutorService.submit(AbstractExecutorService.java:145)
		at org.apache.catalina.core.ContainerBase.startInternal(ContainerBase.java:749)
		at org.apache.catalina.core.StandardEngine.startInternal(StandardEngine.java:203)
		at org.apache.catalina.util.LifecycleBase.start(LifecycleBase.java:164)
		at org.apache.catalina.core.StandardService.startInternal(StandardService.java:415)
		at org.apache.catalina.util.LifecycleBase.start(LifecycleBase.java:164)
		at org.apache.catalina.core.StandardServer.startInternal(StandardServer.java:874)
		at org.apache.catalina.util.LifecycleBase.start(LifecycleBase.java:164)
		at org.apache.catalina.startup.Catalina.start(Catalina.java:757)
		at java.base/jdk.internal.reflect.NativeMethodAccessorImpl.invoke0(Native Method)
		at java.base/jdk.internal.reflect.NativeMethodAccessorImpl.invoke(NativeMethodAccessorImpl.java:77)
		at java.base/jdk.internal.reflect.DelegatingMethodAccessorImpl.invoke(DelegatingMethodAccessorImpl.java:43)
		at java.base/java.lang.reflect.Method.invoke(Method.java:568)
		at org.apache.catalina.startup.Bootstrap.start(Bootstrap.java:345)
		at org.apache.catalina.startup.Bootstrap.main(Bootstrap.java:473)
	Caused by: org.apache.catalina.LifecycleException: Failed to start component [StandardEngine[Catalina].StandardHost[localhost].StandardContext[/citMobi2]]
		at org.apache.catalina.util.LifecycleBase.handleSubClassException(LifecycleBase.java:402)
		at org.apache.catalina.util.LifecycleBase.start(LifecycleBase.java:179)
		at org.apache.catalina.core.ContainerBase.addChildInternal(ContainerBase.java:599)
		... 37 more
	Caused by: org.springframework.beans.factory.BeanCreationException: Error creating bean with name 'entityManagerFactory' defined in class path resource [org/springframework/boot/autoconfigure/orm/jpa/HibernateJpaConfiguration.class]: Failed to initialize dependency 'flywayInitializer' of LoadTimeWeaverAware bean 'entityManagerFactory': Error creating bean with name 'flywayInitializer' defined in class path resource [org/springframework/boot/autoconfigure/flyway/FlywayAutoConfiguration$FlywayConfiguration.class]: Migration V1__create_tables.sql failed
--------------------------------------
SQL State  : 42601
Error Code : 0
Message    : ERRO: erro de sintaxe em ou próximo a "FOREIGN"
  Posição: 592
Location   : db/migration/V1__create_tables.sql (C:\Users\Erick.ferreira\Documents\workspace-jdk17\CitMobi2\target\classes\db\migration\V1__create_tables.sql)
Line       : 59
Statement  : CREATE TABLE T_LIN_LINHA (

    LIN_LINHA_ID VARCHAR(30) NOT NULL, -- linhaId
    LIN_LINHA_ATENDIMENTO VARCHAR(15) NOT NULL, -- linhaId
    LIN_LINHA_DESCRICAO VARCHAR(255) NOT NULL,
    GLB_MUNICIPIO_COD BIGINT NOT NULL, -- linhaId
    GLB_OPERADOR_CNPJ VARCHAR(18) NOT NULL,
    LIN_LINHA_FLAGINTERMUNICIPAL VARCHAR(1) NOT NULL,
    LIN_LINHA_FLAGATENDEMETRO VARCHAR(1) NOT NULL,
    LIN_LINHA_FLAGATENDETREM VARCHAR(1) NOT NULL,
    PRIMARY KEY(LIN_LINHA_ID, LIN_LINHA_ATENDIMENTO, GLB_MUNICIPIO_COD),
    FOREIGN KEY (GLB_OPERADOR_CNPJ) REFERENCES T_GLB_OPERADOR(GLB_OPERADOR_CNPJ)
    FOREIGN KEY (GLB_MUNICIPIO_COD) REFERENCES T_GLB_MUNICIPIO(GLB_MUNICIPIO_COD)
)

		at org.springframework.beans.factory.support.AbstractBeanFactory.doGetBean(AbstractBeanFactory.java:326)
		at org.springframework.beans.factory.support.AbstractBeanFactory.getBean(AbstractBeanFactory.java:205)
		at org.springframework.context.support.AbstractApplicationContext.finishBeanFactoryInitialization(AbstractApplicationContext.java:954)
		at org.springframework.context.support.AbstractApplicationContext.refresh(AbstractApplicationContext.java:625)
		at org.springframework.boot.web.servlet.context.ServletWebServerApplicationContext.refresh(ServletWebServerApplicationContext.java:146)
		at org.springframework.boot.SpringApplication.refresh(SpringApplication.java:754)
		at org.springframework.boot.SpringApplication.refreshContext(SpringApplication.java:456)
		at org.springframework.boot.SpringApplication.run(SpringApplication.java:335)
		at org.springframework.boot.web.servlet.support.SpringBootServletInitializer.run(SpringBootServletInitializer.java:174)
		at org.springframework.boot.web.servlet.support.SpringBootServletInitializer.createRootApplicationContext(SpringBootServletInitializer.java:154)
		at org.springframework.boot.web.servlet.support.SpringBootServletInitializer.onStartup(SpringBootServletInitializer.java:96)
		at org.springframework.web.SpringServletContainerInitializer.onStartup(SpringServletContainerInitializer.java:171)
		at org.apache.catalina.core.StandardContext.startInternal(StandardContext.java:4414)
		at org.apache.catalina.util.LifecycleBase.start(LifecycleBase.java:164)
		... 38 more
	Caused by: org.springframework.beans.factory.BeanCreationException: Error creating bean with name 'flywayInitializer' defined in class path resource [org/springframework/boot/autoconfigure/flyway/FlywayAutoConfiguration$FlywayConfiguration.class]: Migration V1__create_tables.sql failed
--------------------------------------
SQL State  : 42601
Error Code : 0
Message    : ERRO: erro de sintaxe em ou próximo a "FOREIGN"
  Posição: 592
Location   : db/migration/V1__create_tables.sql (C:\Users\Erick.ferreira\Documents\workspace-jdk17\CitMobi2\target\classes\db\migration\V1__create_tables.sql)
Line       : 59
Statement  : CREATE TABLE T_LIN_LINHA (

    LIN_LINHA_ID VARCHAR(30) NOT NULL, -- linhaId
    LIN_LINHA_ATENDIMENTO VARCHAR(15) NOT NULL, -- linhaId
    LIN_LINHA_DESCRICAO VARCHAR(255) NOT NULL,
    GLB_MUNICIPIO_COD BIGINT NOT NULL, -- linhaId
    GLB_OPERADOR_CNPJ VARCHAR(18) NOT NULL,
    LIN_LINHA_FLAGINTERMUNICIPAL VARCHAR(1) NOT NULL,
    LIN_LINHA_FLAGATENDEMETRO VARCHAR(1) NOT NULL,
    LIN_LINHA_FLAGATENDETREM VARCHAR(1) NOT NULL,
    PRIMARY KEY(LIN_LINHA_ID, LIN_LINHA_ATENDIMENTO, GLB_MUNICIPIO_COD),
    FOREIGN KEY (GLB_OPERADOR_CNPJ) REFERENCES T_GLB_OPERADOR(GLB_OPERADOR_CNPJ)
    FOREIGN KEY (GLB_MUNICIPIO_COD) REFERENCES T_GLB_MUNICIPIO(GLB_MUNICIPIO_COD)
)

		at org.springframework.beans.factory.support.AbstractAutowireCapableBeanFactory.initializeBean(AbstractAutowireCapableBeanFactory.java:1806)
		at org.springframework.beans.factory.support.AbstractAutowireCapableBeanFactory.doCreateBean(AbstractAutowireCapableBeanFactory.java:600)
		at org.springframework.beans.factory.support.AbstractAutowireCapableBeanFactory.createBean(AbstractAutowireCapableBeanFactory.java:522)
		at org.springframework.beans.factory.support.AbstractBeanFactory.lambda$doGetBean$0(AbstractBeanFactory.java:337)
		at org.springframework.beans.factory.support.DefaultSingletonBeanRegistry.getSingleton(DefaultSingletonBeanRegistry.java:234)
		at org.springframework.beans.factory.support.AbstractBeanFactory.doGetBean(AbstractBeanFactory.java:335)
		at org.springframework.beans.factory.support.AbstractBeanFactory.getBean(AbstractBeanFactory.java:200)
		at org.springframework.beans.factory.support.AbstractBeanFactory.doGetBean(AbstractBeanFactory.java:313)
		... 51 more
	Caused by: org.flywaydb.core.internal.command.DbMigrate$FlywayMigrateException: Migration V1__create_tables.sql failed
--------------------------------------
SQL State  : 42601
Error Code : 0
Message    : ERRO: erro de sintaxe em ou próximo a "FOREIGN"
  Posição: 592
Location   : db/migration/V1__create_tables.sql (C:\Users\Erick.ferreira\Documents\workspace-jdk17\CitMobi2\target\classes\db\migration\V1__create_tables.sql)
Line       : 59
Statement  : CREATE TABLE T_LIN_LINHA (

    LIN_LINHA_ID VARCHAR(30) NOT NULL, -- linhaId
    LIN_LINHA_ATENDIMENTO VARCHAR(15) NOT NULL, -- linhaId
    LIN_LINHA_DESCRICAO VARCHAR(255) NOT NULL,
    GLB_MUNICIPIO_COD BIGINT NOT NULL, -- linhaId
    GLB_OPERADOR_CNPJ VARCHAR(18) NOT NULL,
    LIN_LINHA_FLAGINTERMUNICIPAL VARCHAR(1) NOT NULL,
    LIN_LINHA_FLAGATENDEMETRO VARCHAR(1) NOT NULL,
    LIN_LINHA_FLAGATENDETREM VARCHAR(1) NOT NULL,
    PRIMARY KEY(LIN_LINHA_ID, LIN_LINHA_ATENDIMENTO, GLB_MUNICIPIO_COD),
    FOREIGN KEY (GLB_OPERADOR_CNPJ) REFERENCES T_GLB_OPERADOR(GLB_OPERADOR_CNPJ)
    FOREIGN KEY (GLB_MUNICIPIO_COD) REFERENCES T_GLB_MUNICIPIO(GLB_MUNICIPIO_COD)
)

		at org.flywaydb.core.internal.command.DbMigrate.doMigrateGroup(DbMigrate.java:382)
		at org.flywaydb.core.internal.command.DbMigrate.lambda$applyMigrations$1(DbMigrate.java:272)
		at org.flywaydb.core.internal.jdbc.TransactionalExecutionTemplate.execute(TransactionalExecutionTemplate.java:55)
		at org.flywaydb.core.internal.command.DbMigrate.applyMigrations(DbMigrate.java:271)
		at org.flywaydb.core.internal.command.DbMigrate.migrateGroup(DbMigrate.java:244)
		at org.flywaydb.core.internal.command.DbMigrate.lambda$migrateAll$0(DbMigrate.java:139)
		at org.flywaydb.database.postgresql.PostgreSQLAdvisoryLockTemplate.execute(PostgreSQLAdvisoryLockTemplate.java:73)
		at org.flywaydb.database.postgresql.PostgreSQLAdvisoryLockTemplate.lambda$execute$0(PostgreSQLAdvisoryLockTemplate.java:56)
		at org.flywaydb.core.internal.jdbc.TransactionalExecutionTemplate.execute(TransactionalExecutionTemplate.java:55)
		at org.flywaydb.database.postgresql.PostgreSQLAdvisoryLockTemplate.execute(PostgreSQLAdvisoryLockTemplate.java:56)
		at org.flywaydb.database.postgresql.PostgreSQLConnection.lock(PostgreSQLConnection.java:96)
		at org.flywaydb.core.internal.schemahistory.JdbcTableSchemaHistory.lock(JdbcTableSchemaHistory.java:145)
		at org.flywaydb.core.internal.command.DbMigrate.migrateAll(DbMigrate.java:139)
		at org.flywaydb.core.internal.command.DbMigrate.migrate(DbMigrate.java:97)
		at org.flywaydb.core.Flyway.lambda$migrate$0(Flyway.java:202)
		at org.flywaydb.core.FlywayExecutor.execute(FlywayExecutor.java:205)
		at org.flywaydb.core.Flyway.migrate(Flyway.java:147)
		at org.springframework.boot.autoconfigure.flyway.FlywayMigrationInitializer.afterPropertiesSet(FlywayMigrationInitializer.java:66)
		at org.springframework.beans.factory.support.AbstractAutowireCapableBeanFactory.invokeInitMethods(AbstractAutowireCapableBeanFactory.java:1853)
		at org.springframework.beans.factory.support.AbstractAutowireCapableBeanFactory.initializeBean(AbstractAutowireCapableBeanFactory.java:1802)
		... 58 more
	Caused by: org.flywaydb.core.internal.sqlscript.FlywaySqlScriptException: Migration V1__create_tables.sql failed
--------------------------------------
SQL State  : 42601
Error Code : 0
Message    : ERRO: erro de sintaxe em ou próximo a "FOREIGN"
  Posição: 592
Location   : db/migration/V1__create_tables.sql (C:\Users\Erick.ferreira\Documents\workspace-jdk17\CitMobi2\target\classes\db\migration\V1__create_tables.sql)
Line       : 59
Statement  : CREATE TABLE T_LIN_LINHA (

    LIN_LINHA_ID VARCHAR(30) NOT NULL, -- linhaId
    LIN_LINHA_ATENDIMENTO VARCHAR(15) NOT NULL, -- linhaId
    LIN_LINHA_DESCRICAO VARCHAR(255) NOT NULL,
    GLB_MUNICIPIO_COD BIGINT NOT NULL, -- linhaId
    GLB_OPERADOR_CNPJ VARCHAR(18) NOT NULL,
    LIN_LINHA_FLAGINTERMUNICIPAL VARCHAR(1) NOT NULL,
    LIN_LINHA_FLAGATENDEMETRO VARCHAR(1) NOT NULL,
    LIN_LINHA_FLAGATENDETREM VARCHAR(1) NOT NULL,
    PRIMARY KEY(LIN_LINHA_ID, LIN_LINHA_ATENDIMENTO, GLB_MUNICIPIO_COD),
    FOREIGN KEY (GLB_OPERADOR_CNPJ) REFERENCES T_GLB_OPERADOR(GLB_OPERADOR_CNPJ)
    FOREIGN KEY (GLB_MUNICIPIO_COD) REFERENCES T_GLB_MUNICIPIO(GLB_MUNICIPIO_COD)
)

		at org.flywaydb.core.internal.sqlscript.DefaultSqlScriptExecutor.handleException(DefaultSqlScriptExecutor.java:252)
		at org.flywaydb.core.internal.sqlscript.DefaultSqlScriptExecutor.executeStatement(DefaultSqlScriptExecutor.java:214)
		at org.flywaydb.core.internal.sqlscript.DefaultSqlScriptExecutor.execute(DefaultSqlScriptExecutor.java:133)
		at org.flywaydb.core.internal.resolver.sql.SqlMigrationExecutor.executeOnce(SqlMigrationExecutor.java:65)
		at org.flywaydb.core.internal.resolver.sql.SqlMigrationExecutor.lambda$execute$0(SqlMigrationExecutor.java:57)
		at org.flywaydb.core.internal.database.DefaultExecutionStrategy.execute(DefaultExecutionStrategy.java:27)
		at org.flywaydb.core.internal.resolver.sql.SqlMigrationExecutor.execute(SqlMigrationExecutor.java:56)
		at org.flywaydb.core.internal.command.DbMigrate.doMigrateGroup(DbMigrate.java:374)
		... 77 more
	Caused by: org.postgresql.util.PSQLException: ERRO: erro de sintaxe em ou próximo a "FOREIGN"
  Posição: 592
		at org.postgresql.core.v3.QueryExecutorImpl.receiveErrorResponse(QueryExecutorImpl.java:2733)
		at org.postgresql.core.v3.QueryExecutorImpl.processResults(QueryExecutorImpl.java:2420)
		at org.postgresql.core.v3.QueryExecutorImpl.execute(QueryExecutorImpl.java:372)
		at org.postgresql.jdbc.PgStatement.executeInternal(PgStatement.java:517)
		at org.postgresql.jdbc.PgStatement.execute(PgStatement.java:434)
		at org.postgresql.jdbc.PgStatement.executeWithFlags(PgStatement.java:356)
		at org.postgresql.jdbc.PgStatement.executeCachedSql(PgStatement.java:341)
		at org.postgresql.jdbc.PgStatement.executeWithFlags(PgStatement.java:317)
		at org.postgresql.jdbc.PgStatement.execute(PgStatement.java:312)
		at com.zaxxer.hikari.pool.ProxyStatement.execute(ProxyStatement.java:94)
		at com.zaxxer.hikari.pool.HikariProxyStatement.execute(HikariProxyStatement.java)
		at org.flywaydb.core.internal.jdbc.JdbcTemplate.executeStatement(JdbcTemplate.java:210)
		at org.flywaydb.core.internal.sqlscript.ParsedSqlStatement.execute(ParsedSqlStatement.java:89)
		at org.flywaydb.core.internal.sqlscript.DefaultSqlScriptExecutor.executeStatement(DefaultSqlScriptExecutor.java:206)
		... 83 more
16-Jan-2025 14:46:18.879 INFO [main] org.apache.catalina.startup.HostConfig.deployDescriptor Deployment of deployment descriptor [C:\Users\Erick.ferreira\Documents\workspace-jdk17\CitMobi2\src\conf\Catalina\localhost\citMobi2.xml] has finished in [18.758] ms
16-Jan-2025 14:46:18.885 INFO [main] org.apache.coyote.AbstractProtocol.start Starting ProtocolHandler ["http-nio-8085"]
16-Jan-2025 14:46:18.924 INFO [main] org.apache.catalina.startup.Catalina.start Server startup in [18862] milliseconds
16-Jan-2025 14:52:54.437 INFO [Thread-3] org.apache.coyote.AbstractProtocol.pause Pausing ProtocolHandler ["http-nio-8085"]
16-Jan-2025 14:52:54.618 INFO [Thread-3] org.apache.catalina.core.StandardService.stopInternal Stopping service [Catalina]
16-Jan-2025 14:52:54.619 INFO [Thread-3] org.apache.coyote.AbstractProtocol.stop Stopping ProtocolHandler ["http-nio-8085"]
16-Jan-2025 14:52:54.624 INFO [Thread-3] org.apache.coyote.AbstractProtocol.destroy Destroying ProtocolHandler ["http-nio-8085"]
16-Jan-2025 14:52:54.627 WARNING [Thread-3] org.apache.catalina.loader.WebappClassLoaderBase.clearReferencesJdbc The web application [citMobi2] registered the JDBC driver [org.postgresql.Driver] but failed to unregister it when the web application was stopped. To prevent a memory leak, the JDBC Driver has been forcibly unregistered.
16-Jan-2025 14:53:01.927 INFO [main] org.apache.catalina.startup.VersionLoggerListener.log Server version name:   Apache Tomcat/10.1.26
16-Jan-2025 14:53:01.931 INFO [main] org.apache.catalina.startup.VersionLoggerListener.log Server built:          Jul 7 2024 21:02:13 UTC
16-Jan-2025 14:53:01.931 INFO [main] org.apache.catalina.startup.VersionLoggerListener.log Server version number: 10.1.26.0
16-Jan-2025 14:53:01.932 INFO [main] org.apache.catalina.startup.VersionLoggerListener.log OS Name:               Windows 11
16-Jan-2025 14:53:01.932 INFO [main] org.apache.catalina.startup.VersionLoggerListener.log OS Version:            10.0
16-Jan-2025 14:53:01.932 INFO [main] org.apache.catalina.startup.VersionLoggerListener.log Architecture:          amd64
16-Jan-2025 14:53:01.932 INFO [main] org.apache.catalina.startup.VersionLoggerListener.log Java Home:             C:\Program Files\Java\jdk-17
16-Jan-2025 14:53:01.932 INFO [main] org.apache.catalina.startup.VersionLoggerListener.log JVM Version:           17.0.11+7-LTS-207
16-Jan-2025 14:53:01.932 INFO [main] org.apache.catalina.startup.VersionLoggerListener.log JVM Vendor:            Oracle Corporation
16-Jan-2025 14:53:01.932 INFO [main] org.apache.catalina.startup.VersionLoggerListener.log CATALINA_BASE:         C:\Users\Erick.ferreira\Documents\workspace-jdk17\CitMobi2\src
16-Jan-2025 14:53:01.932 INFO [main] org.apache.catalina.startup.VersionLoggerListener.log CATALINA_HOME:         C:\Program Files\Apache Software Foundation\Tomcat 10.1
16-Jan-2025 14:53:01.946 INFO [main] org.apache.catalina.startup.VersionLoggerListener.log Command line argument: --add-opens=java.base/java.lang=ALL-UNNAMED
16-Jan-2025 14:53:01.946 INFO [main] org.apache.catalina.startup.VersionLoggerListener.log Command line argument: --add-opens=java.base/java.io=ALL-UNNAMED
16-Jan-2025 14:53:01.946 INFO [main] org.apache.catalina.startup.VersionLoggerListener.log Command line argument: --add-opens=java.base/java.util=ALL-UNNAMED
16-Jan-2025 14:53:01.946 INFO [main] org.apache.catalina.startup.VersionLoggerListener.log Command line argument: --add-opens=java.base/java.util.concurrent=ALL-UNNAMED
16-Jan-2025 14:53:01.946 INFO [main] org.apache.catalina.startup.VersionLoggerListener.log Command line argument: --add-opens=java.rmi/sun.rmi.transport=ALL-UNNAMED
16-Jan-2025 14:53:01.946 INFO [main] org.apache.catalina.startup.VersionLoggerListener.log Command line argument: -Dcatalina.home=C:\Program Files\Apache Software Foundation\Tomcat 10.1
16-Jan-2025 14:53:01.946 INFO [main] org.apache.catalina.startup.VersionLoggerListener.log Command line argument: -Dcatalina.base=C:\Users\Erick.ferreira\Documents\workspace-jdk17\CitMobi2\src
16-Jan-2025 14:53:01.946 INFO [main] org.apache.catalina.startup.VersionLoggerListener.log Command line argument: -Djava.io.tmpdir=C:\Users\Erick.ferreira\Documents\workspace-jdk17\CitMobi2\src\temp
16-Jan-2025 14:53:01.946 INFO [main] org.apache.catalina.startup.VersionLoggerListener.log Command line argument: -Djava.util.logging.config.file=C:\Users\Erick.ferreira\Documents\workspace-jdk17\CitMobi2\src\conf\logging.properties
16-Jan-2025 14:53:01.946 INFO [main] org.apache.catalina.startup.VersionLoggerListener.log Command line argument: -Djava.util.logging.manager=org.apache.juli.ClassLoaderLogManager
16-Jan-2025 14:53:01.946 INFO [main] org.apache.catalina.startup.VersionLoggerListener.log Command line argument: -javaagent:C:\Program Files\JetBrains\IntelliJ IDEA Community Edition 2024.1.4\lib\idea_rt.jar=60600:C:\Program Files\JetBrains\IntelliJ IDEA Community Edition 2024.1.4\bin
16-Jan-2025 14:53:01.946 INFO [main] org.apache.catalina.startup.VersionLoggerListener.log Command line argument: -Dfile.encoding=UTF-8
16-Jan-2025 14:53:01.954 INFO [main] org.apache.catalina.core.AprLifecycleListener.lifecycleEvent The Apache Tomcat Native library which allows using OpenSSL was not found on the java.library.path: [C:\Program Files\Java\jdk-17\bin;C:\Windows\Sun\Java\bin;C:\Windows\system32;C:\Windows;C:\Program Files\Common Files\Oracle\Java\javapath;C:\Python312\Scripts\;C:\Python312\;C:\Program Files (x86)\Common Files\Oracle\Java\javapath;C:\app\TDV.Admin\product\11.2.0\client_1\bin;C:\Windows\system32;C:\Windows;C:\Windows\System32\Wbem;C:\Windows\System32\WindowsPowerShell\v1.0\;C:\Windows\System32\OpenSSH\;C:\Program Files\Git\cmd;C:\Java_Essentials\apache-maven-3.6.3\bin;C:\Program Files\nodejs\;C:\ProgramData\chocolatey\bin;C:\Program Files\dotnet\;C:\Program Files\MySQL\MySQL Shell 8.0\bin\;C:\Users\Erick.ferreira\.console-ninja\.bin;C:\Users\Erick.ferreira\AppData\Local\Microsoft\WindowsApps;C:\Users\Erick.ferreira\AppData\Local\Programs\Microsoft VS Code\bin;C:\Program Files\Java\jdk1.8.0_291\bin;C:\Users\Erick.ferreira\AppData\Roaming\npm;C:\Program Files\JetBrains\IntelliJ IDEA Community Edition 2024.1.4\bin;;C:\Users\Erick.ferreira\.dotnet\tools;.]
16-Jan-2025 14:53:02.155 INFO [main] org.apache.coyote.AbstractProtocol.init Initializing ProtocolHandler ["http-nio-8085"]
16-Jan-2025 14:53:02.173 INFO [main] org.apache.catalina.startup.Catalina.load Server initialization in [426] milliseconds
16-Jan-2025 14:53:02.242 INFO [main] org.apache.catalina.core.StandardService.startInternal Starting service [Catalina]
16-Jan-2025 14:53:02.243 INFO [main] org.apache.catalina.core.StandardEngine.startInternal Starting Servlet engine: [Apache Tomcat/10.1.26]
16-Jan-2025 14:53:02.258 INFO [main] org.apache.catalina.startup.HostConfig.deployDescriptor Deploying deployment descriptor [C:\Users\Erick.ferreira\Documents\workspace-jdk17\CitMobi2\src\conf\Catalina\localhost\citMobi2.xml]
16-Jan-2025 14:53:13.650 INFO [main] org.apache.jasper.servlet.TldScanner.scanJars At least one JAR was scanned for TLDs yet contained no TLDs. Enable debug logging for this logger for a complete list of JARs that were scanned but no TLDs were found in them. Skipping unneeded JARs during scanning can improve startup time and JSP compilation time.
16-Jan-2025 14:53:23.523 SEVERE [main] org.apache.catalina.startup.HostConfig.deployDescriptor Error deploying deployment descriptor [C:\Users\Erick.ferreira\Documents\workspace-jdk17\CitMobi2\src\conf\Catalina\localhost\citMobi2.xml]
	java.lang.IllegalStateException: Error starting child
		at org.apache.catalina.core.ContainerBase.addChildInternal(ContainerBase.java:602)
		at org.apache.catalina.core.ContainerBase.addChild(ContainerBase.java:571)
		at org.apache.catalina.core.StandardHost.addChild(StandardHost.java:654)
		at org.apache.catalina.startup.HostConfig.deployDescriptor(HostConfig.java:635)
		at org.apache.catalina.startup.HostConfig$DeployDescriptor.run(HostConfig.java:1889)
		at java.base/java.util.concurrent.Executors$RunnableAdapter.call(Executors.java:539)
		at java.base/java.util.concurrent.FutureTask.run(FutureTask.java:264)
		at org.apache.tomcat.util.threads.InlineExecutorService.execute(InlineExecutorService.java:75)
		at java.base/java.util.concurrent.AbstractExecutorService.submit(AbstractExecutorService.java:123)
		at org.apache.catalina.startup.HostConfig.deployDescriptors(HostConfig.java:530)
		at org.apache.catalina.startup.HostConfig.deployApps(HostConfig.java:421)
		at org.apache.catalina.startup.HostConfig.start(HostConfig.java:1629)
		at org.apache.catalina.startup.HostConfig.lifecycleEvent(HostConfig.java:303)
		at org.apache.catalina.util.LifecycleBase.fireLifecycleEvent(LifecycleBase.java:109)
		at org.apache.catalina.util.LifecycleBase.setStateInternal(LifecycleBase.java:385)
		at org.apache.catalina.util.LifecycleBase.setState(LifecycleBase.java:332)
		at org.apache.catalina.core.ContainerBase.startInternal(ContainerBase.java:776)
		at org.apache.catalina.core.StandardHost.startInternal(StandardHost.java:772)
		at org.apache.catalina.util.LifecycleBase.start(LifecycleBase.java:164)
		at org.apache.catalina.core.ContainerBase$StartChild.call(ContainerBase.java:1203)
		at org.apache.catalina.core.ContainerBase$StartChild.call(ContainerBase.java:1193)
		at java.base/java.util.concurrent.FutureTask.run(FutureTask.java:264)
		at org.apache.tomcat.util.threads.InlineExecutorService.execute(InlineExecutorService.java:75)
		at java.base/java.util.concurrent.AbstractExecutorService.submit(AbstractExecutorService.java:145)
		at org.apache.catalina.core.ContainerBase.startInternal(ContainerBase.java:749)
		at org.apache.catalina.core.StandardEngine.startInternal(StandardEngine.java:203)
		at org.apache.catalina.util.LifecycleBase.start(LifecycleBase.java:164)
		at org.apache.catalina.core.StandardService.startInternal(StandardService.java:415)
		at org.apache.catalina.util.LifecycleBase.start(LifecycleBase.java:164)
		at org.apache.catalina.core.StandardServer.startInternal(StandardServer.java:874)
		at org.apache.catalina.util.LifecycleBase.start(LifecycleBase.java:164)
		at org.apache.catalina.startup.Catalina.start(Catalina.java:757)
		at java.base/jdk.internal.reflect.NativeMethodAccessorImpl.invoke0(Native Method)
		at java.base/jdk.internal.reflect.NativeMethodAccessorImpl.invoke(NativeMethodAccessorImpl.java:77)
		at java.base/jdk.internal.reflect.DelegatingMethodAccessorImpl.invoke(DelegatingMethodAccessorImpl.java:43)
		at java.base/java.lang.reflect.Method.invoke(Method.java:568)
		at org.apache.catalina.startup.Bootstrap.start(Bootstrap.java:345)
		at org.apache.catalina.startup.Bootstrap.main(Bootstrap.java:473)
	Caused by: org.apache.catalina.LifecycleException: Failed to start component [StandardEngine[Catalina].StandardHost[localhost].StandardContext[/citMobi2]]
		at org.apache.catalina.util.LifecycleBase.handleSubClassException(LifecycleBase.java:402)
		at org.apache.catalina.util.LifecycleBase.start(LifecycleBase.java:179)
		at org.apache.catalina.core.ContainerBase.addChildInternal(ContainerBase.java:599)
		... 37 more
	Caused by: org.springframework.beans.factory.BeanCreationException: Error creating bean with name 'entityManagerFactory' defined in class path resource [org/springframework/boot/autoconfigure/orm/jpa/HibernateJpaConfiguration.class]: Failed to initialize dependency 'flywayInitializer' of LoadTimeWeaverAware bean 'entityManagerFactory': Error creating bean with name 'flywayInitializer' defined in class path resource [org/springframework/boot/autoconfigure/flyway/FlywayAutoConfiguration$FlywayConfiguration.class]: Migration V1__create_tables.sql failed
--------------------------------------
SQL State  : 42601
Error Code : 0
Message    : ERRO: erro de sintaxe em ou próximo a "FOREIGN"
  Posição: 588
Location   : db/migration/V1__create_tables.sql (C:\Users\Erick.ferreira\Documents\workspace-jdk17\CitMobi2\target\classes\db\migration\V1__create_tables.sql)
Line       : 59
Statement  : CREATE TABLE T_LIN_LINHA (
    LIN_LINHA_ID VARCHAR(30) NOT NULL, -- linhaId
    LIN_LINHA_ATENDIMENTO VARCHAR(15) NOT NULL, -- linhaId
    LIN_LINHA_DESCRICAO VARCHAR(255) NOT NULL,
    GLB_MUNICIPIO_COD BIGINT NOT NULL, -- linhaId
    GLB_OPERADOR_CNPJ VARCHAR(18) NOT NULL,
    LIN_LINHA_FLAGINTERMUNICIPAL VARCHAR(1) NOT NULL,
    LIN_LINHA_FLAGATENDEMETRO VARCHAR(1) NOT NULL,
    LIN_LINHA_FLAGATENDETREM VARCHAR(1) NOT NULL,
    PRIMARY KEY(LIN_LINHA_ID, LIN_LINHA_ATENDIMENTO, GLB_MUNICIPIO_COD),
    FOREIGN KEY (T_GLB_OPERADOR) REFERENCES T_GLB_OPERADOR(GLB_OPERADOR_CNPJ)
    FOREIGN KEY (GLB_MUNICIPIO_COD) REFERENCES T_GLB_MUNICIPIO(GLB_MUNICIPIO_COD)
)

		at org.springframework.beans.factory.support.AbstractBeanFactory.doGetBean(AbstractBeanFactory.java:326)
		at org.springframework.beans.factory.support.AbstractBeanFactory.getBean(AbstractBeanFactory.java:205)
		at org.springframework.context.support.AbstractApplicationContext.finishBeanFactoryInitialization(AbstractApplicationContext.java:954)
		at org.springframework.context.support.AbstractApplicationContext.refresh(AbstractApplicationContext.java:625)
		at org.springframework.boot.web.servlet.context.ServletWebServerApplicationContext.refresh(ServletWebServerApplicationContext.java:146)
		at org.springframework.boot.SpringApplication.refresh(SpringApplication.java:754)
		at org.springframework.boot.SpringApplication.refreshContext(SpringApplication.java:456)
		at org.springframework.boot.SpringApplication.run(SpringApplication.java:335)
		at org.springframework.boot.web.servlet.support.SpringBootServletInitializer.run(SpringBootServletInitializer.java:174)
		at org.springframework.boot.web.servlet.support.SpringBootServletInitializer.createRootApplicationContext(SpringBootServletInitializer.java:154)
		at org.springframework.boot.web.servlet.support.SpringBootServletInitializer.onStartup(SpringBootServletInitializer.java:96)
		at org.springframework.web.SpringServletContainerInitializer.onStartup(SpringServletContainerInitializer.java:171)
		at org.apache.catalina.core.StandardContext.startInternal(StandardContext.java:4414)
		at org.apache.catalina.util.LifecycleBase.start(LifecycleBase.java:164)
		... 38 more
	Caused by: org.springframework.beans.factory.BeanCreationException: Error creating bean with name 'flywayInitializer' defined in class path resource [org/springframework/boot/autoconfigure/flyway/FlywayAutoConfiguration$FlywayConfiguration.class]: Migration V1__create_tables.sql failed
--------------------------------------
SQL State  : 42601
Error Code : 0
Message    : ERRO: erro de sintaxe em ou próximo a "FOREIGN"
  Posição: 588
Location   : db/migration/V1__create_tables.sql (C:\Users\Erick.ferreira\Documents\workspace-jdk17\CitMobi2\target\classes\db\migration\V1__create_tables.sql)
Line       : 59
Statement  : CREATE TABLE T_LIN_LINHA (
    LIN_LINHA_ID VARCHAR(30) NOT NULL, -- linhaId
    LIN_LINHA_ATENDIMENTO VARCHAR(15) NOT NULL, -- linhaId
    LIN_LINHA_DESCRICAO VARCHAR(255) NOT NULL,
    GLB_MUNICIPIO_COD BIGINT NOT NULL, -- linhaId
    GLB_OPERADOR_CNPJ VARCHAR(18) NOT NULL,
    LIN_LINHA_FLAGINTERMUNICIPAL VARCHAR(1) NOT NULL,
    LIN_LINHA_FLAGATENDEMETRO VARCHAR(1) NOT NULL,
    LIN_LINHA_FLAGATENDETREM VARCHAR(1) NOT NULL,
    PRIMARY KEY(LIN_LINHA_ID, LIN_LINHA_ATENDIMENTO, GLB_MUNICIPIO_COD),
    FOREIGN KEY (T_GLB_OPERADOR) REFERENCES T_GLB_OPERADOR(GLB_OPERADOR_CNPJ)
    FOREIGN KEY (GLB_MUNICIPIO_COD) REFERENCES T_GLB_MUNICIPIO(GLB_MUNICIPIO_COD)
)

		at org.springframework.beans.factory.support.AbstractAutowireCapableBeanFactory.initializeBean(AbstractAutowireCapableBeanFactory.java:1806)
		at org.springframework.beans.factory.support.AbstractAutowireCapableBeanFactory.doCreateBean(AbstractAutowireCapableBeanFactory.java:600)
		at org.springframework.beans.factory.support.AbstractAutowireCapableBeanFactory.createBean(AbstractAutowireCapableBeanFactory.java:522)
		at org.springframework.beans.factory.support.AbstractBeanFactory.lambda$doGetBean$0(AbstractBeanFactory.java:337)
		at org.springframework.beans.factory.support.DefaultSingletonBeanRegistry.getSingleton(DefaultSingletonBeanRegistry.java:234)
		at org.springframework.beans.factory.support.AbstractBeanFactory.doGetBean(AbstractBeanFactory.java:335)
		at org.springframework.beans.factory.support.AbstractBeanFactory.getBean(AbstractBeanFactory.java:200)
		at org.springframework.beans.factory.support.AbstractBeanFactory.doGetBean(AbstractBeanFactory.java:313)
		... 51 more
	Caused by: org.flywaydb.core.internal.command.DbMigrate$FlywayMigrateException: Migration V1__create_tables.sql failed
--------------------------------------
SQL State  : 42601
Error Code : 0
Message    : ERRO: erro de sintaxe em ou próximo a "FOREIGN"
  Posição: 588
Location   : db/migration/V1__create_tables.sql (C:\Users\Erick.ferreira\Documents\workspace-jdk17\CitMobi2\target\classes\db\migration\V1__create_tables.sql)
Line       : 59
Statement  : CREATE TABLE T_LIN_LINHA (
    LIN_LINHA_ID VARCHAR(30) NOT NULL, -- linhaId
    LIN_LINHA_ATENDIMENTO VARCHAR(15) NOT NULL, -- linhaId
    LIN_LINHA_DESCRICAO VARCHAR(255) NOT NULL,
    GLB_MUNICIPIO_COD BIGINT NOT NULL, -- linhaId
    GLB_OPERADOR_CNPJ VARCHAR(18) NOT NULL,
    LIN_LINHA_FLAGINTERMUNICIPAL VARCHAR(1) NOT NULL,
    LIN_LINHA_FLAGATENDEMETRO VARCHAR(1) NOT NULL,
    LIN_LINHA_FLAGATENDETREM VARCHAR(1) NOT NULL,
    PRIMARY KEY(LIN_LINHA_ID, LIN_LINHA_ATENDIMENTO, GLB_MUNICIPIO_COD),
    FOREIGN KEY (T_GLB_OPERADOR) REFERENCES T_GLB_OPERADOR(GLB_OPERADOR_CNPJ)
    FOREIGN KEY (GLB_MUNICIPIO_COD) REFERENCES T_GLB_MUNICIPIO(GLB_MUNICIPIO_COD)
)

		at org.flywaydb.core.internal.command.DbMigrate.doMigrateGroup(DbMigrate.java:382)
		at org.flywaydb.core.internal.command.DbMigrate.lambda$applyMigrations$1(DbMigrate.java:272)
		at org.flywaydb.core.internal.jdbc.TransactionalExecutionTemplate.execute(TransactionalExecutionTemplate.java:55)
		at org.flywaydb.core.internal.command.DbMigrate.applyMigrations(DbMigrate.java:271)
		at org.flywaydb.core.internal.command.DbMigrate.migrateGroup(DbMigrate.java:244)
		at org.flywaydb.core.internal.command.DbMigrate.lambda$migrateAll$0(DbMigrate.java:139)
		at org.flywaydb.database.postgresql.PostgreSQLAdvisoryLockTemplate.execute(PostgreSQLAdvisoryLockTemplate.java:73)
		at org.flywaydb.database.postgresql.PostgreSQLAdvisoryLockTemplate.lambda$execute$0(PostgreSQLAdvisoryLockTemplate.java:56)
		at org.flywaydb.core.internal.jdbc.TransactionalExecutionTemplate.execute(TransactionalExecutionTemplate.java:55)
		at org.flywaydb.database.postgresql.PostgreSQLAdvisoryLockTemplate.execute(PostgreSQLAdvisoryLockTemplate.java:56)
		at org.flywaydb.database.postgresql.PostgreSQLConnection.lock(PostgreSQLConnection.java:96)
		at org.flywaydb.core.internal.schemahistory.JdbcTableSchemaHistory.lock(JdbcTableSchemaHistory.java:145)
		at org.flywaydb.core.internal.command.DbMigrate.migrateAll(DbMigrate.java:139)
		at org.flywaydb.core.internal.command.DbMigrate.migrate(DbMigrate.java:97)
		at org.flywaydb.core.Flyway.lambda$migrate$0(Flyway.java:202)
		at org.flywaydb.core.FlywayExecutor.execute(FlywayExecutor.java:205)
		at org.flywaydb.core.Flyway.migrate(Flyway.java:147)
		at org.springframework.boot.autoconfigure.flyway.FlywayMigrationInitializer.afterPropertiesSet(FlywayMigrationInitializer.java:66)
		at org.springframework.beans.factory.support.AbstractAutowireCapableBeanFactory.invokeInitMethods(AbstractAutowireCapableBeanFactory.java:1853)
		at org.springframework.beans.factory.support.AbstractAutowireCapableBeanFactory.initializeBean(AbstractAutowireCapableBeanFactory.java:1802)
		... 58 more
	Caused by: org.flywaydb.core.internal.sqlscript.FlywaySqlScriptException: Migration V1__create_tables.sql failed
--------------------------------------
SQL State  : 42601
Error Code : 0
Message    : ERRO: erro de sintaxe em ou próximo a "FOREIGN"
  Posição: 588
Location   : db/migration/V1__create_tables.sql (C:\Users\Erick.ferreira\Documents\workspace-jdk17\CitMobi2\target\classes\db\migration\V1__create_tables.sql)
Line       : 59
Statement  : CREATE TABLE T_LIN_LINHA (
    LIN_LINHA_ID VARCHAR(30) NOT NULL, -- linhaId
    LIN_LINHA_ATENDIMENTO VARCHAR(15) NOT NULL, -- linhaId
    LIN_LINHA_DESCRICAO VARCHAR(255) NOT NULL,
    GLB_MUNICIPIO_COD BIGINT NOT NULL, -- linhaId
    GLB_OPERADOR_CNPJ VARCHAR(18) NOT NULL,
    LIN_LINHA_FLAGINTERMUNICIPAL VARCHAR(1) NOT NULL,
    LIN_LINHA_FLAGATENDEMETRO VARCHAR(1) NOT NULL,
    LIN_LINHA_FLAGATENDETREM VARCHAR(1) NOT NULL,
    PRIMARY KEY(LIN_LINHA_ID, LIN_LINHA_ATENDIMENTO, GLB_MUNICIPIO_COD),
    FOREIGN KEY (T_GLB_OPERADOR) REFERENCES T_GLB_OPERADOR(GLB_OPERADOR_CNPJ)
    FOREIGN KEY (GLB_MUNICIPIO_COD) REFERENCES T_GLB_MUNICIPIO(GLB_MUNICIPIO_COD)
)

		at org.flywaydb.core.internal.sqlscript.DefaultSqlScriptExecutor.handleException(DefaultSqlScriptExecutor.java:252)
		at org.flywaydb.core.internal.sqlscript.DefaultSqlScriptExecutor.executeStatement(DefaultSqlScriptExecutor.java:214)
		at org.flywaydb.core.internal.sqlscript.DefaultSqlScriptExecutor.execute(DefaultSqlScriptExecutor.java:133)
		at org.flywaydb.core.internal.resolver.sql.SqlMigrationExecutor.executeOnce(SqlMigrationExecutor.java:65)
		at org.flywaydb.core.internal.resolver.sql.SqlMigrationExecutor.lambda$execute$0(SqlMigrationExecutor.java:57)
		at org.flywaydb.core.internal.database.DefaultExecutionStrategy.execute(DefaultExecutionStrategy.java:27)
		at org.flywaydb.core.internal.resolver.sql.SqlMigrationExecutor.execute(SqlMigrationExecutor.java:56)
		at org.flywaydb.core.internal.command.DbMigrate.doMigrateGroup(DbMigrate.java:374)
		... 77 more
	Caused by: org.postgresql.util.PSQLException: ERRO: erro de sintaxe em ou próximo a "FOREIGN"
  Posição: 588
		at org.postgresql.core.v3.QueryExecutorImpl.receiveErrorResponse(QueryExecutorImpl.java:2733)
		at org.postgresql.core.v3.QueryExecutorImpl.processResults(QueryExecutorImpl.java:2420)
		at org.postgresql.core.v3.QueryExecutorImpl.execute(QueryExecutorImpl.java:372)
		at org.postgresql.jdbc.PgStatement.executeInternal(PgStatement.java:517)
		at org.postgresql.jdbc.PgStatement.execute(PgStatement.java:434)
		at org.postgresql.jdbc.PgStatement.executeWithFlags(PgStatement.java:356)
		at org.postgresql.jdbc.PgStatement.executeCachedSql(PgStatement.java:341)
		at org.postgresql.jdbc.PgStatement.executeWithFlags(PgStatement.java:317)
		at org.postgresql.jdbc.PgStatement.execute(PgStatement.java:312)
		at com.zaxxer.hikari.pool.ProxyStatement.execute(ProxyStatement.java:94)
		at com.zaxxer.hikari.pool.HikariProxyStatement.execute(HikariProxyStatement.java)
		at org.flywaydb.core.internal.jdbc.JdbcTemplate.executeStatement(JdbcTemplate.java:210)
		at org.flywaydb.core.internal.sqlscript.ParsedSqlStatement.execute(ParsedSqlStatement.java:89)
		at org.flywaydb.core.internal.sqlscript.DefaultSqlScriptExecutor.executeStatement(DefaultSqlScriptExecutor.java:206)
		... 83 more
16-Jan-2025 14:53:23.530 INFO [main] org.apache.catalina.startup.HostConfig.deployDescriptor Deployment of deployment descriptor [C:\Users\Erick.ferreira\Documents\workspace-jdk17\CitMobi2\src\conf\Catalina\localhost\citMobi2.xml] has finished in [21.272] ms
16-Jan-2025 14:53:23.533 INFO [main] org.apache.coyote.AbstractProtocol.start Starting ProtocolHandler ["http-nio-8085"]
16-Jan-2025 14:53:23.563 INFO [main] org.apache.catalina.startup.Catalina.start Server startup in [21390] milliseconds
16-Jan-2025 14:54:31.271 INFO [Thread-3] org.apache.coyote.AbstractProtocol.pause Pausing ProtocolHandler ["http-nio-8085"]
16-Jan-2025 14:54:32.338 INFO [main] org.apache.catalina.startup.VersionLoggerListener.log Server version name:   Apache Tomcat/10.1.26
16-Jan-2025 14:54:32.342 INFO [main] org.apache.catalina.startup.VersionLoggerListener.log Server built:          Jul 7 2024 21:02:13 UTC
16-Jan-2025 14:54:32.342 INFO [main] org.apache.catalina.startup.VersionLoggerListener.log Server version number: 10.1.26.0
16-Jan-2025 14:54:32.342 INFO [main] org.apache.catalina.startup.VersionLoggerListener.log OS Name:               Windows 11
16-Jan-2025 14:54:32.342 INFO [main] org.apache.catalina.startup.VersionLoggerListener.log OS Version:            10.0
16-Jan-2025 14:54:32.342 INFO [main] org.apache.catalina.startup.VersionLoggerListener.log Architecture:          amd64
16-Jan-2025 14:54:32.343 INFO [main] org.apache.catalina.startup.VersionLoggerListener.log Java Home:             C:\Program Files\Java\jdk-17
16-Jan-2025 14:54:32.343 INFO [main] org.apache.catalina.startup.VersionLoggerListener.log JVM Version:           17.0.11+7-LTS-207
16-Jan-2025 14:54:32.343 INFO [main] org.apache.catalina.startup.VersionLoggerListener.log JVM Vendor:            Oracle Corporation
16-Jan-2025 14:54:32.343 INFO [main] org.apache.catalina.startup.VersionLoggerListener.log CATALINA_BASE:         C:\Users\Erick.ferreira\Documents\workspace-jdk17\CitMobi2\src
16-Jan-2025 14:54:32.343 INFO [main] org.apache.catalina.startup.VersionLoggerListener.log CATALINA_HOME:         C:\Program Files\Apache Software Foundation\Tomcat 10.1
16-Jan-2025 14:54:32.364 INFO [main] org.apache.catalina.startup.VersionLoggerListener.log Command line argument: --add-opens=java.base/java.lang=ALL-UNNAMED
16-Jan-2025 14:54:32.364 INFO [main] org.apache.catalina.startup.VersionLoggerListener.log Command line argument: --add-opens=java.base/java.io=ALL-UNNAMED
16-Jan-2025 14:54:32.365 INFO [main] org.apache.catalina.startup.VersionLoggerListener.log Command line argument: --add-opens=java.base/java.util=ALL-UNNAMED
16-Jan-2025 14:54:32.365 INFO [main] org.apache.catalina.startup.VersionLoggerListener.log Command line argument: --add-opens=java.base/java.util.concurrent=ALL-UNNAMED
16-Jan-2025 14:54:32.365 INFO [main] org.apache.catalina.startup.VersionLoggerListener.log Command line argument: --add-opens=java.rmi/sun.rmi.transport=ALL-UNNAMED
16-Jan-2025 14:54:32.365 INFO [main] org.apache.catalina.startup.VersionLoggerListener.log Command line argument: -Dcatalina.home=C:\Program Files\Apache Software Foundation\Tomcat 10.1
16-Jan-2025 14:54:32.365 INFO [main] org.apache.catalina.startup.VersionLoggerListener.log Command line argument: -Dcatalina.base=C:\Users\Erick.ferreira\Documents\workspace-jdk17\CitMobi2\src
16-Jan-2025 14:54:32.365 INFO [main] org.apache.catalina.startup.VersionLoggerListener.log Command line argument: -Djava.io.tmpdir=C:\Users\Erick.ferreira\Documents\workspace-jdk17\CitMobi2\src\temp
16-Jan-2025 14:54:32.365 INFO [main] org.apache.catalina.startup.VersionLoggerListener.log Command line argument: -Djava.util.logging.config.file=C:\Users\Erick.ferreira\Documents\workspace-jdk17\CitMobi2\src\conf\logging.properties
16-Jan-2025 14:54:32.366 INFO [main] org.apache.catalina.startup.VersionLoggerListener.log Command line argument: -Djava.util.logging.manager=org.apache.juli.ClassLoaderLogManager
16-Jan-2025 14:54:32.366 INFO [main] org.apache.catalina.startup.VersionLoggerListener.log Command line argument: -javaagent:C:\Program Files\JetBrains\IntelliJ IDEA Community Edition 2024.1.4\lib\idea_rt.jar=60644:C:\Program Files\JetBrains\IntelliJ IDEA Community Edition 2024.1.4\bin
16-Jan-2025 14:54:32.366 INFO [main] org.apache.catalina.startup.VersionLoggerListener.log Command line argument: -Dfile.encoding=UTF-8
16-Jan-2025 14:54:32.375 INFO [main] org.apache.catalina.core.AprLifecycleListener.lifecycleEvent The Apache Tomcat Native library which allows using OpenSSL was not found on the java.library.path: [C:\Program Files\Java\jdk-17\bin;C:\Windows\Sun\Java\bin;C:\Windows\system32;C:\Windows;C:\Program Files\Common Files\Oracle\Java\javapath;C:\Python312\Scripts\;C:\Python312\;C:\Program Files (x86)\Common Files\Oracle\Java\javapath;C:\app\TDV.Admin\product\11.2.0\client_1\bin;C:\Windows\system32;C:\Windows;C:\Windows\System32\Wbem;C:\Windows\System32\WindowsPowerShell\v1.0\;C:\Windows\System32\OpenSSH\;C:\Program Files\Git\cmd;C:\Java_Essentials\apache-maven-3.6.3\bin;C:\Program Files\nodejs\;C:\ProgramData\chocolatey\bin;C:\Program Files\dotnet\;C:\Program Files\MySQL\MySQL Shell 8.0\bin\;C:\Users\Erick.ferreira\.console-ninja\.bin;C:\Users\Erick.ferreira\AppData\Local\Microsoft\WindowsApps;C:\Users\Erick.ferreira\AppData\Local\Programs\Microsoft VS Code\bin;C:\Program Files\Java\jdk1.8.0_291\bin;C:\Users\Erick.ferreira\AppData\Roaming\npm;C:\Program Files\JetBrains\IntelliJ IDEA Community Edition 2024.1.4\bin;;C:\Users\Erick.ferreira\.dotnet\tools;.]
16-Jan-2025 14:54:32.694 INFO [main] org.apache.coyote.AbstractProtocol.init Initializing ProtocolHandler ["http-nio-8085"]
16-Jan-2025 14:54:32.720 INFO [main] org.apache.catalina.startup.Catalina.load Server initialization in [653] milliseconds
16-Jan-2025 14:54:32.792 INFO [main] org.apache.catalina.core.StandardService.startInternal Starting service [Catalina]
16-Jan-2025 14:54:32.792 INFO [main] org.apache.catalina.core.StandardEngine.startInternal Starting Servlet engine: [Apache Tomcat/10.1.26]
16-Jan-2025 14:54:32.815 INFO [main] org.apache.catalina.startup.HostConfig.deployDescriptor Deploying deployment descriptor [C:\Users\Erick.ferreira\Documents\workspace-jdk17\CitMobi2\src\conf\Catalina\localhost\citMobi2.xml]
16-Jan-2025 14:54:38.837 INFO [main] org.apache.catalina.startup.VersionLoggerListener.log Server version name:   Apache Tomcat/10.1.26
16-Jan-2025 14:54:38.844 INFO [main] org.apache.catalina.startup.VersionLoggerListener.log Server built:          Jul 7 2024 21:02:13 UTC
16-Jan-2025 14:54:38.844 INFO [main] org.apache.catalina.startup.VersionLoggerListener.log Server version number: 10.1.26.0
16-Jan-2025 14:54:38.844 INFO [main] org.apache.catalina.startup.VersionLoggerListener.log OS Name:               Windows 11
16-Jan-2025 14:54:38.845 INFO [main] org.apache.catalina.startup.VersionLoggerListener.log OS Version:            10.0
16-Jan-2025 14:54:38.845 INFO [main] org.apache.catalina.startup.VersionLoggerListener.log Architecture:          amd64
16-Jan-2025 14:54:38.845 INFO [main] org.apache.catalina.startup.VersionLoggerListener.log Java Home:             C:\Program Files\Java\jdk-17
16-Jan-2025 14:54:38.845 INFO [main] org.apache.catalina.startup.VersionLoggerListener.log JVM Version:           17.0.11+7-LTS-207
16-Jan-2025 14:54:38.845 INFO [main] org.apache.catalina.startup.VersionLoggerListener.log JVM Vendor:            Oracle Corporation
16-Jan-2025 14:54:38.845 INFO [main] org.apache.catalina.startup.VersionLoggerListener.log CATALINA_BASE:         C:\Users\Erick.ferreira\Documents\workspace-jdk17\CitMobi2\src
16-Jan-2025 14:54:38.845 INFO [main] org.apache.catalina.startup.VersionLoggerListener.log CATALINA_HOME:         C:\Program Files\Apache Software Foundation\Tomcat 10.1
16-Jan-2025 14:54:38.866 INFO [main] org.apache.catalina.startup.VersionLoggerListener.log Command line argument: --add-opens=java.base/java.lang=ALL-UNNAMED
16-Jan-2025 14:54:38.866 INFO [main] org.apache.catalina.startup.VersionLoggerListener.log Command line argument: --add-opens=java.base/java.io=ALL-UNNAMED
16-Jan-2025 14:54:38.866 INFO [main] org.apache.catalina.startup.VersionLoggerListener.log Command line argument: --add-opens=java.base/java.util=ALL-UNNAMED
16-Jan-2025 14:54:38.866 INFO [main] org.apache.catalina.startup.VersionLoggerListener.log Command line argument: --add-opens=java.base/java.util.concurrent=ALL-UNNAMED
16-Jan-2025 14:54:38.867 INFO [main] org.apache.catalina.startup.VersionLoggerListener.log Command line argument: --add-opens=java.rmi/sun.rmi.transport=ALL-UNNAMED
16-Jan-2025 14:54:38.867 INFO [main] org.apache.catalina.startup.VersionLoggerListener.log Command line argument: -Dcatalina.home=C:\Program Files\Apache Software Foundation\Tomcat 10.1
16-Jan-2025 14:54:38.867 INFO [main] org.apache.catalina.startup.VersionLoggerListener.log Command line argument: -Dcatalina.base=C:\Users\Erick.ferreira\Documents\workspace-jdk17\CitMobi2\src
16-Jan-2025 14:54:38.867 INFO [main] org.apache.catalina.startup.VersionLoggerListener.log Command line argument: -Djava.io.tmpdir=C:\Users\Erick.ferreira\Documents\workspace-jdk17\CitMobi2\src\temp
16-Jan-2025 14:54:38.867 INFO [main] org.apache.catalina.startup.VersionLoggerListener.log Command line argument: -Djava.util.logging.config.file=C:\Users\Erick.ferreira\Documents\workspace-jdk17\CitMobi2\src\conf\logging.properties
16-Jan-2025 14:54:38.867 INFO [main] org.apache.catalina.startup.VersionLoggerListener.log Command line argument: -Djava.util.logging.manager=org.apache.juli.ClassLoaderLogManager
16-Jan-2025 14:54:38.867 INFO [main] org.apache.catalina.startup.VersionLoggerListener.log Command line argument: -javaagent:C:\Program Files\JetBrains\IntelliJ IDEA Community Edition 2024.1.4\lib\idea_rt.jar=60655:C:\Program Files\JetBrains\IntelliJ IDEA Community Edition 2024.1.4\bin
16-Jan-2025 14:54:38.867 INFO [main] org.apache.catalina.startup.VersionLoggerListener.log Command line argument: -Dfile.encoding=UTF-8
16-Jan-2025 14:54:38.879 INFO [main] org.apache.catalina.core.AprLifecycleListener.lifecycleEvent The Apache Tomcat Native library which allows using OpenSSL was not found on the java.library.path: [C:\Program Files\Java\jdk-17\bin;C:\Windows\Sun\Java\bin;C:\Windows\system32;C:\Windows;C:\Program Files\Common Files\Oracle\Java\javapath;C:\Python312\Scripts\;C:\Python312\;C:\Program Files (x86)\Common Files\Oracle\Java\javapath;C:\app\TDV.Admin\product\11.2.0\client_1\bin;C:\Windows\system32;C:\Windows;C:\Windows\System32\Wbem;C:\Windows\System32\WindowsPowerShell\v1.0\;C:\Windows\System32\OpenSSH\;C:\Program Files\Git\cmd;C:\Java_Essentials\apache-maven-3.6.3\bin;C:\Program Files\nodejs\;C:\ProgramData\chocolatey\bin;C:\Program Files\dotnet\;C:\Program Files\MySQL\MySQL Shell 8.0\bin\;C:\Users\Erick.ferreira\.console-ninja\.bin;C:\Users\Erick.ferreira\AppData\Local\Microsoft\WindowsApps;C:\Users\Erick.ferreira\AppData\Local\Programs\Microsoft VS Code\bin;C:\Program Files\Java\jdk1.8.0_291\bin;C:\Users\Erick.ferreira\AppData\Roaming\npm;C:\Program Files\JetBrains\IntelliJ IDEA Community Edition 2024.1.4\bin;;C:\Users\Erick.ferreira\.dotnet\tools;.]
16-Jan-2025 14:54:39.168 INFO [main] org.apache.coyote.AbstractProtocol.init Initializing ProtocolHandler ["http-nio-8085"]
16-Jan-2025 14:54:39.193 INFO [main] org.apache.catalina.startup.Catalina.load Server initialization in [584] milliseconds
16-Jan-2025 14:54:39.254 INFO [main] org.apache.catalina.core.StandardService.startInternal Starting service [Catalina]
16-Jan-2025 14:54:39.254 INFO [main] org.apache.catalina.core.StandardEngine.startInternal Starting Servlet engine: [Apache Tomcat/10.1.26]
16-Jan-2025 14:54:39.270 INFO [main] org.apache.catalina.startup.HostConfig.deployDescriptor Deploying deployment descriptor [C:\Users\Erick.ferreira\Documents\workspace-jdk17\CitMobi2\src\conf\Catalina\localhost\citMobi2.xml]
16-Jan-2025 14:54:45.453 INFO [main] org.apache.jasper.servlet.TldScanner.scanJars At least one JAR was scanned for TLDs yet contained no TLDs. Enable debug logging for this logger for a complete list of JARs that were scanned but no TLDs were found in them. Skipping unneeded JARs during scanning can improve startup time and JSP compilation time.
16-Jan-2025 14:54:54.586 SEVERE [main] org.apache.catalina.startup.HostConfig.deployDescriptor Error deploying deployment descriptor [C:\Users\Erick.ferreira\Documents\workspace-jdk17\CitMobi2\src\conf\Catalina\localhost\citMobi2.xml]
	java.lang.IllegalStateException: Error starting child
		at org.apache.catalina.core.ContainerBase.addChildInternal(ContainerBase.java:602)
		at org.apache.catalina.core.ContainerBase.addChild(ContainerBase.java:571)
		at org.apache.catalina.core.StandardHost.addChild(StandardHost.java:654)
		at org.apache.catalina.startup.HostConfig.deployDescriptor(HostConfig.java:635)
		at org.apache.catalina.startup.HostConfig$DeployDescriptor.run(HostConfig.java:1889)
		at java.base/java.util.concurrent.Executors$RunnableAdapter.call(Executors.java:539)
		at java.base/java.util.concurrent.FutureTask.run(FutureTask.java:264)
		at org.apache.tomcat.util.threads.InlineExecutorService.execute(InlineExecutorService.java:75)
		at java.base/java.util.concurrent.AbstractExecutorService.submit(AbstractExecutorService.java:123)
		at org.apache.catalina.startup.HostConfig.deployDescriptors(HostConfig.java:530)
		at org.apache.catalina.startup.HostConfig.deployApps(HostConfig.java:421)
		at org.apache.catalina.startup.HostConfig.start(HostConfig.java:1629)
		at org.apache.catalina.startup.HostConfig.lifecycleEvent(HostConfig.java:303)
		at org.apache.catalina.util.LifecycleBase.fireLifecycleEvent(LifecycleBase.java:109)
		at org.apache.catalina.util.LifecycleBase.setStateInternal(LifecycleBase.java:385)
		at org.apache.catalina.util.LifecycleBase.setState(LifecycleBase.java:332)
		at org.apache.catalina.core.ContainerBase.startInternal(ContainerBase.java:776)
		at org.apache.catalina.core.StandardHost.startInternal(StandardHost.java:772)
		at org.apache.catalina.util.LifecycleBase.start(LifecycleBase.java:164)
		at org.apache.catalina.core.ContainerBase$StartChild.call(ContainerBase.java:1203)
		at org.apache.catalina.core.ContainerBase$StartChild.call(ContainerBase.java:1193)
		at java.base/java.util.concurrent.FutureTask.run(FutureTask.java:264)
		at org.apache.tomcat.util.threads.InlineExecutorService.execute(InlineExecutorService.java:75)
		at java.base/java.util.concurrent.AbstractExecutorService.submit(AbstractExecutorService.java:145)
		at org.apache.catalina.core.ContainerBase.startInternal(ContainerBase.java:749)
		at org.apache.catalina.core.StandardEngine.startInternal(StandardEngine.java:203)
		at org.apache.catalina.util.LifecycleBase.start(LifecycleBase.java:164)
		at org.apache.catalina.core.StandardService.startInternal(StandardService.java:415)
		at org.apache.catalina.util.LifecycleBase.start(LifecycleBase.java:164)
		at org.apache.catalina.core.StandardServer.startInternal(StandardServer.java:874)
		at org.apache.catalina.util.LifecycleBase.start(LifecycleBase.java:164)
		at org.apache.catalina.startup.Catalina.start(Catalina.java:757)
		at java.base/jdk.internal.reflect.NativeMethodAccessorImpl.invoke0(Native Method)
		at java.base/jdk.internal.reflect.NativeMethodAccessorImpl.invoke(NativeMethodAccessorImpl.java:77)
		at java.base/jdk.internal.reflect.DelegatingMethodAccessorImpl.invoke(DelegatingMethodAccessorImpl.java:43)
		at java.base/java.lang.reflect.Method.invoke(Method.java:568)
		at org.apache.catalina.startup.Bootstrap.start(Bootstrap.java:345)
		at org.apache.catalina.startup.Bootstrap.main(Bootstrap.java:473)
	Caused by: org.apache.catalina.LifecycleException: Failed to start component [StandardEngine[Catalina].StandardHost[localhost].StandardContext[/citMobi2]]
		at org.apache.catalina.util.LifecycleBase.handleSubClassException(LifecycleBase.java:402)
		at org.apache.catalina.util.LifecycleBase.start(LifecycleBase.java:179)
		at org.apache.catalina.core.ContainerBase.addChildInternal(ContainerBase.java:599)
		... 37 more
	Caused by: org.springframework.beans.factory.BeanCreationException: Error creating bean with name 'entityManagerFactory' defined in class path resource [org/springframework/boot/autoconfigure/orm/jpa/HibernateJpaConfiguration.class]: Failed to initialize dependency 'flywayInitializer' of LoadTimeWeaverAware bean 'entityManagerFactory': Error creating bean with name 'flywayInitializer' defined in class path resource [org/springframework/boot/autoconfigure/flyway/FlywayAutoConfiguration$FlywayConfiguration.class]: Migration V2__INSERT_MOCK.sql failed
------------------------------------
SQL State  : 42601
Error Code : 0
Message    : ERRO: erro de sintaxe em ou próximo a "INSERT"
  Posição: 133
Location   : db/migration/V2__INSERT_MOCK.sql (C:\Users\Erick.ferreira\Documents\workspace-jdk17\CitMobi2\target\classes\db\migration\V2__INSERT_MOCK.sql)
Line       : 5
Statement  : INSERT INTO T_GLB_OPERADOR(GLB_OPERADOR_CNPJ, GLB_OPERADOR_RAZAOSOCIAL) VALUES ('31974104000120', 'VIACAO METROPOLE PAULISTA S/A')

INSERT INTO T_LIN_TIPO (LIN_TIPO_ID, LIN_TIPO_DESCRICAO) VALUES (1,'TERMINAL')

		at org.springframework.beans.factory.support.AbstractBeanFactory.doGetBean(AbstractBeanFactory.java:326)
		at org.springframework.beans.factory.support.AbstractBeanFactory.getBean(AbstractBeanFactory.java:205)
		at org.springframework.context.support.AbstractApplicationContext.finishBeanFactoryInitialization(AbstractApplicationContext.java:954)
		at org.springframework.context.support.AbstractApplicationContext.refresh(AbstractApplicationContext.java:625)
		at org.springframework.boot.web.servlet.context.ServletWebServerApplicationContext.refresh(ServletWebServerApplicationContext.java:146)
		at org.springframework.boot.SpringApplication.refresh(SpringApplication.java:754)
		at org.springframework.boot.SpringApplication.refreshContext(SpringApplication.java:456)
		at org.springframework.boot.SpringApplication.run(SpringApplication.java:335)
		at org.springframework.boot.web.servlet.support.SpringBootServletInitializer.run(SpringBootServletInitializer.java:174)
		at org.springframework.boot.web.servlet.support.SpringBootServletInitializer.createRootApplicationContext(SpringBootServletInitializer.java:154)
		at org.springframework.boot.web.servlet.support.SpringBootServletInitializer.onStartup(SpringBootServletInitializer.java:96)
		at org.springframework.web.SpringServletContainerInitializer.onStartup(SpringServletContainerInitializer.java:171)
		at org.apache.catalina.core.StandardContext.startInternal(StandardContext.java:4414)
		at org.apache.catalina.util.LifecycleBase.start(LifecycleBase.java:164)
		... 38 more
	Caused by: org.springframework.beans.factory.BeanCreationException: Error creating bean with name 'flywayInitializer' defined in class path resource [org/springframework/boot/autoconfigure/flyway/FlywayAutoConfiguration$FlywayConfiguration.class]: Migration V2__INSERT_MOCK.sql failed
------------------------------------
SQL State  : 42601
Error Code : 0
Message    : ERRO: erro de sintaxe em ou próximo a "INSERT"
  Posição: 133
Location   : db/migration/V2__INSERT_MOCK.sql (C:\Users\Erick.ferreira\Documents\workspace-jdk17\CitMobi2\target\classes\db\migration\V2__INSERT_MOCK.sql)
Line       : 5
Statement  : INSERT INTO T_GLB_OPERADOR(GLB_OPERADOR_CNPJ, GLB_OPERADOR_RAZAOSOCIAL) VALUES ('31974104000120', 'VIACAO METROPOLE PAULISTA S/A')

INSERT INTO T_LIN_TIPO (LIN_TIPO_ID, LIN_TIPO_DESCRICAO) VALUES (1,'TERMINAL')

		at org.springframework.beans.factory.support.AbstractAutowireCapableBeanFactory.initializeBean(AbstractAutowireCapableBeanFactory.java:1806)
		at org.springframework.beans.factory.support.AbstractAutowireCapableBeanFactory.doCreateBean(AbstractAutowireCapableBeanFactory.java:600)
		at org.springframework.beans.factory.support.AbstractAutowireCapableBeanFactory.createBean(AbstractAutowireCapableBeanFactory.java:522)
		at org.springframework.beans.factory.support.AbstractBeanFactory.lambda$doGetBean$0(AbstractBeanFactory.java:337)
		at org.springframework.beans.factory.support.DefaultSingletonBeanRegistry.getSingleton(DefaultSingletonBeanRegistry.java:234)
		at org.springframework.beans.factory.support.AbstractBeanFactory.doGetBean(AbstractBeanFactory.java:335)
		at org.springframework.beans.factory.support.AbstractBeanFactory.getBean(AbstractBeanFactory.java:200)
		at org.springframework.beans.factory.support.AbstractBeanFactory.doGetBean(AbstractBeanFactory.java:313)
		... 51 more
	Caused by: org.flywaydb.core.internal.command.DbMigrate$FlywayMigrateException: Migration V2__INSERT_MOCK.sql failed
------------------------------------
SQL State  : 42601
Error Code : 0
Message    : ERRO: erro de sintaxe em ou próximo a "INSERT"
  Posição: 133
Location   : db/migration/V2__INSERT_MOCK.sql (C:\Users\Erick.ferreira\Documents\workspace-jdk17\CitMobi2\target\classes\db\migration\V2__INSERT_MOCK.sql)
Line       : 5
Statement  : INSERT INTO T_GLB_OPERADOR(GLB_OPERADOR_CNPJ, GLB_OPERADOR_RAZAOSOCIAL) VALUES ('31974104000120', 'VIACAO METROPOLE PAULISTA S/A')

INSERT INTO T_LIN_TIPO (LIN_TIPO_ID, LIN_TIPO_DESCRICAO) VALUES (1,'TERMINAL')

		at org.flywaydb.core.internal.command.DbMigrate.doMigrateGroup(DbMigrate.java:382)
		at org.flywaydb.core.internal.command.DbMigrate.lambda$applyMigrations$1(DbMigrate.java:272)
		at org.flywaydb.core.internal.jdbc.TransactionalExecutionTemplate.execute(TransactionalExecutionTemplate.java:55)
		at org.flywaydb.core.internal.command.DbMigrate.applyMigrations(DbMigrate.java:271)
		at org.flywaydb.core.internal.command.DbMigrate.migrateGroup(DbMigrate.java:244)
		at org.flywaydb.core.internal.command.DbMigrate.lambda$migrateAll$0(DbMigrate.java:139)
		at org.flywaydb.database.postgresql.PostgreSQLAdvisoryLockTemplate.execute(PostgreSQLAdvisoryLockTemplate.java:73)
		at org.flywaydb.database.postgresql.PostgreSQLAdvisoryLockTemplate.lambda$execute$0(PostgreSQLAdvisoryLockTemplate.java:56)
		at org.flywaydb.core.internal.jdbc.TransactionalExecutionTemplate.execute(TransactionalExecutionTemplate.java:55)
		at org.flywaydb.database.postgresql.PostgreSQLAdvisoryLockTemplate.execute(PostgreSQLAdvisoryLockTemplate.java:56)
		at org.flywaydb.database.postgresql.PostgreSQLConnection.lock(PostgreSQLConnection.java:96)
		at org.flywaydb.core.internal.schemahistory.JdbcTableSchemaHistory.lock(JdbcTableSchemaHistory.java:145)
		at org.flywaydb.core.internal.command.DbMigrate.migrateAll(DbMigrate.java:139)
		at org.flywaydb.core.internal.command.DbMigrate.migrate(DbMigrate.java:97)
		at org.flywaydb.core.Flyway.lambda$migrate$0(Flyway.java:202)
		at org.flywaydb.core.FlywayExecutor.execute(FlywayExecutor.java:205)
		at org.flywaydb.core.Flyway.migrate(Flyway.java:147)
		at org.springframework.boot.autoconfigure.flyway.FlywayMigrationInitializer.afterPropertiesSet(FlywayMigrationInitializer.java:66)
		at org.springframework.beans.factory.support.AbstractAutowireCapableBeanFactory.invokeInitMethods(AbstractAutowireCapableBeanFactory.java:1853)
		at org.springframework.beans.factory.support.AbstractAutowireCapableBeanFactory.initializeBean(AbstractAutowireCapableBeanFactory.java:1802)
		... 58 more
	Caused by: org.flywaydb.core.internal.sqlscript.FlywaySqlScriptException: Migration V2__INSERT_MOCK.sql failed
------------------------------------
SQL State  : 42601
Error Code : 0
Message    : ERRO: erro de sintaxe em ou próximo a "INSERT"
  Posição: 133
Location   : db/migration/V2__INSERT_MOCK.sql (C:\Users\Erick.ferreira\Documents\workspace-jdk17\CitMobi2\target\classes\db\migration\V2__INSERT_MOCK.sql)
Line       : 5
Statement  : INSERT INTO T_GLB_OPERADOR(GLB_OPERADOR_CNPJ, GLB_OPERADOR_RAZAOSOCIAL) VALUES ('31974104000120', 'VIACAO METROPOLE PAULISTA S/A')

INSERT INTO T_LIN_TIPO (LIN_TIPO_ID, LIN_TIPO_DESCRICAO) VALUES (1,'TERMINAL')

		at org.flywaydb.core.internal.sqlscript.DefaultSqlScriptExecutor.handleException(DefaultSqlScriptExecutor.java:252)
		at org.flywaydb.core.internal.sqlscript.DefaultSqlScriptExecutor.executeStatement(DefaultSqlScriptExecutor.java:214)
		at org.flywaydb.core.internal.sqlscript.DefaultSqlScriptExecutor.execute(DefaultSqlScriptExecutor.java:133)
		at org.flywaydb.core.internal.resolver.sql.SqlMigrationExecutor.executeOnce(SqlMigrationExecutor.java:65)
		at org.flywaydb.core.internal.resolver.sql.SqlMigrationExecutor.lambda$execute$0(SqlMigrationExecutor.java:57)
		at org.flywaydb.core.internal.database.DefaultExecutionStrategy.execute(DefaultExecutionStrategy.java:27)
		at org.flywaydb.core.internal.resolver.sql.SqlMigrationExecutor.execute(SqlMigrationExecutor.java:56)
		at org.flywaydb.core.internal.command.DbMigrate.doMigrateGroup(DbMigrate.java:374)
		... 77 more
	Caused by: org.postgresql.util.PSQLException: ERRO: erro de sintaxe em ou próximo a "INSERT"
  Posição: 133
		at org.postgresql.core.v3.QueryExecutorImpl.receiveErrorResponse(QueryExecutorImpl.java:2733)
		at org.postgresql.core.v3.QueryExecutorImpl.processResults(QueryExecutorImpl.java:2420)
		at org.postgresql.core.v3.QueryExecutorImpl.execute(QueryExecutorImpl.java:372)
		at org.postgresql.jdbc.PgStatement.executeInternal(PgStatement.java:517)
		at org.postgresql.jdbc.PgStatement.execute(PgStatement.java:434)
		at org.postgresql.jdbc.PgStatement.executeWithFlags(PgStatement.java:356)
		at org.postgresql.jdbc.PgStatement.executeCachedSql(PgStatement.java:341)
		at org.postgresql.jdbc.PgStatement.executeWithFlags(PgStatement.java:317)
		at org.postgresql.jdbc.PgStatement.execute(PgStatement.java:312)
		at com.zaxxer.hikari.pool.ProxyStatement.execute(ProxyStatement.java:94)
		at com.zaxxer.hikari.pool.HikariProxyStatement.execute(HikariProxyStatement.java)
		at org.flywaydb.core.internal.jdbc.JdbcTemplate.executeStatement(JdbcTemplate.java:210)
		at org.flywaydb.core.internal.sqlscript.ParsedSqlStatement.execute(ParsedSqlStatement.java:89)
		at org.flywaydb.core.internal.sqlscript.DefaultSqlScriptExecutor.executeStatement(DefaultSqlScriptExecutor.java:206)
		... 83 more
16-Jan-2025 14:54:54.597 INFO [main] org.apache.catalina.startup.HostConfig.deployDescriptor Deployment of deployment descriptor [C:\Users\Erick.ferreira\Documents\workspace-jdk17\CitMobi2\src\conf\Catalina\localhost\citMobi2.xml] has finished in [15.327] ms
16-Jan-2025 14:54:54.601 INFO [main] org.apache.coyote.AbstractProtocol.start Starting ProtocolHandler ["http-nio-8085"]
16-Jan-2025 14:54:54.636 INFO [main] org.apache.catalina.startup.Catalina.start Server startup in [15442] milliseconds
16-Jan-2025 14:56:51.499 INFO [Thread-3] org.apache.coyote.AbstractProtocol.pause Pausing ProtocolHandler ["http-nio-8085"]
16-Jan-2025 14:56:51.676 INFO [Thread-3] org.apache.catalina.core.StandardService.stopInternal Stopping service [Catalina]
16-Jan-2025 14:56:51.677 INFO [Thread-3] org.apache.coyote.AbstractProtocol.stop Stopping ProtocolHandler ["http-nio-8085"]
16-Jan-2025 14:56:51.681 INFO [Thread-3] org.apache.coyote.AbstractProtocol.destroy Destroying ProtocolHandler ["http-nio-8085"]
16-Jan-2025 14:56:51.684 WARNING [Thread-3] org.apache.catalina.loader.WebappClassLoaderBase.clearReferencesJdbc The web application [citMobi2] registered the JDBC driver [org.postgresql.Driver] but failed to unregister it when the web application was stopped. To prevent a memory leak, the JDBC Driver has been forcibly unregistered.
16-Jan-2025 14:57:01.815 INFO [main] org.apache.catalina.startup.VersionLoggerListener.log Server version name:   Apache Tomcat/10.1.26
16-Jan-2025 14:57:01.820 INFO [main] org.apache.catalina.startup.VersionLoggerListener.log Server built:          Jul 7 2024 21:02:13 UTC
16-Jan-2025 14:57:01.821 INFO [main] org.apache.catalina.startup.VersionLoggerListener.log Server version number: 10.1.26.0
16-Jan-2025 14:57:01.821 INFO [main] org.apache.catalina.startup.VersionLoggerListener.log OS Name:               Windows 11
16-Jan-2025 14:57:01.821 INFO [main] org.apache.catalina.startup.VersionLoggerListener.log OS Version:            10.0
16-Jan-2025 14:57:01.821 INFO [main] org.apache.catalina.startup.VersionLoggerListener.log Architecture:          amd64
16-Jan-2025 14:57:01.821 INFO [main] org.apache.catalina.startup.VersionLoggerListener.log Java Home:             C:\Program Files\Java\jdk-17
16-Jan-2025 14:57:01.822 INFO [main] org.apache.catalina.startup.VersionLoggerListener.log JVM Version:           17.0.11+7-LTS-207
16-Jan-2025 14:57:01.822 INFO [main] org.apache.catalina.startup.VersionLoggerListener.log JVM Vendor:            Oracle Corporation
16-Jan-2025 14:57:01.822 INFO [main] org.apache.catalina.startup.VersionLoggerListener.log CATALINA_BASE:         C:\Users\Erick.ferreira\Documents\workspace-jdk17\CitMobi2\src
16-Jan-2025 14:57:01.822 INFO [main] org.apache.catalina.startup.VersionLoggerListener.log CATALINA_HOME:         C:\Program Files\Apache Software Foundation\Tomcat 10.1
16-Jan-2025 14:57:01.839 INFO [main] org.apache.catalina.startup.VersionLoggerListener.log Command line argument: --add-opens=java.base/java.lang=ALL-UNNAMED
16-Jan-2025 14:57:01.839 INFO [main] org.apache.catalina.startup.VersionLoggerListener.log Command line argument: --add-opens=java.base/java.io=ALL-UNNAMED
16-Jan-2025 14:57:01.839 INFO [main] org.apache.catalina.startup.VersionLoggerListener.log Command line argument: --add-opens=java.base/java.util=ALL-UNNAMED
16-Jan-2025 14:57:01.839 INFO [main] org.apache.catalina.startup.VersionLoggerListener.log Command line argument: --add-opens=java.base/java.util.concurrent=ALL-UNNAMED
16-Jan-2025 14:57:01.839 INFO [main] org.apache.catalina.startup.VersionLoggerListener.log Command line argument: --add-opens=java.rmi/sun.rmi.transport=ALL-UNNAMED
16-Jan-2025 14:57:01.839 INFO [main] org.apache.catalina.startup.VersionLoggerListener.log Command line argument: -Dcatalina.home=C:\Program Files\Apache Software Foundation\Tomcat 10.1
16-Jan-2025 14:57:01.839 INFO [main] org.apache.catalina.startup.VersionLoggerListener.log Command line argument: -Dcatalina.base=C:\Users\Erick.ferreira\Documents\workspace-jdk17\CitMobi2\src
16-Jan-2025 14:57:01.839 INFO [main] org.apache.catalina.startup.VersionLoggerListener.log Command line argument: -Djava.io.tmpdir=C:\Users\Erick.ferreira\Documents\workspace-jdk17\CitMobi2\src\temp
16-Jan-2025 14:57:01.839 INFO [main] org.apache.catalina.startup.VersionLoggerListener.log Command line argument: -Djava.util.logging.config.file=C:\Users\Erick.ferreira\Documents\workspace-jdk17\CitMobi2\src\conf\logging.properties
16-Jan-2025 14:57:01.839 INFO [main] org.apache.catalina.startup.VersionLoggerListener.log Command line argument: -Djava.util.logging.manager=org.apache.juli.ClassLoaderLogManager
16-Jan-2025 14:57:01.839 INFO [main] org.apache.catalina.startup.VersionLoggerListener.log Command line argument: -javaagent:C:\Program Files\JetBrains\IntelliJ IDEA Community Edition 2024.1.4\lib\idea_rt.jar=60716:C:\Program Files\JetBrains\IntelliJ IDEA Community Edition 2024.1.4\bin
16-Jan-2025 14:57:01.840 INFO [main] org.apache.catalina.startup.VersionLoggerListener.log Command line argument: -Dfile.encoding=UTF-8
16-Jan-2025 14:57:01.848 INFO [main] org.apache.catalina.core.AprLifecycleListener.lifecycleEvent The Apache Tomcat Native library which allows using OpenSSL was not found on the java.library.path: [C:\Program Files\Java\jdk-17\bin;C:\Windows\Sun\Java\bin;C:\Windows\system32;C:\Windows;C:\Program Files\Common Files\Oracle\Java\javapath;C:\Python312\Scripts\;C:\Python312\;C:\Program Files (x86)\Common Files\Oracle\Java\javapath;C:\app\TDV.Admin\product\11.2.0\client_1\bin;C:\Windows\system32;C:\Windows;C:\Windows\System32\Wbem;C:\Windows\System32\WindowsPowerShell\v1.0\;C:\Windows\System32\OpenSSH\;C:\Program Files\Git\cmd;C:\Java_Essentials\apache-maven-3.6.3\bin;C:\Program Files\nodejs\;C:\ProgramData\chocolatey\bin;C:\Program Files\dotnet\;C:\Program Files\MySQL\MySQL Shell 8.0\bin\;C:\Users\Erick.ferreira\.console-ninja\.bin;C:\Users\Erick.ferreira\AppData\Local\Microsoft\WindowsApps;C:\Users\Erick.ferreira\AppData\Local\Programs\Microsoft VS Code\bin;C:\Program Files\Java\jdk1.8.0_291\bin;C:\Users\Erick.ferreira\AppData\Roaming\npm;C:\Program Files\JetBrains\IntelliJ IDEA Community Edition 2024.1.4\bin;;C:\Users\Erick.ferreira\.dotnet\tools;.]
16-Jan-2025 14:57:02.129 INFO [main] org.apache.coyote.AbstractProtocol.init Initializing ProtocolHandler ["http-nio-8085"]
16-Jan-2025 14:57:02.148 INFO [main] org.apache.catalina.startup.Catalina.load Server initialization in [556] milliseconds
16-Jan-2025 14:57:02.205 INFO [main] org.apache.catalina.core.StandardService.startInternal Starting service [Catalina]
16-Jan-2025 14:57:02.205 INFO [main] org.apache.catalina.core.StandardEngine.startInternal Starting Servlet engine: [Apache Tomcat/10.1.26]
16-Jan-2025 14:57:02.218 INFO [main] org.apache.catalina.startup.HostConfig.deployDescriptor Deploying deployment descriptor [C:\Users\Erick.ferreira\Documents\workspace-jdk17\CitMobi2\src\conf\Catalina\localhost\citMobi2.xml]
16-Jan-2025 14:57:08.342 INFO [main] org.apache.jasper.servlet.TldScanner.scanJars At least one JAR was scanned for TLDs yet contained no TLDs. Enable debug logging for this logger for a complete list of JARs that were scanned but no TLDs were found in them. Skipping unneeded JARs during scanning can improve startup time and JSP compilation time.
16-Jan-2025 14:57:26.839 INFO [main] org.apache.catalina.startup.HostConfig.deployDescriptor Deployment of deployment descriptor [C:\Users\Erick.ferreira\Documents\workspace-jdk17\CitMobi2\src\conf\Catalina\localhost\citMobi2.xml] has finished in [24.622] ms
16-Jan-2025 14:57:26.846 INFO [main] org.apache.coyote.AbstractProtocol.start Starting ProtocolHandler ["http-nio-8085"]
16-Jan-2025 14:57:26.921 INFO [main] org.apache.catalina.startup.Catalina.start Server startup in [24771] milliseconds
16-Jan-2025 14:57:41.111 INFO [Thread-3] org.apache.coyote.AbstractProtocol.pause Pausing ProtocolHandler ["http-nio-8085"]
16-Jan-2025 14:57:41.286 INFO [Thread-3] org.apache.catalina.core.StandardService.stopInternal Stopping service [Catalina]
16-Jan-2025 14:57:41.428 INFO [Thread-3] org.apache.coyote.AbstractProtocol.stop Stopping ProtocolHandler ["http-nio-8085"]
16-Jan-2025 14:57:41.443 INFO [Thread-3] org.apache.coyote.AbstractProtocol.destroy Destroying ProtocolHandler ["http-nio-8085"]
16-Jan-2025 17:11:37.631 INFO [main] org.apache.catalina.startup.VersionLoggerListener.log Server version name:   Apache Tomcat/10.1.26
16-Jan-2025 17:11:37.634 INFO [main] org.apache.catalina.startup.VersionLoggerListener.log Server built:          Jul 7 2024 21:02:13 UTC
16-Jan-2025 17:11:37.635 INFO [main] org.apache.catalina.startup.VersionLoggerListener.log Server version number: 10.1.26.0
16-Jan-2025 17:11:37.635 INFO [main] org.apache.catalina.startup.VersionLoggerListener.log OS Name:               Windows 11
16-Jan-2025 17:11:37.635 INFO [main] org.apache.catalina.startup.VersionLoggerListener.log OS Version:            10.0
16-Jan-2025 17:11:37.635 INFO [main] org.apache.catalina.startup.VersionLoggerListener.log Architecture:          amd64
16-Jan-2025 17:11:37.635 INFO [main] org.apache.catalina.startup.VersionLoggerListener.log Java Home:             C:\Program Files\Java\jdk-17
16-Jan-2025 17:11:37.635 INFO [main] org.apache.catalina.startup.VersionLoggerListener.log JVM Version:           17.0.11+7-LTS-207
16-Jan-2025 17:11:37.635 INFO [main] org.apache.catalina.startup.VersionLoggerListener.log JVM Vendor:            Oracle Corporation
16-Jan-2025 17:11:37.635 INFO [main] org.apache.catalina.startup.VersionLoggerListener.log CATALINA_BASE:         C:\Users\Erick.ferreira\Documents\workspace-jdk17\CitMobi2\src
16-Jan-2025 17:11:37.635 INFO [main] org.apache.catalina.startup.VersionLoggerListener.log CATALINA_HOME:         C:\Program Files\Apache Software Foundation\Tomcat 10.1
16-Jan-2025 17:11:37.649 INFO [main] org.apache.catalina.startup.VersionLoggerListener.log Command line argument: --add-opens=java.base/java.lang=ALL-UNNAMED
16-Jan-2025 17:11:37.649 INFO [main] org.apache.catalina.startup.VersionLoggerListener.log Command line argument: --add-opens=java.base/java.io=ALL-UNNAMED
16-Jan-2025 17:11:37.649 INFO [main] org.apache.catalina.startup.VersionLoggerListener.log Command line argument: --add-opens=java.base/java.util=ALL-UNNAMED
16-Jan-2025 17:11:37.649 INFO [main] org.apache.catalina.startup.VersionLoggerListener.log Command line argument: --add-opens=java.base/java.util.concurrent=ALL-UNNAMED
16-Jan-2025 17:11:37.649 INFO [main] org.apache.catalina.startup.VersionLoggerListener.log Command line argument: --add-opens=java.rmi/sun.rmi.transport=ALL-UNNAMED
16-Jan-2025 17:11:37.649 INFO [main] org.apache.catalina.startup.VersionLoggerListener.log Command line argument: -Dcatalina.home=C:\Program Files\Apache Software Foundation\Tomcat 10.1
16-Jan-2025 17:11:37.650 INFO [main] org.apache.catalina.startup.VersionLoggerListener.log Command line argument: -Dcatalina.base=C:\Users\Erick.ferreira\Documents\workspace-jdk17\CitMobi2\src
16-Jan-2025 17:11:37.650 INFO [main] org.apache.catalina.startup.VersionLoggerListener.log Command line argument: -Djava.io.tmpdir=C:\Users\Erick.ferreira\Documents\workspace-jdk17\CitMobi2\src\temp
16-Jan-2025 17:11:37.650 INFO [main] org.apache.catalina.startup.VersionLoggerListener.log Command line argument: -Djava.util.logging.config.file=C:\Users\Erick.ferreira\Documents\workspace-jdk17\CitMobi2\src\conf\logging.properties
16-Jan-2025 17:11:37.650 INFO [main] org.apache.catalina.startup.VersionLoggerListener.log Command line argument: -Djava.util.logging.manager=org.apache.juli.ClassLoaderLogManager
16-Jan-2025 17:11:37.650 INFO [main] org.apache.catalina.startup.VersionLoggerListener.log Command line argument: -javaagent:C:\Program Files\JetBrains\IntelliJ IDEA Community Edition 2024.1.4\lib\idea_rt.jar=52901:C:\Program Files\JetBrains\IntelliJ IDEA Community Edition 2024.1.4\bin
16-Jan-2025 17:11:37.650 INFO [main] org.apache.catalina.startup.VersionLoggerListener.log Command line argument: -Dfile.encoding=UTF-8
16-Jan-2025 17:11:37.657 INFO [main] org.apache.catalina.core.AprLifecycleListener.lifecycleEvent The Apache Tomcat Native library which allows using OpenSSL was not found on the java.library.path: [C:\Program Files\Java\jdk-17\bin;C:\Windows\Sun\Java\bin;C:\Windows\system32;C:\Windows;C:\Program Files\Common Files\Oracle\Java\javapath;C:\Python312\Scripts\;C:\Python312\;C:\Program Files (x86)\Common Files\Oracle\Java\javapath;C:\app\TDV.Admin\product\11.2.0\client_1\bin;C:\Windows\system32;C:\Windows;C:\Windows\System32\Wbem;C:\Windows\System32\WindowsPowerShell\v1.0\;C:\Windows\System32\OpenSSH\;C:\Program Files\Git\cmd;C:\Java_Essentials\apache-maven-3.6.3\bin;C:\Program Files\nodejs\;C:\ProgramData\chocolatey\bin;C:\Program Files\dotnet\;C:\Program Files\MySQL\MySQL Shell 8.0\bin\;C:\Users\Erick.ferreira\.console-ninja\.bin;C:\Users\Erick.ferreira\AppData\Local\Microsoft\WindowsApps;C:\Users\Erick.ferreira\AppData\Local\Programs\Microsoft VS Code\bin;C:\Program Files\Java\jdk1.8.0_291\bin;C:\Users\Erick.ferreira\AppData\Roaming\npm;C:\Program Files\JetBrains\IntelliJ IDEA Community Edition 2024.1.4\bin;;C:\Users\Erick.ferreira\.dotnet\tools;.]
16-Jan-2025 17:11:37.878 INFO [main] org.apache.coyote.AbstractProtocol.init Initializing ProtocolHandler ["http-nio-8085"]
16-Jan-2025 17:11:37.903 INFO [main] org.apache.catalina.startup.Catalina.load Server initialization in [484] milliseconds
16-Jan-2025 17:11:37.964 INFO [main] org.apache.catalina.core.StandardService.startInternal Starting service [Catalina]
16-Jan-2025 17:11:37.965 INFO [main] org.apache.catalina.core.StandardEngine.startInternal Starting Servlet engine: [Apache Tomcat/10.1.26]
16-Jan-2025 17:11:37.976 INFO [main] org.apache.catalina.startup.HostConfig.deployDescriptor Deploying deployment descriptor [C:\Users\Erick.ferreira\Documents\workspace-jdk17\CitMobi2\src\conf\Catalina\localhost\citMobi2.xml]
16-Jan-2025 17:11:45.750 INFO [main] org.apache.jasper.servlet.TldScanner.scanJars At least one JAR was scanned for TLDs yet contained no TLDs. Enable debug logging for this logger for a complete list of JARs that were scanned but no TLDs were found in them. Skipping unneeded JARs during scanning can improve startup time and JSP compilation time.
16-Jan-2025 17:12:05.944 INFO [main] org.apache.catalina.startup.HostConfig.deployDescriptor Deployment of deployment descriptor [C:\Users\Erick.ferreira\Documents\workspace-jdk17\CitMobi2\src\conf\Catalina\localhost\citMobi2.xml] has finished in [27.968] ms
16-Jan-2025 17:12:05.949 INFO [main] org.apache.coyote.AbstractProtocol.start Starting ProtocolHandler ["http-nio-8085"]
16-Jan-2025 17:12:05.982 INFO [main] org.apache.catalina.startup.Catalina.start Server startup in [28079] milliseconds
16-Jan-2025 17:14:06.574 INFO [Thread-3] org.apache.coyote.AbstractProtocol.pause Pausing ProtocolHandler ["http-nio-8085"]
16-Jan-2025 17:14:06.764 INFO [Thread-3] org.apache.catalina.core.StandardService.stopInternal Stopping service [Catalina]
16-Jan-2025 17:14:06.871 INFO [Thread-3] org.apache.coyote.AbstractProtocol.stop Stopping ProtocolHandler ["http-nio-8085"]
16-Jan-2025 17:14:06.889 INFO [Thread-3] org.apache.coyote.AbstractProtocol.destroy Destroying ProtocolHandler ["http-nio-8085"]
16-Jan-2025 17:14:11.173 INFO [main] org.apache.catalina.startup.VersionLoggerListener.log Server version name:   Apache Tomcat/10.1.26
16-Jan-2025 17:14:11.178 INFO [main] org.apache.catalina.startup.VersionLoggerListener.log Server built:          Jul 7 2024 21:02:13 UTC
16-Jan-2025 17:14:11.178 INFO [main] org.apache.catalina.startup.VersionLoggerListener.log Server version number: 10.1.26.0
16-Jan-2025 17:14:11.178 INFO [main] org.apache.catalina.startup.VersionLoggerListener.log OS Name:               Windows 11
16-Jan-2025 17:14:11.179 INFO [main] org.apache.catalina.startup.VersionLoggerListener.log OS Version:            10.0
16-Jan-2025 17:14:11.179 INFO [main] org.apache.catalina.startup.VersionLoggerListener.log Architecture:          amd64
16-Jan-2025 17:14:11.179 INFO [main] org.apache.catalina.startup.VersionLoggerListener.log Java Home:             C:\Program Files\Java\jdk-17
16-Jan-2025 17:14:11.179 INFO [main] org.apache.catalina.startup.VersionLoggerListener.log JVM Version:           17.0.11+7-LTS-207
16-Jan-2025 17:14:11.179 INFO [main] org.apache.catalina.startup.VersionLoggerListener.log JVM Vendor:            Oracle Corporation
16-Jan-2025 17:14:11.179 INFO [main] org.apache.catalina.startup.VersionLoggerListener.log CATALINA_BASE:         C:\Users\Erick.ferreira\Documents\workspace-jdk17\CitMobi2\src
16-Jan-2025 17:14:11.179 INFO [main] org.apache.catalina.startup.VersionLoggerListener.log CATALINA_HOME:         C:\Program Files\Apache Software Foundation\Tomcat 10.1
16-Jan-2025 17:14:11.197 INFO [main] org.apache.catalina.startup.VersionLoggerListener.log Command line argument: --add-opens=java.base/java.lang=ALL-UNNAMED
16-Jan-2025 17:14:11.197 INFO [main] org.apache.catalina.startup.VersionLoggerListener.log Command line argument: --add-opens=java.base/java.io=ALL-UNNAMED
16-Jan-2025 17:14:11.197 INFO [main] org.apache.catalina.startup.VersionLoggerListener.log Command line argument: --add-opens=java.base/java.util=ALL-UNNAMED
16-Jan-2025 17:14:11.197 INFO [main] org.apache.catalina.startup.VersionLoggerListener.log Command line argument: --add-opens=java.base/java.util.concurrent=ALL-UNNAMED
16-Jan-2025 17:14:11.198 INFO [main] org.apache.catalina.startup.VersionLoggerListener.log Command line argument: --add-opens=java.rmi/sun.rmi.transport=ALL-UNNAMED
16-Jan-2025 17:14:11.198 INFO [main] org.apache.catalina.startup.VersionLoggerListener.log Command line argument: -Dcatalina.home=C:\Program Files\Apache Software Foundation\Tomcat 10.1
16-Jan-2025 17:14:11.198 INFO [main] org.apache.catalina.startup.VersionLoggerListener.log Command line argument: -Dcatalina.base=C:\Users\Erick.ferreira\Documents\workspace-jdk17\CitMobi2\src
16-Jan-2025 17:14:11.198 INFO [main] org.apache.catalina.startup.VersionLoggerListener.log Command line argument: -Djava.io.tmpdir=C:\Users\Erick.ferreira\Documents\workspace-jdk17\CitMobi2\src\temp
16-Jan-2025 17:14:11.198 INFO [main] org.apache.catalina.startup.VersionLoggerListener.log Command line argument: -Djava.util.logging.config.file=C:\Users\Erick.ferreira\Documents\workspace-jdk17\CitMobi2\src\conf\logging.properties
16-Jan-2025 17:14:11.198 INFO [main] org.apache.catalina.startup.VersionLoggerListener.log Command line argument: -Djava.util.logging.manager=org.apache.juli.ClassLoaderLogManager
16-Jan-2025 17:14:11.198 INFO [main] org.apache.catalina.startup.VersionLoggerListener.log Command line argument: -javaagent:C:\Program Files\JetBrains\IntelliJ IDEA Community Edition 2024.1.4\lib\idea_rt.jar=57801:C:\Program Files\JetBrains\IntelliJ IDEA Community Edition 2024.1.4\bin
16-Jan-2025 17:14:11.198 INFO [main] org.apache.catalina.startup.VersionLoggerListener.log Command line argument: -Dfile.encoding=UTF-8
16-Jan-2025 17:14:11.208 INFO [main] org.apache.catalina.core.AprLifecycleListener.lifecycleEvent The Apache Tomcat Native library which allows using OpenSSL was not found on the java.library.path: [C:\Program Files\Java\jdk-17\bin;C:\Windows\Sun\Java\bin;C:\Windows\system32;C:\Windows;C:\Program Files\Common Files\Oracle\Java\javapath;C:\Python312\Scripts\;C:\Python312\;C:\Program Files (x86)\Common Files\Oracle\Java\javapath;C:\app\TDV.Admin\product\11.2.0\client_1\bin;C:\Windows\system32;C:\Windows;C:\Windows\System32\Wbem;C:\Windows\System32\WindowsPowerShell\v1.0\;C:\Windows\System32\OpenSSH\;C:\Program Files\Git\cmd;C:\Java_Essentials\apache-maven-3.6.3\bin;C:\Program Files\nodejs\;C:\ProgramData\chocolatey\bin;C:\Program Files\dotnet\;C:\Program Files\MySQL\MySQL Shell 8.0\bin\;C:\Users\Erick.ferreira\.console-ninja\.bin;C:\Users\Erick.ferreira\AppData\Local\Microsoft\WindowsApps;C:\Users\Erick.ferreira\AppData\Local\Programs\Microsoft VS Code\bin;C:\Program Files\Java\jdk1.8.0_291\bin;C:\Users\Erick.ferreira\AppData\Roaming\npm;C:\Program Files\JetBrains\IntelliJ IDEA Community Edition 2024.1.4\bin;;C:\Users\Erick.ferreira\.dotnet\tools;.]
16-Jan-2025 17:14:11.493 INFO [main] org.apache.coyote.AbstractProtocol.init Initializing ProtocolHandler ["http-nio-8085"]
16-Jan-2025 17:14:11.518 INFO [main] org.apache.catalina.startup.Catalina.load Server initialization in [595] milliseconds
16-Jan-2025 17:14:11.583 INFO [main] org.apache.catalina.core.StandardService.startInternal Starting service [Catalina]
16-Jan-2025 17:14:11.583 INFO [main] org.apache.catalina.core.StandardEngine.startInternal Starting Servlet engine: [Apache Tomcat/10.1.26]
16-Jan-2025 17:14:11.604 INFO [main] org.apache.catalina.startup.HostConfig.deployDescriptor Deploying deployment descriptor [C:\Users\Erick.ferreira\Documents\workspace-jdk17\CitMobi2\src\conf\Catalina\localhost\citMobi2.xml]
16-Jan-2025 17:14:17.995 INFO [main] org.apache.jasper.servlet.TldScanner.scanJars At least one JAR was scanned for TLDs yet contained no TLDs. Enable debug logging for this logger for a complete list of JARs that were scanned but no TLDs were found in them. Skipping unneeded JARs during scanning can improve startup time and JSP compilation time.
16-Jan-2025 17:14:38.679 INFO [main] org.apache.catalina.startup.HostConfig.deployDescriptor Deployment of deployment descriptor [C:\Users\Erick.ferreira\Documents\workspace-jdk17\CitMobi2\src\conf\Catalina\localhost\citMobi2.xml] has finished in [27.074] ms
16-Jan-2025 17:14:38.684 INFO [main] org.apache.coyote.AbstractProtocol.start Starting ProtocolHandler ["http-nio-8085"]
16-Jan-2025 17:14:38.727 INFO [main] org.apache.catalina.startup.Catalina.start Server startup in [27209] milliseconds
16-Jan-2025 17:25:05.762 INFO [Thread-3] org.apache.coyote.AbstractProtocol.pause Pausing ProtocolHandler ["http-nio-8085"]
16-Jan-2025 17:25:05.948 INFO [Thread-3] org.apache.catalina.core.StandardService.stopInternal Stopping service [Catalina]
16-Jan-2025 17:25:06.031 INFO [Thread-3] org.apache.coyote.AbstractProtocol.stop Stopping ProtocolHandler ["http-nio-8085"]
16-Jan-2025 17:25:06.041 INFO [Thread-3] org.apache.coyote.AbstractProtocol.destroy Destroying ProtocolHandler ["http-nio-8085"]
