28-Jan-2025 09:00:24.849 INFO [main] org.apache.catalina.startup.VersionLoggerListener.log Server version name:   Apache Tomcat/10.1.26
28-Jan-2025 09:00:24.854 INFO [main] org.apache.catalina.startup.VersionLoggerListener.log Server built:          Jul 7 2024 21:02:13 UTC
28-Jan-2025 09:00:24.855 INFO [main] org.apache.catalina.startup.VersionLoggerListener.log Server version number: 10.1.26.0
28-Jan-2025 09:00:24.855 INFO [main] org.apache.catalina.startup.VersionLoggerListener.log OS Name:               Windows 11
28-Jan-2025 09:00:24.855 INFO [main] org.apache.catalina.startup.VersionLoggerListener.log OS Version:            10.0
28-Jan-2025 09:00:24.855 INFO [main] org.apache.catalina.startup.VersionLoggerListener.log Architecture:          amd64
28-Jan-2025 09:00:24.855 INFO [main] org.apache.catalina.startup.VersionLoggerListener.log Java Home:             C:\Program Files\Java\jdk-17
28-Jan-2025 09:00:24.855 INFO [main] org.apache.catalina.startup.VersionLoggerListener.log JVM Version:           17.0.11+7-LTS-207
28-Jan-2025 09:00:24.855 INFO [main] org.apache.catalina.startup.VersionLoggerListener.log JVM Vendor:            Oracle Corporation
28-Jan-2025 09:00:24.855 INFO [main] org.apache.catalina.startup.VersionLoggerListener.log CATALINA_BASE:         C:\Users\Erick.ferreira\Documents\workspace-jdk17\CitMobi2\src
28-Jan-2025 09:00:24.855 INFO [main] org.apache.catalina.startup.VersionLoggerListener.log CATALINA_HOME:         C:\Program Files\Apache Software Foundation\Tomcat 10.1
28-Jan-2025 09:00:24.871 INFO [main] org.apache.catalina.startup.VersionLoggerListener.log Command line argument: --add-opens=java.base/java.lang=ALL-UNNAMED
28-Jan-2025 09:00:24.871 INFO [main] org.apache.catalina.startup.VersionLoggerListener.log Command line argument: --add-opens=java.base/java.io=ALL-UNNAMED
28-Jan-2025 09:00:24.871 INFO [main] org.apache.catalina.startup.VersionLoggerListener.log Command line argument: --add-opens=java.base/java.util=ALL-UNNAMED
28-Jan-2025 09:00:24.872 INFO [main] org.apache.catalina.startup.VersionLoggerListener.log Command line argument: --add-opens=java.base/java.util.concurrent=ALL-UNNAMED
28-Jan-2025 09:00:24.872 INFO [main] org.apache.catalina.startup.VersionLoggerListener.log Command line argument: --add-opens=java.rmi/sun.rmi.transport=ALL-UNNAMED
28-Jan-2025 09:00:24.872 INFO [main] org.apache.catalina.startup.VersionLoggerListener.log Command line argument: -Dcatalina.home=C:\Program Files\Apache Software Foundation\Tomcat 10.1
28-Jan-2025 09:00:24.872 INFO [main] org.apache.catalina.startup.VersionLoggerListener.log Command line argument: -Dcatalina.base=C:\Users\Erick.ferreira\Documents\workspace-jdk17\CitMobi2\src
28-Jan-2025 09:00:24.872 INFO [main] org.apache.catalina.startup.VersionLoggerListener.log Command line argument: -Djava.io.tmpdir=C:\Users\Erick.ferreira\Documents\workspace-jdk17\CitMobi2\src\temp
28-Jan-2025 09:00:24.872 INFO [main] org.apache.catalina.startup.VersionLoggerListener.log Command line argument: -Djava.util.logging.config.file=C:\Users\Erick.ferreira\Documents\workspace-jdk17\CitMobi2\src\conf\logging.properties
28-Jan-2025 09:00:24.872 INFO [main] org.apache.catalina.startup.VersionLoggerListener.log Command line argument: -Djava.util.logging.manager=org.apache.juli.ClassLoaderLogManager
28-Jan-2025 09:00:24.872 INFO [main] org.apache.catalina.startup.VersionLoggerListener.log Command line argument: -javaagent:C:\Program Files\JetBrains\IntelliJ IDEA Community Edition 2024.1.4\lib\idea_rt.jar=56079:C:\Program Files\JetBrains\IntelliJ IDEA Community Edition 2024.1.4\bin
28-Jan-2025 09:00:24.872 INFO [main] org.apache.catalina.startup.VersionLoggerListener.log Command line argument: -Dfile.encoding=UTF-8
28-Jan-2025 09:00:24.880 INFO [main] org.apache.catalina.core.AprLifecycleListener.lifecycleEvent The Apache Tomcat Native library which allows using OpenSSL was not found on the java.library.path: [C:\Program Files\Java\jdk-17\bin;C:\Windows\Sun\Java\bin;C:\Windows\system32;C:\Windows;C:\Program Files\Common Files\Oracle\Java\javapath;C:\Python312\Scripts\;C:\Python312\;C:\Program Files (x86)\Common Files\Oracle\Java\javapath;C:\app\TDV.Admin\product\11.2.0\client_1\bin;C:\Windows\system32;C:\Windows;C:\Windows\System32\Wbem;C:\Windows\System32\WindowsPowerShell\v1.0\;C:\Windows\System32\OpenSSH\;C:\Program Files\Git\cmd;C:\Java_Essentials\apache-maven-3.6.3\bin;C:\Program Files\nodejs\;C:\ProgramData\chocolatey\bin;C:\Program Files\dotnet\;C:\Program Files\MySQL\MySQL Shell 8.0\bin\;C:\Users\Erick.ferreira\.console-ninja\.bin;C:\Users\Erick.ferreira\AppData\Local\Microsoft\WindowsApps;C:\Users\Erick.ferreira\AppData\Local\Programs\Microsoft VS Code\bin;C:\Program Files\Java\jdk1.8.0_291\bin;C:\Users\Erick.ferreira\AppData\Roaming\npm;C:\Program Files\JetBrains\IntelliJ IDEA Community Edition 2024.1.4\bin;;C:\Users\Erick.ferreira\.dotnet\tools;.]
28-Jan-2025 09:00:25.190 INFO [main] org.apache.coyote.AbstractProtocol.init Initializing ProtocolHandler ["http-nio-8085"]
28-Jan-2025 09:00:25.214 INFO [main] org.apache.catalina.startup.Catalina.load Server initialization in [618] milliseconds
28-Jan-2025 09:00:25.277 INFO [main] org.apache.catalina.core.StandardService.startInternal Starting service [Catalina]
28-Jan-2025 09:00:25.278 INFO [main] org.apache.catalina.core.StandardEngine.startInternal Starting Servlet engine: [Apache Tomcat/10.1.26]
28-Jan-2025 09:00:25.296 INFO [main] org.apache.catalina.startup.HostConfig.deployDescriptor Deploying deployment descriptor [C:\Users\Erick.ferreira\Documents\workspace-jdk17\CitMobi2\src\conf\Catalina\localhost\citMobi2.xml]
28-Jan-2025 09:00:33.508 INFO [main] org.apache.jasper.servlet.TldScanner.scanJars At least one JAR was scanned for TLDs yet contained no TLDs. Enable debug logging for this logger for a complete list of JARs that were scanned but no TLDs were found in them. Skipping unneeded JARs during scanning can improve startup time and JSP compilation time.
28-Jan-2025 09:00:45.068 SEVERE [main] org.apache.catalina.startup.HostConfig.deployDescriptor Error deploying deployment descriptor [C:\Users\Erick.ferreira\Documents\workspace-jdk17\CitMobi2\src\conf\Catalina\localhost\citMobi2.xml]
	java.lang.IllegalStateException: Error starting child
		at org.apache.catalina.core.ContainerBase.addChildInternal(ContainerBase.java:602)
		at org.apache.catalina.core.ContainerBase.addChild(ContainerBase.java:571)
		at org.apache.catalina.core.StandardHost.addChild(StandardHost.java:654)
		at org.apache.catalina.startup.HostConfig.deployDescriptor(HostConfig.java:635)
		at org.apache.catalina.startup.HostConfig$DeployDescriptor.run(HostConfig.java:1889)
		at java.base/java.util.concurrent.Executors$RunnableAdapter.call(Executors.java:539)
		at java.base/java.util.concurrent.FutureTask.run(FutureTask.java:264)
		at org.apache.tomcat.util.threads.InlineExecutorService.execute(InlineExecutorService.java:75)
		at java.base/java.util.concurrent.AbstractExecutorService.submit(AbstractExecutorService.java:123)
		at org.apache.catalina.startup.HostConfig.deployDescriptors(HostConfig.java:530)
		at org.apache.catalina.startup.HostConfig.deployApps(HostConfig.java:421)
		at org.apache.catalina.startup.HostConfig.start(HostConfig.java:1629)
		at org.apache.catalina.startup.HostConfig.lifecycleEvent(HostConfig.java:303)
		at org.apache.catalina.util.LifecycleBase.fireLifecycleEvent(LifecycleBase.java:109)
		at org.apache.catalina.util.LifecycleBase.setStateInternal(LifecycleBase.java:385)
		at org.apache.catalina.util.LifecycleBase.setState(LifecycleBase.java:332)
		at org.apache.catalina.core.ContainerBase.startInternal(ContainerBase.java:776)
		at org.apache.catalina.core.StandardHost.startInternal(StandardHost.java:772)
		at org.apache.catalina.util.LifecycleBase.start(LifecycleBase.java:164)
		at org.apache.catalina.core.ContainerBase$StartChild.call(ContainerBase.java:1203)
		at org.apache.catalina.core.ContainerBase$StartChild.call(ContainerBase.java:1193)
		at java.base/java.util.concurrent.FutureTask.run(FutureTask.java:264)
		at org.apache.tomcat.util.threads.InlineExecutorService.execute(InlineExecutorService.java:75)
		at java.base/java.util.concurrent.AbstractExecutorService.submit(AbstractExecutorService.java:145)
		at org.apache.catalina.core.ContainerBase.startInternal(ContainerBase.java:749)
		at org.apache.catalina.core.StandardEngine.startInternal(StandardEngine.java:203)
		at org.apache.catalina.util.LifecycleBase.start(LifecycleBase.java:164)
		at org.apache.catalina.core.StandardService.startInternal(StandardService.java:415)
		at org.apache.catalina.util.LifecycleBase.start(LifecycleBase.java:164)
		at org.apache.catalina.core.StandardServer.startInternal(StandardServer.java:874)
		at org.apache.catalina.util.LifecycleBase.start(LifecycleBase.java:164)
		at org.apache.catalina.startup.Catalina.start(Catalina.java:757)
		at java.base/jdk.internal.reflect.NativeMethodAccessorImpl.invoke0(Native Method)
		at java.base/jdk.internal.reflect.NativeMethodAccessorImpl.invoke(NativeMethodAccessorImpl.java:77)
		at java.base/jdk.internal.reflect.DelegatingMethodAccessorImpl.invoke(DelegatingMethodAccessorImpl.java:43)
		at java.base/java.lang.reflect.Method.invoke(Method.java:568)
		at org.apache.catalina.startup.Bootstrap.start(Bootstrap.java:345)
		at org.apache.catalina.startup.Bootstrap.main(Bootstrap.java:473)
	Caused by: org.apache.catalina.LifecycleException: Failed to start component [StandardEngine[Catalina].StandardHost[localhost].StandardContext[/citMobi2]]
		at org.apache.catalina.util.LifecycleBase.handleSubClassException(LifecycleBase.java:402)
		at org.apache.catalina.util.LifecycleBase.start(LifecycleBase.java:179)
		at org.apache.catalina.core.ContainerBase.addChildInternal(ContainerBase.java:599)
		... 37 more
	Caused by: org.springframework.beans.factory.BeanCreationException: Error creating bean with name 'entityManagerFactory' defined in class path resource [org/springframework/boot/autoconfigure/orm/jpa/HibernateJpaConfiguration.class]: Failed to initialize dependency 'flywayInitializer' of LoadTimeWeaverAware bean 'entityManagerFactory': Error creating bean with name 'flywayInitializer' defined in class path resource [org/springframework/boot/autoconfigure/flyway/FlywayAutoConfiguration$FlywayConfiguration.class]: Migration V1__create_tables.sql failed
--------------------------------------
SQL State  : 42703
Error Code : 0
Message    : ERRO: coluna "glb_operador_cnpj" referenciada na restrição de chave estrangeira não existe
Location   : db/migration/V1__create_tables.sql (C:\Users\Erick.ferreira\Documents\workspace-jdk17\CitMobi2\target\classes\db\migration\V1__create_tables.sql)
Line       : 75
Statement  : CREATE TABLE T_LIN_ITINERARIO (
   LIN_ITINERARIO_ID bigserial NOT NULL,
   LIN_LINHA_ID varchar(30) NOT NULL,
   LIN_LINHA_ATENDIMENTO varchar(15) NOT NULL,
   LIN_LINHA_PREFIXO varchar(255) NOT NULL,
   GLB_MUNICIPIO_COD BIGINT NOT NULL,
   LIN_ITINERARIO_SENTIDO varchar(12) NOT NULL,
   PRIMARY KEY(LIN_ITINERARIO_ID),
   FOREIGN KEY(GLB_MUNICIPIO_COD) REFERENCES T_GLB_MUNICIPIO(GLB_MUNICIPIO_COD),
   FOREIGN KEY(GLB_OPERADOR_CNPJ) REFERENCES T_GLB_OPERADOR(GLB_OPERADOR_CNPJ),
   FOREIGN KEY (LIN_PARADA_ID, GLB_MUNICIPIO_COD) REFERENCES T_LIN_PARADA(LIN_PARADA_ID, GLB_MUNICIPIO_COD),
   FOREIGN KEY (LIN_LINHA_ID, LIN_LINHA_ATENDIMENTO, GLB_MUNICIPIO_COD, GLB_OPERADOR_CNPJ) REFERENCES T_LIN_LINHA(LIN_LINHA_ID, LIN_LINHA_ATENDIMENTO, GLB_MUNICIPIO_COD, GLB_OPERADOR_CNPJ)
)

		at org.springframework.beans.factory.support.AbstractBeanFactory.doGetBean(AbstractBeanFactory.java:326)
		at org.springframework.beans.factory.support.AbstractBeanFactory.getBean(AbstractBeanFactory.java:205)
		at org.springframework.context.support.AbstractApplicationContext.finishBeanFactoryInitialization(AbstractApplicationContext.java:954)
		at org.springframework.context.support.AbstractApplicationContext.refresh(AbstractApplicationContext.java:625)
		at org.springframework.boot.web.servlet.context.ServletWebServerApplicationContext.refresh(ServletWebServerApplicationContext.java:146)
		at org.springframework.boot.SpringApplication.refresh(SpringApplication.java:754)
		at org.springframework.boot.SpringApplication.refreshContext(SpringApplication.java:456)
		at org.springframework.boot.SpringApplication.run(SpringApplication.java:335)
		at org.springframework.boot.web.servlet.support.SpringBootServletInitializer.run(SpringBootServletInitializer.java:174)
		at org.springframework.boot.web.servlet.support.SpringBootServletInitializer.createRootApplicationContext(SpringBootServletInitializer.java:154)
		at org.springframework.boot.web.servlet.support.SpringBootServletInitializer.onStartup(SpringBootServletInitializer.java:96)
		at org.springframework.web.SpringServletContainerInitializer.onStartup(SpringServletContainerInitializer.java:171)
		at org.apache.catalina.core.StandardContext.startInternal(StandardContext.java:4414)
		at org.apache.catalina.util.LifecycleBase.start(LifecycleBase.java:164)
		... 38 more
	Caused by: org.springframework.beans.factory.BeanCreationException: Error creating bean with name 'flywayInitializer' defined in class path resource [org/springframework/boot/autoconfigure/flyway/FlywayAutoConfiguration$FlywayConfiguration.class]: Migration V1__create_tables.sql failed
--------------------------------------
SQL State  : 42703
Error Code : 0
Message    : ERRO: coluna "glb_operador_cnpj" referenciada na restrição de chave estrangeira não existe
Location   : db/migration/V1__create_tables.sql (C:\Users\Erick.ferreira\Documents\workspace-jdk17\CitMobi2\target\classes\db\migration\V1__create_tables.sql)
Line       : 75
Statement  : CREATE TABLE T_LIN_ITINERARIO (
   LIN_ITINERARIO_ID bigserial NOT NULL,
   LIN_LINHA_ID varchar(30) NOT NULL,
   LIN_LINHA_ATENDIMENTO varchar(15) NOT NULL,
   LIN_LINHA_PREFIXO varchar(255) NOT NULL,
   GLB_MUNICIPIO_COD BIGINT NOT NULL,
   LIN_ITINERARIO_SENTIDO varchar(12) NOT NULL,
   PRIMARY KEY(LIN_ITINERARIO_ID),
   FOREIGN KEY(GLB_MUNICIPIO_COD) REFERENCES T_GLB_MUNICIPIO(GLB_MUNICIPIO_COD),
   FOREIGN KEY(GLB_OPERADOR_CNPJ) REFERENCES T_GLB_OPERADOR(GLB_OPERADOR_CNPJ),
   FOREIGN KEY (LIN_PARADA_ID, GLB_MUNICIPIO_COD) REFERENCES T_LIN_PARADA(LIN_PARADA_ID, GLB_MUNICIPIO_COD),
   FOREIGN KEY (LIN_LINHA_ID, LIN_LINHA_ATENDIMENTO, GLB_MUNICIPIO_COD, GLB_OPERADOR_CNPJ) REFERENCES T_LIN_LINHA(LIN_LINHA_ID, LIN_LINHA_ATENDIMENTO, GLB_MUNICIPIO_COD, GLB_OPERADOR_CNPJ)
)

		at org.springframework.beans.factory.support.AbstractAutowireCapableBeanFactory.initializeBean(AbstractAutowireCapableBeanFactory.java:1806)
		at org.springframework.beans.factory.support.AbstractAutowireCapableBeanFactory.doCreateBean(AbstractAutowireCapableBeanFactory.java:600)
		at org.springframework.beans.factory.support.AbstractAutowireCapableBeanFactory.createBean(AbstractAutowireCapableBeanFactory.java:522)
		at org.springframework.beans.factory.support.AbstractBeanFactory.lambda$doGetBean$0(AbstractBeanFactory.java:337)
		at org.springframework.beans.factory.support.DefaultSingletonBeanRegistry.getSingleton(DefaultSingletonBeanRegistry.java:234)
		at org.springframework.beans.factory.support.AbstractBeanFactory.doGetBean(AbstractBeanFactory.java:335)
		at org.springframework.beans.factory.support.AbstractBeanFactory.getBean(AbstractBeanFactory.java:200)
		at org.springframework.beans.factory.support.AbstractBeanFactory.doGetBean(AbstractBeanFactory.java:313)
		... 51 more
	Caused by: org.flywaydb.core.internal.command.DbMigrate$FlywayMigrateException: Migration V1__create_tables.sql failed
--------------------------------------
SQL State  : 42703
Error Code : 0
Message    : ERRO: coluna "glb_operador_cnpj" referenciada na restrição de chave estrangeira não existe
Location   : db/migration/V1__create_tables.sql (C:\Users\Erick.ferreira\Documents\workspace-jdk17\CitMobi2\target\classes\db\migration\V1__create_tables.sql)
Line       : 75
Statement  : CREATE TABLE T_LIN_ITINERARIO (
   LIN_ITINERARIO_ID bigserial NOT NULL,
   LIN_LINHA_ID varchar(30) NOT NULL,
   LIN_LINHA_ATENDIMENTO varchar(15) NOT NULL,
   LIN_LINHA_PREFIXO varchar(255) NOT NULL,
   GLB_MUNICIPIO_COD BIGINT NOT NULL,
   LIN_ITINERARIO_SENTIDO varchar(12) NOT NULL,
   PRIMARY KEY(LIN_ITINERARIO_ID),
   FOREIGN KEY(GLB_MUNICIPIO_COD) REFERENCES T_GLB_MUNICIPIO(GLB_MUNICIPIO_COD),
   FOREIGN KEY(GLB_OPERADOR_CNPJ) REFERENCES T_GLB_OPERADOR(GLB_OPERADOR_CNPJ),
   FOREIGN KEY (LIN_PARADA_ID, GLB_MUNICIPIO_COD) REFERENCES T_LIN_PARADA(LIN_PARADA_ID, GLB_MUNICIPIO_COD),
   FOREIGN KEY (LIN_LINHA_ID, LIN_LINHA_ATENDIMENTO, GLB_MUNICIPIO_COD, GLB_OPERADOR_CNPJ) REFERENCES T_LIN_LINHA(LIN_LINHA_ID, LIN_LINHA_ATENDIMENTO, GLB_MUNICIPIO_COD, GLB_OPERADOR_CNPJ)
)

		at org.flywaydb.core.internal.command.DbMigrate.doMigrateGroup(DbMigrate.java:382)
		at org.flywaydb.core.internal.command.DbMigrate.lambda$applyMigrations$1(DbMigrate.java:272)
		at org.flywaydb.core.internal.jdbc.TransactionalExecutionTemplate.execute(TransactionalExecutionTemplate.java:55)
		at org.flywaydb.core.internal.command.DbMigrate.applyMigrations(DbMigrate.java:271)
		at org.flywaydb.core.internal.command.DbMigrate.migrateGroup(DbMigrate.java:244)
		at org.flywaydb.core.internal.command.DbMigrate.lambda$migrateAll$0(DbMigrate.java:139)
		at org.flywaydb.database.postgresql.PostgreSQLAdvisoryLockTemplate.execute(PostgreSQLAdvisoryLockTemplate.java:73)
		at org.flywaydb.database.postgresql.PostgreSQLAdvisoryLockTemplate.lambda$execute$0(PostgreSQLAdvisoryLockTemplate.java:56)
		at org.flywaydb.core.internal.jdbc.TransactionalExecutionTemplate.execute(TransactionalExecutionTemplate.java:55)
		at org.flywaydb.database.postgresql.PostgreSQLAdvisoryLockTemplate.execute(PostgreSQLAdvisoryLockTemplate.java:56)
		at org.flywaydb.database.postgresql.PostgreSQLConnection.lock(PostgreSQLConnection.java:96)
		at org.flywaydb.core.internal.schemahistory.JdbcTableSchemaHistory.lock(JdbcTableSchemaHistory.java:145)
		at org.flywaydb.core.internal.command.DbMigrate.migrateAll(DbMigrate.java:139)
		at org.flywaydb.core.internal.command.DbMigrate.migrate(DbMigrate.java:97)
		at org.flywaydb.core.Flyway.lambda$migrate$0(Flyway.java:202)
		at org.flywaydb.core.FlywayExecutor.execute(FlywayExecutor.java:205)
		at org.flywaydb.core.Flyway.migrate(Flyway.java:147)
		at org.springframework.boot.autoconfigure.flyway.FlywayMigrationInitializer.afterPropertiesSet(FlywayMigrationInitializer.java:66)
		at org.springframework.beans.factory.support.AbstractAutowireCapableBeanFactory.invokeInitMethods(AbstractAutowireCapableBeanFactory.java:1853)
		at org.springframework.beans.factory.support.AbstractAutowireCapableBeanFactory.initializeBean(AbstractAutowireCapableBeanFactory.java:1802)
		... 58 more
	Caused by: org.flywaydb.core.internal.sqlscript.FlywaySqlScriptException: Migration V1__create_tables.sql failed
--------------------------------------
SQL State  : 42703
Error Code : 0
Message    : ERRO: coluna "glb_operador_cnpj" referenciada na restrição de chave estrangeira não existe
Location   : db/migration/V1__create_tables.sql (C:\Users\Erick.ferreira\Documents\workspace-jdk17\CitMobi2\target\classes\db\migration\V1__create_tables.sql)
Line       : 75
Statement  : CREATE TABLE T_LIN_ITINERARIO (
   LIN_ITINERARIO_ID bigserial NOT NULL,
   LIN_LINHA_ID varchar(30) NOT NULL,
   LIN_LINHA_ATENDIMENTO varchar(15) NOT NULL,
   LIN_LINHA_PREFIXO varchar(255) NOT NULL,
   GLB_MUNICIPIO_COD BIGINT NOT NULL,
   LIN_ITINERARIO_SENTIDO varchar(12) NOT NULL,
   PRIMARY KEY(LIN_ITINERARIO_ID),
   FOREIGN KEY(GLB_MUNICIPIO_COD) REFERENCES T_GLB_MUNICIPIO(GLB_MUNICIPIO_COD),
   FOREIGN KEY(GLB_OPERADOR_CNPJ) REFERENCES T_GLB_OPERADOR(GLB_OPERADOR_CNPJ),
   FOREIGN KEY (LIN_PARADA_ID, GLB_MUNICIPIO_COD) REFERENCES T_LIN_PARADA(LIN_PARADA_ID, GLB_MUNICIPIO_COD),
   FOREIGN KEY (LIN_LINHA_ID, LIN_LINHA_ATENDIMENTO, GLB_MUNICIPIO_COD, GLB_OPERADOR_CNPJ) REFERENCES T_LIN_LINHA(LIN_LINHA_ID, LIN_LINHA_ATENDIMENTO, GLB_MUNICIPIO_COD, GLB_OPERADOR_CNPJ)
)

		at org.flywaydb.core.internal.sqlscript.DefaultSqlScriptExecutor.handleException(DefaultSqlScriptExecutor.java:252)
		at org.flywaydb.core.internal.sqlscript.DefaultSqlScriptExecutor.executeStatement(DefaultSqlScriptExecutor.java:214)
		at org.flywaydb.core.internal.sqlscript.DefaultSqlScriptExecutor.execute(DefaultSqlScriptExecutor.java:133)
		at org.flywaydb.core.internal.resolver.sql.SqlMigrationExecutor.executeOnce(SqlMigrationExecutor.java:65)
		at org.flywaydb.core.internal.resolver.sql.SqlMigrationExecutor.lambda$execute$0(SqlMigrationExecutor.java:57)
		at org.flywaydb.core.internal.database.DefaultExecutionStrategy.execute(DefaultExecutionStrategy.java:27)
		at org.flywaydb.core.internal.resolver.sql.SqlMigrationExecutor.execute(SqlMigrationExecutor.java:56)
		at org.flywaydb.core.internal.command.DbMigrate.doMigrateGroup(DbMigrate.java:374)
		... 77 more
	Caused by: org.postgresql.util.PSQLException: ERRO: coluna "glb_operador_cnpj" referenciada na restrição de chave estrangeira não existe
		at org.postgresql.core.v3.QueryExecutorImpl.receiveErrorResponse(QueryExecutorImpl.java:2733)
		at org.postgresql.core.v3.QueryExecutorImpl.processResults(QueryExecutorImpl.java:2420)
		at org.postgresql.core.v3.QueryExecutorImpl.execute(QueryExecutorImpl.java:372)
		at org.postgresql.jdbc.PgStatement.executeInternal(PgStatement.java:517)
		at org.postgresql.jdbc.PgStatement.execute(PgStatement.java:434)
		at org.postgresql.jdbc.PgStatement.executeWithFlags(PgStatement.java:356)
		at org.postgresql.jdbc.PgStatement.executeCachedSql(PgStatement.java:341)
		at org.postgresql.jdbc.PgStatement.executeWithFlags(PgStatement.java:317)
		at org.postgresql.jdbc.PgStatement.execute(PgStatement.java:312)
		at com.zaxxer.hikari.pool.ProxyStatement.execute(ProxyStatement.java:94)
		at com.zaxxer.hikari.pool.HikariProxyStatement.execute(HikariProxyStatement.java)
		at org.flywaydb.core.internal.jdbc.JdbcTemplate.executeStatement(JdbcTemplate.java:210)
		at org.flywaydb.core.internal.sqlscript.ParsedSqlStatement.execute(ParsedSqlStatement.java:89)
		at org.flywaydb.core.internal.sqlscript.DefaultSqlScriptExecutor.executeStatement(DefaultSqlScriptExecutor.java:206)
		... 83 more
28-Jan-2025 09:00:45.078 INFO [main] org.apache.catalina.startup.HostConfig.deployDescriptor Deployment of deployment descriptor [C:\Users\Erick.ferreira\Documents\workspace-jdk17\CitMobi2\src\conf\Catalina\localhost\citMobi2.xml] has finished in [19.781] ms
28-Jan-2025 09:00:45.081 INFO [main] org.apache.coyote.AbstractProtocol.start Starting ProtocolHandler ["http-nio-8085"]
28-Jan-2025 09:00:45.114 INFO [main] org.apache.catalina.startup.Catalina.start Server startup in [19899] milliseconds
28-Jan-2025 09:01:49.419 INFO [Thread-3] org.apache.coyote.AbstractProtocol.pause Pausing ProtocolHandler ["http-nio-8085"]
28-Jan-2025 09:01:49.594 INFO [Thread-3] org.apache.catalina.core.StandardService.stopInternal Stopping service [Catalina]
28-Jan-2025 09:01:49.595 INFO [Thread-3] org.apache.coyote.AbstractProtocol.stop Stopping ProtocolHandler ["http-nio-8085"]
28-Jan-2025 09:01:49.598 INFO [Thread-3] org.apache.coyote.AbstractProtocol.destroy Destroying ProtocolHandler ["http-nio-8085"]
28-Jan-2025 09:01:49.601 WARNING [Thread-3] org.apache.catalina.loader.WebappClassLoaderBase.clearReferencesJdbc The web application [citMobi2] registered the JDBC driver [org.postgresql.Driver] but failed to unregister it when the web application was stopped. To prevent a memory leak, the JDBC Driver has been forcibly unregistered.
28-Jan-2025 09:01:51.690 INFO [main] org.apache.catalina.startup.VersionLoggerListener.log Server version name:   Apache Tomcat/10.1.26
28-Jan-2025 09:01:51.696 INFO [main] org.apache.catalina.startup.VersionLoggerListener.log Server built:          Jul 7 2024 21:02:13 UTC
28-Jan-2025 09:01:51.696 INFO [main] org.apache.catalina.startup.VersionLoggerListener.log Server version number: 10.1.26.0
28-Jan-2025 09:01:51.696 INFO [main] org.apache.catalina.startup.VersionLoggerListener.log OS Name:               Windows 11
28-Jan-2025 09:01:51.696 INFO [main] org.apache.catalina.startup.VersionLoggerListener.log OS Version:            10.0
28-Jan-2025 09:01:51.696 INFO [main] org.apache.catalina.startup.VersionLoggerListener.log Architecture:          amd64
28-Jan-2025 09:01:51.697 INFO [main] org.apache.catalina.startup.VersionLoggerListener.log Java Home:             C:\Program Files\Java\jdk-17
28-Jan-2025 09:01:51.697 INFO [main] org.apache.catalina.startup.VersionLoggerListener.log JVM Version:           17.0.11+7-LTS-207
28-Jan-2025 09:01:51.697 INFO [main] org.apache.catalina.startup.VersionLoggerListener.log JVM Vendor:            Oracle Corporation
28-Jan-2025 09:01:51.697 INFO [main] org.apache.catalina.startup.VersionLoggerListener.log CATALINA_BASE:         C:\Users\Erick.ferreira\Documents\workspace-jdk17\CitMobi2\src
28-Jan-2025 09:01:51.697 INFO [main] org.apache.catalina.startup.VersionLoggerListener.log CATALINA_HOME:         C:\Program Files\Apache Software Foundation\Tomcat 10.1
28-Jan-2025 09:01:51.714 INFO [main] org.apache.catalina.startup.VersionLoggerListener.log Command line argument: --add-opens=java.base/java.lang=ALL-UNNAMED
28-Jan-2025 09:01:51.714 INFO [main] org.apache.catalina.startup.VersionLoggerListener.log Command line argument: --add-opens=java.base/java.io=ALL-UNNAMED
28-Jan-2025 09:01:51.715 INFO [main] org.apache.catalina.startup.VersionLoggerListener.log Command line argument: --add-opens=java.base/java.util=ALL-UNNAMED
28-Jan-2025 09:01:51.715 INFO [main] org.apache.catalina.startup.VersionLoggerListener.log Command line argument: --add-opens=java.base/java.util.concurrent=ALL-UNNAMED
28-Jan-2025 09:01:51.715 INFO [main] org.apache.catalina.startup.VersionLoggerListener.log Command line argument: --add-opens=java.rmi/sun.rmi.transport=ALL-UNNAMED
28-Jan-2025 09:01:51.715 INFO [main] org.apache.catalina.startup.VersionLoggerListener.log Command line argument: -Dcatalina.home=C:\Program Files\Apache Software Foundation\Tomcat 10.1
28-Jan-2025 09:01:51.715 INFO [main] org.apache.catalina.startup.VersionLoggerListener.log Command line argument: -Dcatalina.base=C:\Users\Erick.ferreira\Documents\workspace-jdk17\CitMobi2\src
28-Jan-2025 09:01:51.715 INFO [main] org.apache.catalina.startup.VersionLoggerListener.log Command line argument: -Djava.io.tmpdir=C:\Users\Erick.ferreira\Documents\workspace-jdk17\CitMobi2\src\temp
28-Jan-2025 09:01:51.715 INFO [main] org.apache.catalina.startup.VersionLoggerListener.log Command line argument: -Djava.util.logging.config.file=C:\Users\Erick.ferreira\Documents\workspace-jdk17\CitMobi2\src\conf\logging.properties
28-Jan-2025 09:01:51.715 INFO [main] org.apache.catalina.startup.VersionLoggerListener.log Command line argument: -Djava.util.logging.manager=org.apache.juli.ClassLoaderLogManager
28-Jan-2025 09:01:51.715 INFO [main] org.apache.catalina.startup.VersionLoggerListener.log Command line argument: -javaagent:C:\Program Files\JetBrains\IntelliJ IDEA Community Edition 2024.1.4\lib\idea_rt.jar=56186:C:\Program Files\JetBrains\IntelliJ IDEA Community Edition 2024.1.4\bin
28-Jan-2025 09:01:51.715 INFO [main] org.apache.catalina.startup.VersionLoggerListener.log Command line argument: -Dfile.encoding=UTF-8
28-Jan-2025 09:01:51.726 INFO [main] org.apache.catalina.core.AprLifecycleListener.lifecycleEvent The Apache Tomcat Native library which allows using OpenSSL was not found on the java.library.path: [C:\Program Files\Java\jdk-17\bin;C:\Windows\Sun\Java\bin;C:\Windows\system32;C:\Windows;C:\Program Files\Common Files\Oracle\Java\javapath;C:\Python312\Scripts\;C:\Python312\;C:\Program Files (x86)\Common Files\Oracle\Java\javapath;C:\app\TDV.Admin\product\11.2.0\client_1\bin;C:\Windows\system32;C:\Windows;C:\Windows\System32\Wbem;C:\Windows\System32\WindowsPowerShell\v1.0\;C:\Windows\System32\OpenSSH\;C:\Program Files\Git\cmd;C:\Java_Essentials\apache-maven-3.6.3\bin;C:\Program Files\nodejs\;C:\ProgramData\chocolatey\bin;C:\Program Files\dotnet\;C:\Program Files\MySQL\MySQL Shell 8.0\bin\;C:\Users\Erick.ferreira\.console-ninja\.bin;C:\Users\Erick.ferreira\AppData\Local\Microsoft\WindowsApps;C:\Users\Erick.ferreira\AppData\Local\Programs\Microsoft VS Code\bin;C:\Program Files\Java\jdk1.8.0_291\bin;C:\Users\Erick.ferreira\AppData\Roaming\npm;C:\Program Files\JetBrains\IntelliJ IDEA Community Edition 2024.1.4\bin;;C:\Users\Erick.ferreira\.dotnet\tools;.]
28-Jan-2025 09:01:52.005 INFO [main] org.apache.coyote.AbstractProtocol.init Initializing ProtocolHandler ["http-nio-8085"]
28-Jan-2025 09:01:52.029 INFO [main] org.apache.catalina.startup.Catalina.load Server initialization in [576] milliseconds
28-Jan-2025 09:01:52.091 INFO [main] org.apache.catalina.core.StandardService.startInternal Starting service [Catalina]
28-Jan-2025 09:01:52.091 INFO [main] org.apache.catalina.core.StandardEngine.startInternal Starting Servlet engine: [Apache Tomcat/10.1.26]
28-Jan-2025 09:01:52.105 INFO [main] org.apache.catalina.startup.HostConfig.deployDescriptor Deploying deployment descriptor [C:\Users\Erick.ferreira\Documents\workspace-jdk17\CitMobi2\src\conf\Catalina\localhost\citMobi2.xml]
28-Jan-2025 09:01:58.750 INFO [main] org.apache.jasper.servlet.TldScanner.scanJars At least one JAR was scanned for TLDs yet contained no TLDs. Enable debug logging for this logger for a complete list of JARs that were scanned but no TLDs were found in them. Skipping unneeded JARs during scanning can improve startup time and JSP compilation time.
28-Jan-2025 09:02:08.674 SEVERE [main] org.apache.catalina.startup.HostConfig.deployDescriptor Error deploying deployment descriptor [C:\Users\Erick.ferreira\Documents\workspace-jdk17\CitMobi2\src\conf\Catalina\localhost\citMobi2.xml]
	java.lang.IllegalStateException: Error starting child
		at org.apache.catalina.core.ContainerBase.addChildInternal(ContainerBase.java:602)
		at org.apache.catalina.core.ContainerBase.addChild(ContainerBase.java:571)
		at org.apache.catalina.core.StandardHost.addChild(StandardHost.java:654)
		at org.apache.catalina.startup.HostConfig.deployDescriptor(HostConfig.java:635)
		at org.apache.catalina.startup.HostConfig$DeployDescriptor.run(HostConfig.java:1889)
		at java.base/java.util.concurrent.Executors$RunnableAdapter.call(Executors.java:539)
		at java.base/java.util.concurrent.FutureTask.run(FutureTask.java:264)
		at org.apache.tomcat.util.threads.InlineExecutorService.execute(InlineExecutorService.java:75)
		at java.base/java.util.concurrent.AbstractExecutorService.submit(AbstractExecutorService.java:123)
		at org.apache.catalina.startup.HostConfig.deployDescriptors(HostConfig.java:530)
		at org.apache.catalina.startup.HostConfig.deployApps(HostConfig.java:421)
		at org.apache.catalina.startup.HostConfig.start(HostConfig.java:1629)
		at org.apache.catalina.startup.HostConfig.lifecycleEvent(HostConfig.java:303)
		at org.apache.catalina.util.LifecycleBase.fireLifecycleEvent(LifecycleBase.java:109)
		at org.apache.catalina.util.LifecycleBase.setStateInternal(LifecycleBase.java:385)
		at org.apache.catalina.util.LifecycleBase.setState(LifecycleBase.java:332)
		at org.apache.catalina.core.ContainerBase.startInternal(ContainerBase.java:776)
		at org.apache.catalina.core.StandardHost.startInternal(StandardHost.java:772)
		at org.apache.catalina.util.LifecycleBase.start(LifecycleBase.java:164)
		at org.apache.catalina.core.ContainerBase$StartChild.call(ContainerBase.java:1203)
		at org.apache.catalina.core.ContainerBase$StartChild.call(ContainerBase.java:1193)
		at java.base/java.util.concurrent.FutureTask.run(FutureTask.java:264)
		at org.apache.tomcat.util.threads.InlineExecutorService.execute(InlineExecutorService.java:75)
		at java.base/java.util.concurrent.AbstractExecutorService.submit(AbstractExecutorService.java:145)
		at org.apache.catalina.core.ContainerBase.startInternal(ContainerBase.java:749)
		at org.apache.catalina.core.StandardEngine.startInternal(StandardEngine.java:203)
		at org.apache.catalina.util.LifecycleBase.start(LifecycleBase.java:164)
		at org.apache.catalina.core.StandardService.startInternal(StandardService.java:415)
		at org.apache.catalina.util.LifecycleBase.start(LifecycleBase.java:164)
		at org.apache.catalina.core.StandardServer.startInternal(StandardServer.java:874)
		at org.apache.catalina.util.LifecycleBase.start(LifecycleBase.java:164)
		at org.apache.catalina.startup.Catalina.start(Catalina.java:757)
		at java.base/jdk.internal.reflect.NativeMethodAccessorImpl.invoke0(Native Method)
		at java.base/jdk.internal.reflect.NativeMethodAccessorImpl.invoke(NativeMethodAccessorImpl.java:77)
		at java.base/jdk.internal.reflect.DelegatingMethodAccessorImpl.invoke(DelegatingMethodAccessorImpl.java:43)
		at java.base/java.lang.reflect.Method.invoke(Method.java:568)
		at org.apache.catalina.startup.Bootstrap.start(Bootstrap.java:345)
		at org.apache.catalina.startup.Bootstrap.main(Bootstrap.java:473)
	Caused by: org.apache.catalina.LifecycleException: Failed to start component [StandardEngine[Catalina].StandardHost[localhost].StandardContext[/citMobi2]]
		at org.apache.catalina.util.LifecycleBase.handleSubClassException(LifecycleBase.java:402)
		at org.apache.catalina.util.LifecycleBase.start(LifecycleBase.java:179)
		at org.apache.catalina.core.ContainerBase.addChildInternal(ContainerBase.java:599)
		... 37 more
	Caused by: org.springframework.beans.factory.BeanCreationException: Error creating bean with name 'entityManagerFactory' defined in class path resource [org/springframework/boot/autoconfigure/orm/jpa/HibernateJpaConfiguration.class]: Failed to initialize dependency 'flywayInitializer' of LoadTimeWeaverAware bean 'entityManagerFactory': Error creating bean with name 'flywayInitializer' defined in class path resource [org/springframework/boot/autoconfigure/flyway/FlywayAutoConfiguration$FlywayConfiguration.class]: Migration V1__create_tables.sql failed
--------------------------------------
SQL State  : 42703
Error Code : 0
Message    : ERRO: coluna "lin_parada_id" referenciada na restrição de chave estrangeira não existe
Location   : db/migration/V1__create_tables.sql (C:\Users\Erick.ferreira\Documents\workspace-jdk17\CitMobi2\target\classes\db\migration\V1__create_tables.sql)
Line       : 75
Statement  : CREATE TABLE T_LIN_ITINERARIO (
   LIN_ITINERARIO_ID bigserial NOT NULL,
   LIN_LINHA_ID varchar(30) NOT NULL,
   LIN_LINHA_ATENDIMENTO varchar(15) NOT NULL,
   LIN_LINHA_PREFIXO varchar(255) NOT NULL,
   GLB_MUNICIPIO_COD BIGINT NOT NULL,
   LIN_ITINERARIO_SENTIDO varchar(12) NOT NULL,
   PRIMARY KEY(LIN_ITINERARIO_ID),
   FOREIGN KEY(GLB_MUNICIPIO_COD) REFERENCES T_GLB_MUNICIPIO(GLB_MUNICIPIO_COD),
   FOREIGN KEY (LIN_PARADA_ID, GLB_MUNICIPIO_COD) REFERENCES T_LIN_PARADA(LIN_PARADA_ID, GLB_MUNICIPIO_COD),
   FOREIGN KEY (LIN_LINHA_ID, LIN_LINHA_ATENDIMENTO, GLB_MUNICIPIO_COD) REFERENCES T_LIN_LINHA(LIN_LINHA_ID, LIN_LINHA_ATENDIMENTO, GLB_MUNICIPIO_COD)
)

		at org.springframework.beans.factory.support.AbstractBeanFactory.doGetBean(AbstractBeanFactory.java:326)
		at org.springframework.beans.factory.support.AbstractBeanFactory.getBean(AbstractBeanFactory.java:205)
		at org.springframework.context.support.AbstractApplicationContext.finishBeanFactoryInitialization(AbstractApplicationContext.java:954)
		at org.springframework.context.support.AbstractApplicationContext.refresh(AbstractApplicationContext.java:625)
		at org.springframework.boot.web.servlet.context.ServletWebServerApplicationContext.refresh(ServletWebServerApplicationContext.java:146)
		at org.springframework.boot.SpringApplication.refresh(SpringApplication.java:754)
		at org.springframework.boot.SpringApplication.refreshContext(SpringApplication.java:456)
		at org.springframework.boot.SpringApplication.run(SpringApplication.java:335)
		at org.springframework.boot.web.servlet.support.SpringBootServletInitializer.run(SpringBootServletInitializer.java:174)
		at org.springframework.boot.web.servlet.support.SpringBootServletInitializer.createRootApplicationContext(SpringBootServletInitializer.java:154)
		at org.springframework.boot.web.servlet.support.SpringBootServletInitializer.onStartup(SpringBootServletInitializer.java:96)
		at org.springframework.web.SpringServletContainerInitializer.onStartup(SpringServletContainerInitializer.java:171)
		at org.apache.catalina.core.StandardContext.startInternal(StandardContext.java:4414)
		at org.apache.catalina.util.LifecycleBase.start(LifecycleBase.java:164)
		... 38 more
	Caused by: org.springframework.beans.factory.BeanCreationException: Error creating bean with name 'flywayInitializer' defined in class path resource [org/springframework/boot/autoconfigure/flyway/FlywayAutoConfiguration$FlywayConfiguration.class]: Migration V1__create_tables.sql failed
--------------------------------------
SQL State  : 42703
Error Code : 0
Message    : ERRO: coluna "lin_parada_id" referenciada na restrição de chave estrangeira não existe
Location   : db/migration/V1__create_tables.sql (C:\Users\Erick.ferreira\Documents\workspace-jdk17\CitMobi2\target\classes\db\migration\V1__create_tables.sql)
Line       : 75
Statement  : CREATE TABLE T_LIN_ITINERARIO (
   LIN_ITINERARIO_ID bigserial NOT NULL,
   LIN_LINHA_ID varchar(30) NOT NULL,
   LIN_LINHA_ATENDIMENTO varchar(15) NOT NULL,
   LIN_LINHA_PREFIXO varchar(255) NOT NULL,
   GLB_MUNICIPIO_COD BIGINT NOT NULL,
   LIN_ITINERARIO_SENTIDO varchar(12) NOT NULL,
   PRIMARY KEY(LIN_ITINERARIO_ID),
   FOREIGN KEY(GLB_MUNICIPIO_COD) REFERENCES T_GLB_MUNICIPIO(GLB_MUNICIPIO_COD),
   FOREIGN KEY (LIN_PARADA_ID, GLB_MUNICIPIO_COD) REFERENCES T_LIN_PARADA(LIN_PARADA_ID, GLB_MUNICIPIO_COD),
   FOREIGN KEY (LIN_LINHA_ID, LIN_LINHA_ATENDIMENTO, GLB_MUNICIPIO_COD) REFERENCES T_LIN_LINHA(LIN_LINHA_ID, LIN_LINHA_ATENDIMENTO, GLB_MUNICIPIO_COD)
)

		at org.springframework.beans.factory.support.AbstractAutowireCapableBeanFactory.initializeBean(AbstractAutowireCapableBeanFactory.java:1806)
		at org.springframework.beans.factory.support.AbstractAutowireCapableBeanFactory.doCreateBean(AbstractAutowireCapableBeanFactory.java:600)
		at org.springframework.beans.factory.support.AbstractAutowireCapableBeanFactory.createBean(AbstractAutowireCapableBeanFactory.java:522)
		at org.springframework.beans.factory.support.AbstractBeanFactory.lambda$doGetBean$0(AbstractBeanFactory.java:337)
		at org.springframework.beans.factory.support.DefaultSingletonBeanRegistry.getSingleton(DefaultSingletonBeanRegistry.java:234)
		at org.springframework.beans.factory.support.AbstractBeanFactory.doGetBean(AbstractBeanFactory.java:335)
		at org.springframework.beans.factory.support.AbstractBeanFactory.getBean(AbstractBeanFactory.java:200)
		at org.springframework.beans.factory.support.AbstractBeanFactory.doGetBean(AbstractBeanFactory.java:313)
		... 51 more
	Caused by: org.flywaydb.core.internal.command.DbMigrate$FlywayMigrateException: Migration V1__create_tables.sql failed
--------------------------------------
SQL State  : 42703
Error Code : 0
Message    : ERRO: coluna "lin_parada_id" referenciada na restrição de chave estrangeira não existe
Location   : db/migration/V1__create_tables.sql (C:\Users\Erick.ferreira\Documents\workspace-jdk17\CitMobi2\target\classes\db\migration\V1__create_tables.sql)
Line       : 75
Statement  : CREATE TABLE T_LIN_ITINERARIO (
   LIN_ITINERARIO_ID bigserial NOT NULL,
   LIN_LINHA_ID varchar(30) NOT NULL,
   LIN_LINHA_ATENDIMENTO varchar(15) NOT NULL,
   LIN_LINHA_PREFIXO varchar(255) NOT NULL,
   GLB_MUNICIPIO_COD BIGINT NOT NULL,
   LIN_ITINERARIO_SENTIDO varchar(12) NOT NULL,
   PRIMARY KEY(LIN_ITINERARIO_ID),
   FOREIGN KEY(GLB_MUNICIPIO_COD) REFERENCES T_GLB_MUNICIPIO(GLB_MUNICIPIO_COD),
   FOREIGN KEY (LIN_PARADA_ID, GLB_MUNICIPIO_COD) REFERENCES T_LIN_PARADA(LIN_PARADA_ID, GLB_MUNICIPIO_COD),
   FOREIGN KEY (LIN_LINHA_ID, LIN_LINHA_ATENDIMENTO, GLB_MUNICIPIO_COD) REFERENCES T_LIN_LINHA(LIN_LINHA_ID, LIN_LINHA_ATENDIMENTO, GLB_MUNICIPIO_COD)
)

		at org.flywaydb.core.internal.command.DbMigrate.doMigrateGroup(DbMigrate.java:382)
		at org.flywaydb.core.internal.command.DbMigrate.lambda$applyMigrations$1(DbMigrate.java:272)
		at org.flywaydb.core.internal.jdbc.TransactionalExecutionTemplate.execute(TransactionalExecutionTemplate.java:55)
		at org.flywaydb.core.internal.command.DbMigrate.applyMigrations(DbMigrate.java:271)
		at org.flywaydb.core.internal.command.DbMigrate.migrateGroup(DbMigrate.java:244)
		at org.flywaydb.core.internal.command.DbMigrate.lambda$migrateAll$0(DbMigrate.java:139)
		at org.flywaydb.database.postgresql.PostgreSQLAdvisoryLockTemplate.execute(PostgreSQLAdvisoryLockTemplate.java:73)
		at org.flywaydb.database.postgresql.PostgreSQLAdvisoryLockTemplate.lambda$execute$0(PostgreSQLAdvisoryLockTemplate.java:56)
		at org.flywaydb.core.internal.jdbc.TransactionalExecutionTemplate.execute(TransactionalExecutionTemplate.java:55)
		at org.flywaydb.database.postgresql.PostgreSQLAdvisoryLockTemplate.execute(PostgreSQLAdvisoryLockTemplate.java:56)
		at org.flywaydb.database.postgresql.PostgreSQLConnection.lock(PostgreSQLConnection.java:96)
		at org.flywaydb.core.internal.schemahistory.JdbcTableSchemaHistory.lock(JdbcTableSchemaHistory.java:145)
		at org.flywaydb.core.internal.command.DbMigrate.migrateAll(DbMigrate.java:139)
		at org.flywaydb.core.internal.command.DbMigrate.migrate(DbMigrate.java:97)
		at org.flywaydb.core.Flyway.lambda$migrate$0(Flyway.java:202)
		at org.flywaydb.core.FlywayExecutor.execute(FlywayExecutor.java:205)
		at org.flywaydb.core.Flyway.migrate(Flyway.java:147)
		at org.springframework.boot.autoconfigure.flyway.FlywayMigrationInitializer.afterPropertiesSet(FlywayMigrationInitializer.java:66)
		at org.springframework.beans.factory.support.AbstractAutowireCapableBeanFactory.invokeInitMethods(AbstractAutowireCapableBeanFactory.java:1853)
		at org.springframework.beans.factory.support.AbstractAutowireCapableBeanFactory.initializeBean(AbstractAutowireCapableBeanFactory.java:1802)
		... 58 more
	Caused by: org.flywaydb.core.internal.sqlscript.FlywaySqlScriptException: Migration V1__create_tables.sql failed
--------------------------------------
SQL State  : 42703
Error Code : 0
Message    : ERRO: coluna "lin_parada_id" referenciada na restrição de chave estrangeira não existe
Location   : db/migration/V1__create_tables.sql (C:\Users\Erick.ferreira\Documents\workspace-jdk17\CitMobi2\target\classes\db\migration\V1__create_tables.sql)
Line       : 75
Statement  : CREATE TABLE T_LIN_ITINERARIO (
   LIN_ITINERARIO_ID bigserial NOT NULL,
   LIN_LINHA_ID varchar(30) NOT NULL,
   LIN_LINHA_ATENDIMENTO varchar(15) NOT NULL,
   LIN_LINHA_PREFIXO varchar(255) NOT NULL,
   GLB_MUNICIPIO_COD BIGINT NOT NULL,
   LIN_ITINERARIO_SENTIDO varchar(12) NOT NULL,
   PRIMARY KEY(LIN_ITINERARIO_ID),
   FOREIGN KEY(GLB_MUNICIPIO_COD) REFERENCES T_GLB_MUNICIPIO(GLB_MUNICIPIO_COD),
   FOREIGN KEY (LIN_PARADA_ID, GLB_MUNICIPIO_COD) REFERENCES T_LIN_PARADA(LIN_PARADA_ID, GLB_MUNICIPIO_COD),
   FOREIGN KEY (LIN_LINHA_ID, LIN_LINHA_ATENDIMENTO, GLB_MUNICIPIO_COD) REFERENCES T_LIN_LINHA(LIN_LINHA_ID, LIN_LINHA_ATENDIMENTO, GLB_MUNICIPIO_COD)
)

		at org.flywaydb.core.internal.sqlscript.DefaultSqlScriptExecutor.handleException(DefaultSqlScriptExecutor.java:252)
		at org.flywaydb.core.internal.sqlscript.DefaultSqlScriptExecutor.executeStatement(DefaultSqlScriptExecutor.java:214)
		at org.flywaydb.core.internal.sqlscript.DefaultSqlScriptExecutor.execute(DefaultSqlScriptExecutor.java:133)
		at org.flywaydb.core.internal.resolver.sql.SqlMigrationExecutor.executeOnce(SqlMigrationExecutor.java:65)
		at org.flywaydb.core.internal.resolver.sql.SqlMigrationExecutor.lambda$execute$0(SqlMigrationExecutor.java:57)
		at org.flywaydb.core.internal.database.DefaultExecutionStrategy.execute(DefaultExecutionStrategy.java:27)
		at org.flywaydb.core.internal.resolver.sql.SqlMigrationExecutor.execute(SqlMigrationExecutor.java:56)
		at org.flywaydb.core.internal.command.DbMigrate.doMigrateGroup(DbMigrate.java:374)
		... 77 more
	Caused by: org.postgresql.util.PSQLException: ERRO: coluna "lin_parada_id" referenciada na restrição de chave estrangeira não existe
		at org.postgresql.core.v3.QueryExecutorImpl.receiveErrorResponse(QueryExecutorImpl.java:2733)
		at org.postgresql.core.v3.QueryExecutorImpl.processResults(QueryExecutorImpl.java:2420)
		at org.postgresql.core.v3.QueryExecutorImpl.execute(QueryExecutorImpl.java:372)
		at org.postgresql.jdbc.PgStatement.executeInternal(PgStatement.java:517)
		at org.postgresql.jdbc.PgStatement.execute(PgStatement.java:434)
		at org.postgresql.jdbc.PgStatement.executeWithFlags(PgStatement.java:356)
		at org.postgresql.jdbc.PgStatement.executeCachedSql(PgStatement.java:341)
		at org.postgresql.jdbc.PgStatement.executeWithFlags(PgStatement.java:317)
		at org.postgresql.jdbc.PgStatement.execute(PgStatement.java:312)
		at com.zaxxer.hikari.pool.ProxyStatement.execute(ProxyStatement.java:94)
		at com.zaxxer.hikari.pool.HikariProxyStatement.execute(HikariProxyStatement.java)
		at org.flywaydb.core.internal.jdbc.JdbcTemplate.executeStatement(JdbcTemplate.java:210)
		at org.flywaydb.core.internal.sqlscript.ParsedSqlStatement.execute(ParsedSqlStatement.java:89)
		at org.flywaydb.core.internal.sqlscript.DefaultSqlScriptExecutor.executeStatement(DefaultSqlScriptExecutor.java:206)
		... 83 more
28-Jan-2025 09:02:08.679 INFO [main] org.apache.catalina.startup.HostConfig.deployDescriptor Deployment of deployment descriptor [C:\Users\Erick.ferreira\Documents\workspace-jdk17\CitMobi2\src\conf\Catalina\localhost\citMobi2.xml] has finished in [16.574] ms
28-Jan-2025 09:02:08.685 INFO [main] org.apache.coyote.AbstractProtocol.start Starting ProtocolHandler ["http-nio-8085"]
28-Jan-2025 09:02:08.722 INFO [main] org.apache.catalina.startup.Catalina.start Server startup in [16691] milliseconds
28-Jan-2025 09:03:01.998 INFO [Thread-3] org.apache.coyote.AbstractProtocol.pause Pausing ProtocolHandler ["http-nio-8085"]
28-Jan-2025 09:03:02.171 INFO [Thread-3] org.apache.catalina.core.StandardService.stopInternal Stopping service [Catalina]
28-Jan-2025 09:03:02.172 INFO [Thread-3] org.apache.coyote.AbstractProtocol.stop Stopping ProtocolHandler ["http-nio-8085"]
28-Jan-2025 09:03:02.176 INFO [Thread-3] org.apache.coyote.AbstractProtocol.destroy Destroying ProtocolHandler ["http-nio-8085"]
28-Jan-2025 09:03:02.179 WARNING [Thread-3] org.apache.catalina.loader.WebappClassLoaderBase.clearReferencesJdbc The web application [citMobi2] registered the JDBC driver [org.postgresql.Driver] but failed to unregister it when the web application was stopped. To prevent a memory leak, the JDBC Driver has been forcibly unregistered.
28-Jan-2025 09:03:04.095 INFO [main] org.apache.catalina.startup.VersionLoggerListener.log Server version name:   Apache Tomcat/10.1.26
28-Jan-2025 09:03:04.101 INFO [main] org.apache.catalina.startup.VersionLoggerListener.log Server built:          Jul 7 2024 21:02:13 UTC
28-Jan-2025 09:03:04.101 INFO [main] org.apache.catalina.startup.VersionLoggerListener.log Server version number: 10.1.26.0
28-Jan-2025 09:03:04.101 INFO [main] org.apache.catalina.startup.VersionLoggerListener.log OS Name:               Windows 11
28-Jan-2025 09:03:04.101 INFO [main] org.apache.catalina.startup.VersionLoggerListener.log OS Version:            10.0
28-Jan-2025 09:03:04.101 INFO [main] org.apache.catalina.startup.VersionLoggerListener.log Architecture:          amd64
28-Jan-2025 09:03:04.101 INFO [main] org.apache.catalina.startup.VersionLoggerListener.log Java Home:             C:\Program Files\Java\jdk-17
28-Jan-2025 09:03:04.101 INFO [main] org.apache.catalina.startup.VersionLoggerListener.log JVM Version:           17.0.11+7-LTS-207
28-Jan-2025 09:03:04.101 INFO [main] org.apache.catalina.startup.VersionLoggerListener.log JVM Vendor:            Oracle Corporation
28-Jan-2025 09:03:04.101 INFO [main] org.apache.catalina.startup.VersionLoggerListener.log CATALINA_BASE:         C:\Users\Erick.ferreira\Documents\workspace-jdk17\CitMobi2\src
28-Jan-2025 09:03:04.101 INFO [main] org.apache.catalina.startup.VersionLoggerListener.log CATALINA_HOME:         C:\Program Files\Apache Software Foundation\Tomcat 10.1
28-Jan-2025 09:03:04.119 INFO [main] org.apache.catalina.startup.VersionLoggerListener.log Command line argument: --add-opens=java.base/java.lang=ALL-UNNAMED
28-Jan-2025 09:03:04.119 INFO [main] org.apache.catalina.startup.VersionLoggerListener.log Command line argument: --add-opens=java.base/java.io=ALL-UNNAMED
28-Jan-2025 09:03:04.119 INFO [main] org.apache.catalina.startup.VersionLoggerListener.log Command line argument: --add-opens=java.base/java.util=ALL-UNNAMED
28-Jan-2025 09:03:04.119 INFO [main] org.apache.catalina.startup.VersionLoggerListener.log Command line argument: --add-opens=java.base/java.util.concurrent=ALL-UNNAMED
28-Jan-2025 09:03:04.119 INFO [main] org.apache.catalina.startup.VersionLoggerListener.log Command line argument: --add-opens=java.rmi/sun.rmi.transport=ALL-UNNAMED
28-Jan-2025 09:03:04.119 INFO [main] org.apache.catalina.startup.VersionLoggerListener.log Command line argument: -Dcatalina.home=C:\Program Files\Apache Software Foundation\Tomcat 10.1
28-Jan-2025 09:03:04.119 INFO [main] org.apache.catalina.startup.VersionLoggerListener.log Command line argument: -Dcatalina.base=C:\Users\Erick.ferreira\Documents\workspace-jdk17\CitMobi2\src
28-Jan-2025 09:03:04.119 INFO [main] org.apache.catalina.startup.VersionLoggerListener.log Command line argument: -Djava.io.tmpdir=C:\Users\Erick.ferreira\Documents\workspace-jdk17\CitMobi2\src\temp
28-Jan-2025 09:03:04.119 INFO [main] org.apache.catalina.startup.VersionLoggerListener.log Command line argument: -Djava.util.logging.config.file=C:\Users\Erick.ferreira\Documents\workspace-jdk17\CitMobi2\src\conf\logging.properties
28-Jan-2025 09:03:04.119 INFO [main] org.apache.catalina.startup.VersionLoggerListener.log Command line argument: -Djava.util.logging.manager=org.apache.juli.ClassLoaderLogManager
28-Jan-2025 09:03:04.120 INFO [main] org.apache.catalina.startup.VersionLoggerListener.log Command line argument: -javaagent:C:\Program Files\JetBrains\IntelliJ IDEA Community Edition 2024.1.4\lib\idea_rt.jar=56245:C:\Program Files\JetBrains\IntelliJ IDEA Community Edition 2024.1.4\bin
28-Jan-2025 09:03:04.120 INFO [main] org.apache.catalina.startup.VersionLoggerListener.log Command line argument: -Dfile.encoding=UTF-8
28-Jan-2025 09:03:04.129 INFO [main] org.apache.catalina.core.AprLifecycleListener.lifecycleEvent The Apache Tomcat Native library which allows using OpenSSL was not found on the java.library.path: [C:\Program Files\Java\jdk-17\bin;C:\Windows\Sun\Java\bin;C:\Windows\system32;C:\Windows;C:\Program Files\Common Files\Oracle\Java\javapath;C:\Python312\Scripts\;C:\Python312\;C:\Program Files (x86)\Common Files\Oracle\Java\javapath;C:\app\TDV.Admin\product\11.2.0\client_1\bin;C:\Windows\system32;C:\Windows;C:\Windows\System32\Wbem;C:\Windows\System32\WindowsPowerShell\v1.0\;C:\Windows\System32\OpenSSH\;C:\Program Files\Git\cmd;C:\Java_Essentials\apache-maven-3.6.3\bin;C:\Program Files\nodejs\;C:\ProgramData\chocolatey\bin;C:\Program Files\dotnet\;C:\Program Files\MySQL\MySQL Shell 8.0\bin\;C:\Users\Erick.ferreira\.console-ninja\.bin;C:\Users\Erick.ferreira\AppData\Local\Microsoft\WindowsApps;C:\Users\Erick.ferreira\AppData\Local\Programs\Microsoft VS Code\bin;C:\Program Files\Java\jdk1.8.0_291\bin;C:\Users\Erick.ferreira\AppData\Roaming\npm;C:\Program Files\JetBrains\IntelliJ IDEA Community Edition 2024.1.4\bin;;C:\Users\Erick.ferreira\.dotnet\tools;.]
28-Jan-2025 09:03:04.400 INFO [main] org.apache.coyote.AbstractProtocol.init Initializing ProtocolHandler ["http-nio-8085"]
28-Jan-2025 09:03:04.429 INFO [main] org.apache.catalina.startup.Catalina.load Server initialization in [561] milliseconds
28-Jan-2025 09:03:04.488 INFO [main] org.apache.catalina.core.StandardService.startInternal Starting service [Catalina]
28-Jan-2025 09:03:04.488 INFO [main] org.apache.catalina.core.StandardEngine.startInternal Starting Servlet engine: [Apache Tomcat/10.1.26]
28-Jan-2025 09:03:04.506 INFO [main] org.apache.catalina.startup.HostConfig.deployDescriptor Deploying deployment descriptor [C:\Users\Erick.ferreira\Documents\workspace-jdk17\CitMobi2\src\conf\Catalina\localhost\citMobi2.xml]
28-Jan-2025 09:03:11.144 INFO [main] org.apache.jasper.servlet.TldScanner.scanJars At least one JAR was scanned for TLDs yet contained no TLDs. Enable debug logging for this logger for a complete list of JARs that were scanned but no TLDs were found in them. Skipping unneeded JARs during scanning can improve startup time and JSP compilation time.
28-Jan-2025 09:03:21.093 SEVERE [main] org.apache.catalina.startup.HostConfig.deployDescriptor Error deploying deployment descriptor [C:\Users\Erick.ferreira\Documents\workspace-jdk17\CitMobi2\src\conf\Catalina\localhost\citMobi2.xml]
	java.lang.IllegalStateException: Error starting child
		at org.apache.catalina.core.ContainerBase.addChildInternal(ContainerBase.java:602)
		at org.apache.catalina.core.ContainerBase.addChild(ContainerBase.java:571)
		at org.apache.catalina.core.StandardHost.addChild(StandardHost.java:654)
		at org.apache.catalina.startup.HostConfig.deployDescriptor(HostConfig.java:635)
		at org.apache.catalina.startup.HostConfig$DeployDescriptor.run(HostConfig.java:1889)
		at java.base/java.util.concurrent.Executors$RunnableAdapter.call(Executors.java:539)
		at java.base/java.util.concurrent.FutureTask.run(FutureTask.java:264)
		at org.apache.tomcat.util.threads.InlineExecutorService.execute(InlineExecutorService.java:75)
		at java.base/java.util.concurrent.AbstractExecutorService.submit(AbstractExecutorService.java:123)
		at org.apache.catalina.startup.HostConfig.deployDescriptors(HostConfig.java:530)
		at org.apache.catalina.startup.HostConfig.deployApps(HostConfig.java:421)
		at org.apache.catalina.startup.HostConfig.start(HostConfig.java:1629)
		at org.apache.catalina.startup.HostConfig.lifecycleEvent(HostConfig.java:303)
		at org.apache.catalina.util.LifecycleBase.fireLifecycleEvent(LifecycleBase.java:109)
		at org.apache.catalina.util.LifecycleBase.setStateInternal(LifecycleBase.java:385)
		at org.apache.catalina.util.LifecycleBase.setState(LifecycleBase.java:332)
		at org.apache.catalina.core.ContainerBase.startInternal(ContainerBase.java:776)
		at org.apache.catalina.core.StandardHost.startInternal(StandardHost.java:772)
		at org.apache.catalina.util.LifecycleBase.start(LifecycleBase.java:164)
		at org.apache.catalina.core.ContainerBase$StartChild.call(ContainerBase.java:1203)
		at org.apache.catalina.core.ContainerBase$StartChild.call(ContainerBase.java:1193)
		at java.base/java.util.concurrent.FutureTask.run(FutureTask.java:264)
		at org.apache.tomcat.util.threads.InlineExecutorService.execute(InlineExecutorService.java:75)
		at java.base/java.util.concurrent.AbstractExecutorService.submit(AbstractExecutorService.java:145)
		at org.apache.catalina.core.ContainerBase.startInternal(ContainerBase.java:749)
		at org.apache.catalina.core.StandardEngine.startInternal(StandardEngine.java:203)
		at org.apache.catalina.util.LifecycleBase.start(LifecycleBase.java:164)
		at org.apache.catalina.core.StandardService.startInternal(StandardService.java:415)
		at org.apache.catalina.util.LifecycleBase.start(LifecycleBase.java:164)
		at org.apache.catalina.core.StandardServer.startInternal(StandardServer.java:874)
		at org.apache.catalina.util.LifecycleBase.start(LifecycleBase.java:164)
		at org.apache.catalina.startup.Catalina.start(Catalina.java:757)
		at java.base/jdk.internal.reflect.NativeMethodAccessorImpl.invoke0(Native Method)
		at java.base/jdk.internal.reflect.NativeMethodAccessorImpl.invoke(NativeMethodAccessorImpl.java:77)
		at java.base/jdk.internal.reflect.DelegatingMethodAccessorImpl.invoke(DelegatingMethodAccessorImpl.java:43)
		at java.base/java.lang.reflect.Method.invoke(Method.java:568)
		at org.apache.catalina.startup.Bootstrap.start(Bootstrap.java:345)
		at org.apache.catalina.startup.Bootstrap.main(Bootstrap.java:473)
	Caused by: org.apache.catalina.LifecycleException: Failed to start component [StandardEngine[Catalina].StandardHost[localhost].StandardContext[/citMobi2]]
		at org.apache.catalina.util.LifecycleBase.handleSubClassException(LifecycleBase.java:402)
		at org.apache.catalina.util.LifecycleBase.start(LifecycleBase.java:179)
		at org.apache.catalina.core.ContainerBase.addChildInternal(ContainerBase.java:599)
		... 37 more
	Caused by: org.springframework.beans.factory.BeanCreationException: Error creating bean with name 'entityManagerFactory' defined in class path resource [org/springframework/boot/autoconfigure/orm/jpa/HibernateJpaConfiguration.class]: Failed to initialize dependency 'flywayInitializer' of LoadTimeWeaverAware bean 'entityManagerFactory': Error creating bean with name 'flywayInitializer' defined in class path resource [org/springframework/boot/autoconfigure/flyway/FlywayAutoConfiguration$FlywayConfiguration.class]: Migration V1__create_tables.sql failed
--------------------------------------
SQL State  : 42830
Error Code : 0
Message    : ERRO: não há restrição de unicidade que corresponde com as colunas informadas na tabela referenciada "t_lin_linha"
Location   : db/migration/V1__create_tables.sql (C:\Users\Erick.ferreira\Documents\workspace-jdk17\CitMobi2\target\classes\db\migration\V1__create_tables.sql)
Line       : 75
Statement  : CREATE TABLE T_LIN_ITINERARIO (
   LIN_ITINERARIO_ID bigserial NOT NULL,
   LIN_LINHA_ID varchar(30) NOT NULL,
   LIN_LINHA_ATENDIMENTO varchar(15) NOT NULL,
   LIN_LINHA_PREFIXO varchar(255) NOT NULL,
   GLB_MUNICIPIO_COD BIGINT NOT NULL,
   LIN_ITINERARIO_SENTIDO varchar(12) NOT NULL,
   PRIMARY KEY(LIN_ITINERARIO_ID),
   FOREIGN KEY(GLB_MUNICIPIO_COD) REFERENCES T_GLB_MUNICIPIO(GLB_MUNICIPIO_COD),
   FOREIGN KEY (LIN_LINHA_ID, LIN_LINHA_ATENDIMENTO, GLB_MUNICIPIO_COD) REFERENCES T_LIN_LINHA(LIN_LINHA_ID, LIN_LINHA_ATENDIMENTO, GLB_MUNICIPIO_COD)
)

		at org.springframework.beans.factory.support.AbstractBeanFactory.doGetBean(AbstractBeanFactory.java:326)
		at org.springframework.beans.factory.support.AbstractBeanFactory.getBean(AbstractBeanFactory.java:205)
		at org.springframework.context.support.AbstractApplicationContext.finishBeanFactoryInitialization(AbstractApplicationContext.java:954)
		at org.springframework.context.support.AbstractApplicationContext.refresh(AbstractApplicationContext.java:625)
		at org.springframework.boot.web.servlet.context.ServletWebServerApplicationContext.refresh(ServletWebServerApplicationContext.java:146)
		at org.springframework.boot.SpringApplication.refresh(SpringApplication.java:754)
		at org.springframework.boot.SpringApplication.refreshContext(SpringApplication.java:456)
		at org.springframework.boot.SpringApplication.run(SpringApplication.java:335)
		at org.springframework.boot.web.servlet.support.SpringBootServletInitializer.run(SpringBootServletInitializer.java:174)
		at org.springframework.boot.web.servlet.support.SpringBootServletInitializer.createRootApplicationContext(SpringBootServletInitializer.java:154)
		at org.springframework.boot.web.servlet.support.SpringBootServletInitializer.onStartup(SpringBootServletInitializer.java:96)
		at org.springframework.web.SpringServletContainerInitializer.onStartup(SpringServletContainerInitializer.java:171)
		at org.apache.catalina.core.StandardContext.startInternal(StandardContext.java:4414)
		at org.apache.catalina.util.LifecycleBase.start(LifecycleBase.java:164)
		... 38 more
	Caused by: org.springframework.beans.factory.BeanCreationException: Error creating bean with name 'flywayInitializer' defined in class path resource [org/springframework/boot/autoconfigure/flyway/FlywayAutoConfiguration$FlywayConfiguration.class]: Migration V1__create_tables.sql failed
--------------------------------------
SQL State  : 42830
Error Code : 0
Message    : ERRO: não há restrição de unicidade que corresponde com as colunas informadas na tabela referenciada "t_lin_linha"
Location   : db/migration/V1__create_tables.sql (C:\Users\Erick.ferreira\Documents\workspace-jdk17\CitMobi2\target\classes\db\migration\V1__create_tables.sql)
Line       : 75
Statement  : CREATE TABLE T_LIN_ITINERARIO (
   LIN_ITINERARIO_ID bigserial NOT NULL,
   LIN_LINHA_ID varchar(30) NOT NULL,
   LIN_LINHA_ATENDIMENTO varchar(15) NOT NULL,
   LIN_LINHA_PREFIXO varchar(255) NOT NULL,
   GLB_MUNICIPIO_COD BIGINT NOT NULL,
   LIN_ITINERARIO_SENTIDO varchar(12) NOT NULL,
   PRIMARY KEY(LIN_ITINERARIO_ID),
   FOREIGN KEY(GLB_MUNICIPIO_COD) REFERENCES T_GLB_MUNICIPIO(GLB_MUNICIPIO_COD),
   FOREIGN KEY (LIN_LINHA_ID, LIN_LINHA_ATENDIMENTO, GLB_MUNICIPIO_COD) REFERENCES T_LIN_LINHA(LIN_LINHA_ID, LIN_LINHA_ATENDIMENTO, GLB_MUNICIPIO_COD)
)

		at org.springframework.beans.factory.support.AbstractAutowireCapableBeanFactory.initializeBean(AbstractAutowireCapableBeanFactory.java:1806)
		at org.springframework.beans.factory.support.AbstractAutowireCapableBeanFactory.doCreateBean(AbstractAutowireCapableBeanFactory.java:600)
		at org.springframework.beans.factory.support.AbstractAutowireCapableBeanFactory.createBean(AbstractAutowireCapableBeanFactory.java:522)
		at org.springframework.beans.factory.support.AbstractBeanFactory.lambda$doGetBean$0(AbstractBeanFactory.java:337)
		at org.springframework.beans.factory.support.DefaultSingletonBeanRegistry.getSingleton(DefaultSingletonBeanRegistry.java:234)
		at org.springframework.beans.factory.support.AbstractBeanFactory.doGetBean(AbstractBeanFactory.java:335)
		at org.springframework.beans.factory.support.AbstractBeanFactory.getBean(AbstractBeanFactory.java:200)
		at org.springframework.beans.factory.support.AbstractBeanFactory.doGetBean(AbstractBeanFactory.java:313)
		... 51 more
	Caused by: org.flywaydb.core.internal.command.DbMigrate$FlywayMigrateException: Migration V1__create_tables.sql failed
--------------------------------------
SQL State  : 42830
Error Code : 0
Message    : ERRO: não há restrição de unicidade que corresponde com as colunas informadas na tabela referenciada "t_lin_linha"
Location   : db/migration/V1__create_tables.sql (C:\Users\Erick.ferreira\Documents\workspace-jdk17\CitMobi2\target\classes\db\migration\V1__create_tables.sql)
Line       : 75
Statement  : CREATE TABLE T_LIN_ITINERARIO (
   LIN_ITINERARIO_ID bigserial NOT NULL,
   LIN_LINHA_ID varchar(30) NOT NULL,
   LIN_LINHA_ATENDIMENTO varchar(15) NOT NULL,
   LIN_LINHA_PREFIXO varchar(255) NOT NULL,
   GLB_MUNICIPIO_COD BIGINT NOT NULL,
   LIN_ITINERARIO_SENTIDO varchar(12) NOT NULL,
   PRIMARY KEY(LIN_ITINERARIO_ID),
   FOREIGN KEY(GLB_MUNICIPIO_COD) REFERENCES T_GLB_MUNICIPIO(GLB_MUNICIPIO_COD),
   FOREIGN KEY (LIN_LINHA_ID, LIN_LINHA_ATENDIMENTO, GLB_MUNICIPIO_COD) REFERENCES T_LIN_LINHA(LIN_LINHA_ID, LIN_LINHA_ATENDIMENTO, GLB_MUNICIPIO_COD)
)

		at org.flywaydb.core.internal.command.DbMigrate.doMigrateGroup(DbMigrate.java:382)
		at org.flywaydb.core.internal.command.DbMigrate.lambda$applyMigrations$1(DbMigrate.java:272)
		at org.flywaydb.core.internal.jdbc.TransactionalExecutionTemplate.execute(TransactionalExecutionTemplate.java:55)
		at org.flywaydb.core.internal.command.DbMigrate.applyMigrations(DbMigrate.java:271)
		at org.flywaydb.core.internal.command.DbMigrate.migrateGroup(DbMigrate.java:244)
		at org.flywaydb.core.internal.command.DbMigrate.lambda$migrateAll$0(DbMigrate.java:139)
		at org.flywaydb.database.postgresql.PostgreSQLAdvisoryLockTemplate.execute(PostgreSQLAdvisoryLockTemplate.java:73)
		at org.flywaydb.database.postgresql.PostgreSQLAdvisoryLockTemplate.lambda$execute$0(PostgreSQLAdvisoryLockTemplate.java:56)
		at org.flywaydb.core.internal.jdbc.TransactionalExecutionTemplate.execute(TransactionalExecutionTemplate.java:55)
		at org.flywaydb.database.postgresql.PostgreSQLAdvisoryLockTemplate.execute(PostgreSQLAdvisoryLockTemplate.java:56)
		at org.flywaydb.database.postgresql.PostgreSQLConnection.lock(PostgreSQLConnection.java:96)
		at org.flywaydb.core.internal.schemahistory.JdbcTableSchemaHistory.lock(JdbcTableSchemaHistory.java:145)
		at org.flywaydb.core.internal.command.DbMigrate.migrateAll(DbMigrate.java:139)
		at org.flywaydb.core.internal.command.DbMigrate.migrate(DbMigrate.java:97)
		at org.flywaydb.core.Flyway.lambda$migrate$0(Flyway.java:202)
		at org.flywaydb.core.FlywayExecutor.execute(FlywayExecutor.java:205)
		at org.flywaydb.core.Flyway.migrate(Flyway.java:147)
		at org.springframework.boot.autoconfigure.flyway.FlywayMigrationInitializer.afterPropertiesSet(FlywayMigrationInitializer.java:66)
		at org.springframework.beans.factory.support.AbstractAutowireCapableBeanFactory.invokeInitMethods(AbstractAutowireCapableBeanFactory.java:1853)
		at org.springframework.beans.factory.support.AbstractAutowireCapableBeanFactory.initializeBean(AbstractAutowireCapableBeanFactory.java:1802)
		... 58 more
	Caused by: org.flywaydb.core.internal.sqlscript.FlywaySqlScriptException: Migration V1__create_tables.sql failed
--------------------------------------
SQL State  : 42830
Error Code : 0
Message    : ERRO: não há restrição de unicidade que corresponde com as colunas informadas na tabela referenciada "t_lin_linha"
Location   : db/migration/V1__create_tables.sql (C:\Users\Erick.ferreira\Documents\workspace-jdk17\CitMobi2\target\classes\db\migration\V1__create_tables.sql)
Line       : 75
Statement  : CREATE TABLE T_LIN_ITINERARIO (
   LIN_ITINERARIO_ID bigserial NOT NULL,
   LIN_LINHA_ID varchar(30) NOT NULL,
   LIN_LINHA_ATENDIMENTO varchar(15) NOT NULL,
   LIN_LINHA_PREFIXO varchar(255) NOT NULL,
   GLB_MUNICIPIO_COD BIGINT NOT NULL,
   LIN_ITINERARIO_SENTIDO varchar(12) NOT NULL,
   PRIMARY KEY(LIN_ITINERARIO_ID),
   FOREIGN KEY(GLB_MUNICIPIO_COD) REFERENCES T_GLB_MUNICIPIO(GLB_MUNICIPIO_COD),
   FOREIGN KEY (LIN_LINHA_ID, LIN_LINHA_ATENDIMENTO, GLB_MUNICIPIO_COD) REFERENCES T_LIN_LINHA(LIN_LINHA_ID, LIN_LINHA_ATENDIMENTO, GLB_MUNICIPIO_COD)
)

		at org.flywaydb.core.internal.sqlscript.DefaultSqlScriptExecutor.handleException(DefaultSqlScriptExecutor.java:252)
		at org.flywaydb.core.internal.sqlscript.DefaultSqlScriptExecutor.executeStatement(DefaultSqlScriptExecutor.java:214)
		at org.flywaydb.core.internal.sqlscript.DefaultSqlScriptExecutor.execute(DefaultSqlScriptExecutor.java:133)
		at org.flywaydb.core.internal.resolver.sql.SqlMigrationExecutor.executeOnce(SqlMigrationExecutor.java:65)
		at org.flywaydb.core.internal.resolver.sql.SqlMigrationExecutor.lambda$execute$0(SqlMigrationExecutor.java:57)
		at org.flywaydb.core.internal.database.DefaultExecutionStrategy.execute(DefaultExecutionStrategy.java:27)
		at org.flywaydb.core.internal.resolver.sql.SqlMigrationExecutor.execute(SqlMigrationExecutor.java:56)
		at org.flywaydb.core.internal.command.DbMigrate.doMigrateGroup(DbMigrate.java:374)
		... 77 more
	Caused by: org.postgresql.util.PSQLException: ERRO: não há restrição de unicidade que corresponde com as colunas informadas na tabela referenciada "t_lin_linha"
		at org.postgresql.core.v3.QueryExecutorImpl.receiveErrorResponse(QueryExecutorImpl.java:2733)
		at org.postgresql.core.v3.QueryExecutorImpl.processResults(QueryExecutorImpl.java:2420)
		at org.postgresql.core.v3.QueryExecutorImpl.execute(QueryExecutorImpl.java:372)
		at org.postgresql.jdbc.PgStatement.executeInternal(PgStatement.java:517)
		at org.postgresql.jdbc.PgStatement.execute(PgStatement.java:434)
		at org.postgresql.jdbc.PgStatement.executeWithFlags(PgStatement.java:356)
		at org.postgresql.jdbc.PgStatement.executeCachedSql(PgStatement.java:341)
		at org.postgresql.jdbc.PgStatement.executeWithFlags(PgStatement.java:317)
		at org.postgresql.jdbc.PgStatement.execute(PgStatement.java:312)
		at com.zaxxer.hikari.pool.ProxyStatement.execute(ProxyStatement.java:94)
		at com.zaxxer.hikari.pool.HikariProxyStatement.execute(HikariProxyStatement.java)
		at org.flywaydb.core.internal.jdbc.JdbcTemplate.executeStatement(JdbcTemplate.java:210)
		at org.flywaydb.core.internal.sqlscript.ParsedSqlStatement.execute(ParsedSqlStatement.java:89)
		at org.flywaydb.core.internal.sqlscript.DefaultSqlScriptExecutor.executeStatement(DefaultSqlScriptExecutor.java:206)
		... 83 more
28-Jan-2025 09:03:21.097 INFO [main] org.apache.catalina.startup.HostConfig.deployDescriptor Deployment of deployment descriptor [C:\Users\Erick.ferreira\Documents\workspace-jdk17\CitMobi2\src\conf\Catalina\localhost\citMobi2.xml] has finished in [16.592] ms
28-Jan-2025 09:03:21.101 INFO [main] org.apache.coyote.AbstractProtocol.start Starting ProtocolHandler ["http-nio-8085"]
28-Jan-2025 09:03:21.132 INFO [main] org.apache.catalina.startup.Catalina.start Server startup in [16703] milliseconds
28-Jan-2025 09:10:08.731 INFO [Thread-3] org.apache.coyote.AbstractProtocol.pause Pausing ProtocolHandler ["http-nio-8085"]
28-Jan-2025 09:10:08.898 INFO [Thread-3] org.apache.catalina.core.StandardService.stopInternal Stopping service [Catalina]
28-Jan-2025 09:10:08.899 INFO [Thread-3] org.apache.coyote.AbstractProtocol.stop Stopping ProtocolHandler ["http-nio-8085"]
28-Jan-2025 09:10:08.902 INFO [Thread-3] org.apache.coyote.AbstractProtocol.destroy Destroying ProtocolHandler ["http-nio-8085"]
28-Jan-2025 09:10:08.904 WARNING [Thread-3] org.apache.catalina.loader.WebappClassLoaderBase.clearReferencesJdbc The web application [citMobi2] registered the JDBC driver [org.postgresql.Driver] but failed to unregister it when the web application was stopped. To prevent a memory leak, the JDBC Driver has been forcibly unregistered.
28-Jan-2025 09:10:10.760 INFO [main] org.apache.catalina.startup.VersionLoggerListener.log Server version name:   Apache Tomcat/10.1.26
28-Jan-2025 09:10:10.765 INFO [main] org.apache.catalina.startup.VersionLoggerListener.log Server built:          Jul 7 2024 21:02:13 UTC
28-Jan-2025 09:10:10.765 INFO [main] org.apache.catalina.startup.VersionLoggerListener.log Server version number: 10.1.26.0
28-Jan-2025 09:10:10.765 INFO [main] org.apache.catalina.startup.VersionLoggerListener.log OS Name:               Windows 11
28-Jan-2025 09:10:10.766 INFO [main] org.apache.catalina.startup.VersionLoggerListener.log OS Version:            10.0
28-Jan-2025 09:10:10.766 INFO [main] org.apache.catalina.startup.VersionLoggerListener.log Architecture:          amd64
28-Jan-2025 09:10:10.766 INFO [main] org.apache.catalina.startup.VersionLoggerListener.log Java Home:             C:\Program Files\Java\jdk-17
28-Jan-2025 09:10:10.766 INFO [main] org.apache.catalina.startup.VersionLoggerListener.log JVM Version:           17.0.11+7-LTS-207
28-Jan-2025 09:10:10.766 INFO [main] org.apache.catalina.startup.VersionLoggerListener.log JVM Vendor:            Oracle Corporation
28-Jan-2025 09:10:10.766 INFO [main] org.apache.catalina.startup.VersionLoggerListener.log CATALINA_BASE:         C:\Users\Erick.ferreira\Documents\workspace-jdk17\CitMobi2\src
28-Jan-2025 09:10:10.766 INFO [main] org.apache.catalina.startup.VersionLoggerListener.log CATALINA_HOME:         C:\Program Files\Apache Software Foundation\Tomcat 10.1
28-Jan-2025 09:10:10.782 INFO [main] org.apache.catalina.startup.VersionLoggerListener.log Command line argument: --add-opens=java.base/java.lang=ALL-UNNAMED
28-Jan-2025 09:10:10.782 INFO [main] org.apache.catalina.startup.VersionLoggerListener.log Command line argument: --add-opens=java.base/java.io=ALL-UNNAMED
28-Jan-2025 09:10:10.782 INFO [main] org.apache.catalina.startup.VersionLoggerListener.log Command line argument: --add-opens=java.base/java.util=ALL-UNNAMED
28-Jan-2025 09:10:10.783 INFO [main] org.apache.catalina.startup.VersionLoggerListener.log Command line argument: --add-opens=java.base/java.util.concurrent=ALL-UNNAMED
28-Jan-2025 09:10:10.783 INFO [main] org.apache.catalina.startup.VersionLoggerListener.log Command line argument: --add-opens=java.rmi/sun.rmi.transport=ALL-UNNAMED
28-Jan-2025 09:10:10.783 INFO [main] org.apache.catalina.startup.VersionLoggerListener.log Command line argument: -Dcatalina.home=C:\Program Files\Apache Software Foundation\Tomcat 10.1
28-Jan-2025 09:10:10.783 INFO [main] org.apache.catalina.startup.VersionLoggerListener.log Command line argument: -Dcatalina.base=C:\Users\Erick.ferreira\Documents\workspace-jdk17\CitMobi2\src
28-Jan-2025 09:10:10.783 INFO [main] org.apache.catalina.startup.VersionLoggerListener.log Command line argument: -Djava.io.tmpdir=C:\Users\Erick.ferreira\Documents\workspace-jdk17\CitMobi2\src\temp
28-Jan-2025 09:10:10.783 INFO [main] org.apache.catalina.startup.VersionLoggerListener.log Command line argument: -Djava.util.logging.config.file=C:\Users\Erick.ferreira\Documents\workspace-jdk17\CitMobi2\src\conf\logging.properties
28-Jan-2025 09:10:10.783 INFO [main] org.apache.catalina.startup.VersionLoggerListener.log Command line argument: -Djava.util.logging.manager=org.apache.juli.ClassLoaderLogManager
28-Jan-2025 09:10:10.783 INFO [main] org.apache.catalina.startup.VersionLoggerListener.log Command line argument: -javaagent:C:\Program Files\JetBrains\IntelliJ IDEA Community Edition 2024.1.4\lib\idea_rt.jar=56386:C:\Program Files\JetBrains\IntelliJ IDEA Community Edition 2024.1.4\bin
28-Jan-2025 09:10:10.783 INFO [main] org.apache.catalina.startup.VersionLoggerListener.log Command line argument: -Dfile.encoding=UTF-8
28-Jan-2025 09:10:10.794 INFO [main] org.apache.catalina.core.AprLifecycleListener.lifecycleEvent The Apache Tomcat Native library which allows using OpenSSL was not found on the java.library.path: [C:\Program Files\Java\jdk-17\bin;C:\Windows\Sun\Java\bin;C:\Windows\system32;C:\Windows;C:\Program Files\Common Files\Oracle\Java\javapath;C:\Python312\Scripts\;C:\Python312\;C:\Program Files (x86)\Common Files\Oracle\Java\javapath;C:\app\TDV.Admin\product\11.2.0\client_1\bin;C:\Windows\system32;C:\Windows;C:\Windows\System32\Wbem;C:\Windows\System32\WindowsPowerShell\v1.0\;C:\Windows\System32\OpenSSH\;C:\Program Files\Git\cmd;C:\Java_Essentials\apache-maven-3.6.3\bin;C:\Program Files\nodejs\;C:\ProgramData\chocolatey\bin;C:\Program Files\dotnet\;C:\Program Files\MySQL\MySQL Shell 8.0\bin\;C:\Users\Erick.ferreira\.console-ninja\.bin;C:\Users\Erick.ferreira\AppData\Local\Microsoft\WindowsApps;C:\Users\Erick.ferreira\AppData\Local\Programs\Microsoft VS Code\bin;C:\Program Files\Java\jdk1.8.0_291\bin;C:\Users\Erick.ferreira\AppData\Roaming\npm;C:\Program Files\JetBrains\IntelliJ IDEA Community Edition 2024.1.4\bin;;C:\Users\Erick.ferreira\.dotnet\tools;.]
28-Jan-2025 09:10:11.057 INFO [main] org.apache.coyote.AbstractProtocol.init Initializing ProtocolHandler ["http-nio-8085"]
28-Jan-2025 09:10:11.084 INFO [main] org.apache.catalina.startup.Catalina.load Server initialization in [536] milliseconds
28-Jan-2025 09:10:11.137 INFO [main] org.apache.catalina.core.StandardService.startInternal Starting service [Catalina]
28-Jan-2025 09:10:11.138 INFO [main] org.apache.catalina.core.StandardEngine.startInternal Starting Servlet engine: [Apache Tomcat/10.1.26]
28-Jan-2025 09:10:11.155 INFO [main] org.apache.catalina.startup.HostConfig.deployDescriptor Deploying deployment descriptor [C:\Users\Erick.ferreira\Documents\workspace-jdk17\CitMobi2\src\conf\Catalina\localhost\citMobi2.xml]
28-Jan-2025 09:10:18.874 INFO [main] org.apache.jasper.servlet.TldScanner.scanJars At least one JAR was scanned for TLDs yet contained no TLDs. Enable debug logging for this logger for a complete list of JARs that were scanned but no TLDs were found in them. Skipping unneeded JARs during scanning can improve startup time and JSP compilation time.
28-Jan-2025 09:10:28.879 SEVERE [main] org.apache.catalina.startup.HostConfig.deployDescriptor Error deploying deployment descriptor [C:\Users\Erick.ferreira\Documents\workspace-jdk17\CitMobi2\src\conf\Catalina\localhost\citMobi2.xml]
	java.lang.IllegalStateException: Error starting child
		at org.apache.catalina.core.ContainerBase.addChildInternal(ContainerBase.java:602)
		at org.apache.catalina.core.ContainerBase.addChild(ContainerBase.java:571)
		at org.apache.catalina.core.StandardHost.addChild(StandardHost.java:654)
		at org.apache.catalina.startup.HostConfig.deployDescriptor(HostConfig.java:635)
		at org.apache.catalina.startup.HostConfig$DeployDescriptor.run(HostConfig.java:1889)
		at java.base/java.util.concurrent.Executors$RunnableAdapter.call(Executors.java:539)
		at java.base/java.util.concurrent.FutureTask.run(FutureTask.java:264)
		at org.apache.tomcat.util.threads.InlineExecutorService.execute(InlineExecutorService.java:75)
		at java.base/java.util.concurrent.AbstractExecutorService.submit(AbstractExecutorService.java:123)
		at org.apache.catalina.startup.HostConfig.deployDescriptors(HostConfig.java:530)
		at org.apache.catalina.startup.HostConfig.deployApps(HostConfig.java:421)
		at org.apache.catalina.startup.HostConfig.start(HostConfig.java:1629)
		at org.apache.catalina.startup.HostConfig.lifecycleEvent(HostConfig.java:303)
		at org.apache.catalina.util.LifecycleBase.fireLifecycleEvent(LifecycleBase.java:109)
		at org.apache.catalina.util.LifecycleBase.setStateInternal(LifecycleBase.java:385)
		at org.apache.catalina.util.LifecycleBase.setState(LifecycleBase.java:332)
		at org.apache.catalina.core.ContainerBase.startInternal(ContainerBase.java:776)
		at org.apache.catalina.core.StandardHost.startInternal(StandardHost.java:772)
		at org.apache.catalina.util.LifecycleBase.start(LifecycleBase.java:164)
		at org.apache.catalina.core.ContainerBase$StartChild.call(ContainerBase.java:1203)
		at org.apache.catalina.core.ContainerBase$StartChild.call(ContainerBase.java:1193)
		at java.base/java.util.concurrent.FutureTask.run(FutureTask.java:264)
		at org.apache.tomcat.util.threads.InlineExecutorService.execute(InlineExecutorService.java:75)
		at java.base/java.util.concurrent.AbstractExecutorService.submit(AbstractExecutorService.java:145)
		at org.apache.catalina.core.ContainerBase.startInternal(ContainerBase.java:749)
		at org.apache.catalina.core.StandardEngine.startInternal(StandardEngine.java:203)
		at org.apache.catalina.util.LifecycleBase.start(LifecycleBase.java:164)
		at org.apache.catalina.core.StandardService.startInternal(StandardService.java:415)
		at org.apache.catalina.util.LifecycleBase.start(LifecycleBase.java:164)
		at org.apache.catalina.core.StandardServer.startInternal(StandardServer.java:874)
		at org.apache.catalina.util.LifecycleBase.start(LifecycleBase.java:164)
		at org.apache.catalina.startup.Catalina.start(Catalina.java:757)
		at java.base/jdk.internal.reflect.NativeMethodAccessorImpl.invoke0(Native Method)
		at java.base/jdk.internal.reflect.NativeMethodAccessorImpl.invoke(NativeMethodAccessorImpl.java:77)
		at java.base/jdk.internal.reflect.DelegatingMethodAccessorImpl.invoke(DelegatingMethodAccessorImpl.java:43)
		at java.base/java.lang.reflect.Method.invoke(Method.java:568)
		at org.apache.catalina.startup.Bootstrap.start(Bootstrap.java:345)
		at org.apache.catalina.startup.Bootstrap.main(Bootstrap.java:473)
	Caused by: org.apache.catalina.LifecycleException: Failed to start component [StandardEngine[Catalina].StandardHost[localhost].StandardContext[/citMobi2]]
		at org.apache.catalina.util.LifecycleBase.handleSubClassException(LifecycleBase.java:402)
		at org.apache.catalina.util.LifecycleBase.start(LifecycleBase.java:179)
		at org.apache.catalina.core.ContainerBase.addChildInternal(ContainerBase.java:599)
		... 37 more
	Caused by: org.springframework.beans.factory.BeanCreationException: Error creating bean with name 'entityManagerFactory' defined in class path resource [org/springframework/boot/autoconfigure/orm/jpa/HibernateJpaConfiguration.class]: Failed to initialize dependency 'flywayInitializer' of LoadTimeWeaverAware bean 'entityManagerFactory': Error creating bean with name 'flywayInitializer' defined in class path resource [org/springframework/boot/autoconfigure/flyway/FlywayAutoConfiguration$FlywayConfiguration.class]: Migration V1__create_tables.sql failed
--------------------------------------
SQL State  : 42601
Error Code : 0
Message    : ERRO: erro de sintaxe em ou próximo a "("
  Posição: 145
Location   : db/migration/V1__create_tables.sql (C:\Users\Erick.ferreira\Documents\workspace-jdk17\CitMobi2\target\classes\db\migration\V1__create_tables.sql)
Line       : 89
Statement  : CREATE TABLE T_LIN_ROTA (
  LIN_ITINERARIO_ID BIGINT NOT NULL,
  LIN_PARADA_ID BIGINT NOT NULL,
  LIN_ROTA_SEQUENCIA INT NOT NULL

  PRIMARY KEY(LIN_ITINERARIO_ID, LIN_PARADA_ID, LIN_ROTA_SEQUENCIA)
  FOREIGN KEY(LIN_PARADA_ID) REFERENCES T_LIN_PARADA(LIN_PARADA_ID)
  FOREIGN KEY(LIN_ITINERARIO_ID) REFERENCES T_LIN_ITINERARIO(LIN_ITINERARIO_ID)
)

		at org.springframework.beans.factory.support.AbstractBeanFactory.doGetBean(AbstractBeanFactory.java:326)
		at org.springframework.beans.factory.support.AbstractBeanFactory.getBean(AbstractBeanFactory.java:205)
		at org.springframework.context.support.AbstractApplicationContext.finishBeanFactoryInitialization(AbstractApplicationContext.java:954)
		at org.springframework.context.support.AbstractApplicationContext.refresh(AbstractApplicationContext.java:625)
		at org.springframework.boot.web.servlet.context.ServletWebServerApplicationContext.refresh(ServletWebServerApplicationContext.java:146)
		at org.springframework.boot.SpringApplication.refresh(SpringApplication.java:754)
		at org.springframework.boot.SpringApplication.refreshContext(SpringApplication.java:456)
		at org.springframework.boot.SpringApplication.run(SpringApplication.java:335)
		at org.springframework.boot.web.servlet.support.SpringBootServletInitializer.run(SpringBootServletInitializer.java:174)
		at org.springframework.boot.web.servlet.support.SpringBootServletInitializer.createRootApplicationContext(SpringBootServletInitializer.java:154)
		at org.springframework.boot.web.servlet.support.SpringBootServletInitializer.onStartup(SpringBootServletInitializer.java:96)
		at org.springframework.web.SpringServletContainerInitializer.onStartup(SpringServletContainerInitializer.java:171)
		at org.apache.catalina.core.StandardContext.startInternal(StandardContext.java:4414)
		at org.apache.catalina.util.LifecycleBase.start(LifecycleBase.java:164)
		... 38 more
	Caused by: org.springframework.beans.factory.BeanCreationException: Error creating bean with name 'flywayInitializer' defined in class path resource [org/springframework/boot/autoconfigure/flyway/FlywayAutoConfiguration$FlywayConfiguration.class]: Migration V1__create_tables.sql failed
--------------------------------------
SQL State  : 42601
Error Code : 0
Message    : ERRO: erro de sintaxe em ou próximo a "("
  Posição: 145
Location   : db/migration/V1__create_tables.sql (C:\Users\Erick.ferreira\Documents\workspace-jdk17\CitMobi2\target\classes\db\migration\V1__create_tables.sql)
Line       : 89
Statement  : CREATE TABLE T_LIN_ROTA (
  LIN_ITINERARIO_ID BIGINT NOT NULL,
  LIN_PARADA_ID BIGINT NOT NULL,
  LIN_ROTA_SEQUENCIA INT NOT NULL

  PRIMARY KEY(LIN_ITINERARIO_ID, LIN_PARADA_ID, LIN_ROTA_SEQUENCIA)
  FOREIGN KEY(LIN_PARADA_ID) REFERENCES T_LIN_PARADA(LIN_PARADA_ID)
  FOREIGN KEY(LIN_ITINERARIO_ID) REFERENCES T_LIN_ITINERARIO(LIN_ITINERARIO_ID)
)

		at org.springframework.beans.factory.support.AbstractAutowireCapableBeanFactory.initializeBean(AbstractAutowireCapableBeanFactory.java:1806)
		at org.springframework.beans.factory.support.AbstractAutowireCapableBeanFactory.doCreateBean(AbstractAutowireCapableBeanFactory.java:600)
		at org.springframework.beans.factory.support.AbstractAutowireCapableBeanFactory.createBean(AbstractAutowireCapableBeanFactory.java:522)
		at org.springframework.beans.factory.support.AbstractBeanFactory.lambda$doGetBean$0(AbstractBeanFactory.java:337)
		at org.springframework.beans.factory.support.DefaultSingletonBeanRegistry.getSingleton(DefaultSingletonBeanRegistry.java:234)
		at org.springframework.beans.factory.support.AbstractBeanFactory.doGetBean(AbstractBeanFactory.java:335)
		at org.springframework.beans.factory.support.AbstractBeanFactory.getBean(AbstractBeanFactory.java:200)
		at org.springframework.beans.factory.support.AbstractBeanFactory.doGetBean(AbstractBeanFactory.java:313)
		... 51 more
	Caused by: org.flywaydb.core.internal.command.DbMigrate$FlywayMigrateException: Migration V1__create_tables.sql failed
--------------------------------------
SQL State  : 42601
Error Code : 0
Message    : ERRO: erro de sintaxe em ou próximo a "("
  Posição: 145
Location   : db/migration/V1__create_tables.sql (C:\Users\Erick.ferreira\Documents\workspace-jdk17\CitMobi2\target\classes\db\migration\V1__create_tables.sql)
Line       : 89
Statement  : CREATE TABLE T_LIN_ROTA (
  LIN_ITINERARIO_ID BIGINT NOT NULL,
  LIN_PARADA_ID BIGINT NOT NULL,
  LIN_ROTA_SEQUENCIA INT NOT NULL

  PRIMARY KEY(LIN_ITINERARIO_ID, LIN_PARADA_ID, LIN_ROTA_SEQUENCIA)
  FOREIGN KEY(LIN_PARADA_ID) REFERENCES T_LIN_PARADA(LIN_PARADA_ID)
  FOREIGN KEY(LIN_ITINERARIO_ID) REFERENCES T_LIN_ITINERARIO(LIN_ITINERARIO_ID)
)

		at org.flywaydb.core.internal.command.DbMigrate.doMigrateGroup(DbMigrate.java:382)
		at org.flywaydb.core.internal.command.DbMigrate.lambda$applyMigrations$1(DbMigrate.java:272)
		at org.flywaydb.core.internal.jdbc.TransactionalExecutionTemplate.execute(TransactionalExecutionTemplate.java:55)
		at org.flywaydb.core.internal.command.DbMigrate.applyMigrations(DbMigrate.java:271)
		at org.flywaydb.core.internal.command.DbMigrate.migrateGroup(DbMigrate.java:244)
		at org.flywaydb.core.internal.command.DbMigrate.lambda$migrateAll$0(DbMigrate.java:139)
		at org.flywaydb.database.postgresql.PostgreSQLAdvisoryLockTemplate.execute(PostgreSQLAdvisoryLockTemplate.java:73)
		at org.flywaydb.database.postgresql.PostgreSQLAdvisoryLockTemplate.lambda$execute$0(PostgreSQLAdvisoryLockTemplate.java:56)
		at org.flywaydb.core.internal.jdbc.TransactionalExecutionTemplate.execute(TransactionalExecutionTemplate.java:55)
		at org.flywaydb.database.postgresql.PostgreSQLAdvisoryLockTemplate.execute(PostgreSQLAdvisoryLockTemplate.java:56)
		at org.flywaydb.database.postgresql.PostgreSQLConnection.lock(PostgreSQLConnection.java:96)
		at org.flywaydb.core.internal.schemahistory.JdbcTableSchemaHistory.lock(JdbcTableSchemaHistory.java:145)
		at org.flywaydb.core.internal.command.DbMigrate.migrateAll(DbMigrate.java:139)
		at org.flywaydb.core.internal.command.DbMigrate.migrate(DbMigrate.java:97)
		at org.flywaydb.core.Flyway.lambda$migrate$0(Flyway.java:202)
		at org.flywaydb.core.FlywayExecutor.execute(FlywayExecutor.java:205)
		at org.flywaydb.core.Flyway.migrate(Flyway.java:147)
		at org.springframework.boot.autoconfigure.flyway.FlywayMigrationInitializer.afterPropertiesSet(FlywayMigrationInitializer.java:66)
		at org.springframework.beans.factory.support.AbstractAutowireCapableBeanFactory.invokeInitMethods(AbstractAutowireCapableBeanFactory.java:1853)
		at org.springframework.beans.factory.support.AbstractAutowireCapableBeanFactory.initializeBean(AbstractAutowireCapableBeanFactory.java:1802)
		... 58 more
	Caused by: org.flywaydb.core.internal.sqlscript.FlywaySqlScriptException: Migration V1__create_tables.sql failed
--------------------------------------
SQL State  : 42601
Error Code : 0
Message    : ERRO: erro de sintaxe em ou próximo a "("
  Posição: 145
Location   : db/migration/V1__create_tables.sql (C:\Users\Erick.ferreira\Documents\workspace-jdk17\CitMobi2\target\classes\db\migration\V1__create_tables.sql)
Line       : 89
Statement  : CREATE TABLE T_LIN_ROTA (
  LIN_ITINERARIO_ID BIGINT NOT NULL,
  LIN_PARADA_ID BIGINT NOT NULL,
  LIN_ROTA_SEQUENCIA INT NOT NULL

  PRIMARY KEY(LIN_ITINERARIO_ID, LIN_PARADA_ID, LIN_ROTA_SEQUENCIA)
  FOREIGN KEY(LIN_PARADA_ID) REFERENCES T_LIN_PARADA(LIN_PARADA_ID)
  FOREIGN KEY(LIN_ITINERARIO_ID) REFERENCES T_LIN_ITINERARIO(LIN_ITINERARIO_ID)
)

		at org.flywaydb.core.internal.sqlscript.DefaultSqlScriptExecutor.handleException(DefaultSqlScriptExecutor.java:252)
		at org.flywaydb.core.internal.sqlscript.DefaultSqlScriptExecutor.executeStatement(DefaultSqlScriptExecutor.java:214)
		at org.flywaydb.core.internal.sqlscript.DefaultSqlScriptExecutor.execute(DefaultSqlScriptExecutor.java:133)
		at org.flywaydb.core.internal.resolver.sql.SqlMigrationExecutor.executeOnce(SqlMigrationExecutor.java:65)
		at org.flywaydb.core.internal.resolver.sql.SqlMigrationExecutor.lambda$execute$0(SqlMigrationExecutor.java:57)
		at org.flywaydb.core.internal.database.DefaultExecutionStrategy.execute(DefaultExecutionStrategy.java:27)
		at org.flywaydb.core.internal.resolver.sql.SqlMigrationExecutor.execute(SqlMigrationExecutor.java:56)
		at org.flywaydb.core.internal.command.DbMigrate.doMigrateGroup(DbMigrate.java:374)
		... 77 more
	Caused by: org.postgresql.util.PSQLException: ERRO: erro de sintaxe em ou próximo a "("
  Posição: 145
		at org.postgresql.core.v3.QueryExecutorImpl.receiveErrorResponse(QueryExecutorImpl.java:2733)
		at org.postgresql.core.v3.QueryExecutorImpl.processResults(QueryExecutorImpl.java:2420)
		at org.postgresql.core.v3.QueryExecutorImpl.execute(QueryExecutorImpl.java:372)
		at org.postgresql.jdbc.PgStatement.executeInternal(PgStatement.java:517)
		at org.postgresql.jdbc.PgStatement.execute(PgStatement.java:434)
		at org.postgresql.jdbc.PgStatement.executeWithFlags(PgStatement.java:356)
		at org.postgresql.jdbc.PgStatement.executeCachedSql(PgStatement.java:341)
		at org.postgresql.jdbc.PgStatement.executeWithFlags(PgStatement.java:317)
		at org.postgresql.jdbc.PgStatement.execute(PgStatement.java:312)
		at com.zaxxer.hikari.pool.ProxyStatement.execute(ProxyStatement.java:94)
		at com.zaxxer.hikari.pool.HikariProxyStatement.execute(HikariProxyStatement.java)
		at org.flywaydb.core.internal.jdbc.JdbcTemplate.executeStatement(JdbcTemplate.java:210)
		at org.flywaydb.core.internal.sqlscript.ParsedSqlStatement.execute(ParsedSqlStatement.java:89)
		at org.flywaydb.core.internal.sqlscript.DefaultSqlScriptExecutor.executeStatement(DefaultSqlScriptExecutor.java:206)
		... 83 more
28-Jan-2025 09:10:28.884 INFO [main] org.apache.catalina.startup.HostConfig.deployDescriptor Deployment of deployment descriptor [C:\Users\Erick.ferreira\Documents\workspace-jdk17\CitMobi2\src\conf\Catalina\localhost\citMobi2.xml] has finished in [17.728] ms
28-Jan-2025 09:10:28.889 INFO [main] org.apache.coyote.AbstractProtocol.start Starting ProtocolHandler ["http-nio-8085"]
28-Jan-2025 09:10:28.919 INFO [main] org.apache.catalina.startup.Catalina.start Server startup in [17834] milliseconds
28-Jan-2025 09:11:45.623 INFO [Thread-3] org.apache.coyote.AbstractProtocol.pause Pausing ProtocolHandler ["http-nio-8085"]
28-Jan-2025 09:11:45.794 INFO [Thread-3] org.apache.catalina.core.StandardService.stopInternal Stopping service [Catalina]
28-Jan-2025 09:11:45.795 INFO [Thread-3] org.apache.coyote.AbstractProtocol.stop Stopping ProtocolHandler ["http-nio-8085"]
28-Jan-2025 09:11:45.799 INFO [Thread-3] org.apache.coyote.AbstractProtocol.destroy Destroying ProtocolHandler ["http-nio-8085"]
28-Jan-2025 09:11:45.801 WARNING [Thread-3] org.apache.catalina.loader.WebappClassLoaderBase.clearReferencesJdbc The web application [citMobi2] registered the JDBC driver [org.postgresql.Driver] but failed to unregister it when the web application was stopped. To prevent a memory leak, the JDBC Driver has been forcibly unregistered.
28-Jan-2025 09:11:47.788 INFO [main] org.apache.catalina.startup.VersionLoggerListener.log Server version name:   Apache Tomcat/10.1.26
28-Jan-2025 09:11:47.792 INFO [main] org.apache.catalina.startup.VersionLoggerListener.log Server built:          Jul 7 2024 21:02:13 UTC
28-Jan-2025 09:11:47.793 INFO [main] org.apache.catalina.startup.VersionLoggerListener.log Server version number: 10.1.26.0
28-Jan-2025 09:11:47.793 INFO [main] org.apache.catalina.startup.VersionLoggerListener.log OS Name:               Windows 11
28-Jan-2025 09:11:47.793 INFO [main] org.apache.catalina.startup.VersionLoggerListener.log OS Version:            10.0
28-Jan-2025 09:11:47.793 INFO [main] org.apache.catalina.startup.VersionLoggerListener.log Architecture:          amd64
28-Jan-2025 09:11:47.793 INFO [main] org.apache.catalina.startup.VersionLoggerListener.log Java Home:             C:\Program Files\Java\jdk-17
28-Jan-2025 09:11:47.793 INFO [main] org.apache.catalina.startup.VersionLoggerListener.log JVM Version:           17.0.11+7-LTS-207
28-Jan-2025 09:11:47.794 INFO [main] org.apache.catalina.startup.VersionLoggerListener.log JVM Vendor:            Oracle Corporation
28-Jan-2025 09:11:47.794 INFO [main] org.apache.catalina.startup.VersionLoggerListener.log CATALINA_BASE:         C:\Users\Erick.ferreira\Documents\workspace-jdk17\CitMobi2\src
28-Jan-2025 09:11:47.794 INFO [main] org.apache.catalina.startup.VersionLoggerListener.log CATALINA_HOME:         C:\Program Files\Apache Software Foundation\Tomcat 10.1
28-Jan-2025 09:11:47.810 INFO [main] org.apache.catalina.startup.VersionLoggerListener.log Command line argument: --add-opens=java.base/java.lang=ALL-UNNAMED
28-Jan-2025 09:11:47.810 INFO [main] org.apache.catalina.startup.VersionLoggerListener.log Command line argument: --add-opens=java.base/java.io=ALL-UNNAMED
28-Jan-2025 09:11:47.811 INFO [main] org.apache.catalina.startup.VersionLoggerListener.log Command line argument: --add-opens=java.base/java.util=ALL-UNNAMED
28-Jan-2025 09:11:47.811 INFO [main] org.apache.catalina.startup.VersionLoggerListener.log Command line argument: --add-opens=java.base/java.util.concurrent=ALL-UNNAMED
28-Jan-2025 09:11:47.811 INFO [main] org.apache.catalina.startup.VersionLoggerListener.log Command line argument: --add-opens=java.rmi/sun.rmi.transport=ALL-UNNAMED
28-Jan-2025 09:11:47.811 INFO [main] org.apache.catalina.startup.VersionLoggerListener.log Command line argument: -Dcatalina.home=C:\Program Files\Apache Software Foundation\Tomcat 10.1
28-Jan-2025 09:11:47.811 INFO [main] org.apache.catalina.startup.VersionLoggerListener.log Command line argument: -Dcatalina.base=C:\Users\Erick.ferreira\Documents\workspace-jdk17\CitMobi2\src
28-Jan-2025 09:11:47.811 INFO [main] org.apache.catalina.startup.VersionLoggerListener.log Command line argument: -Djava.io.tmpdir=C:\Users\Erick.ferreira\Documents\workspace-jdk17\CitMobi2\src\temp
28-Jan-2025 09:11:47.811 INFO [main] org.apache.catalina.startup.VersionLoggerListener.log Command line argument: -Djava.util.logging.config.file=C:\Users\Erick.ferreira\Documents\workspace-jdk17\CitMobi2\src\conf\logging.properties
28-Jan-2025 09:11:47.811 INFO [main] org.apache.catalina.startup.VersionLoggerListener.log Command line argument: -Djava.util.logging.manager=org.apache.juli.ClassLoaderLogManager
28-Jan-2025 09:11:47.811 INFO [main] org.apache.catalina.startup.VersionLoggerListener.log Command line argument: -javaagent:C:\Program Files\JetBrains\IntelliJ IDEA Community Edition 2024.1.4\lib\idea_rt.jar=56408:C:\Program Files\JetBrains\IntelliJ IDEA Community Edition 2024.1.4\bin
28-Jan-2025 09:11:47.811 INFO [main] org.apache.catalina.startup.VersionLoggerListener.log Command line argument: -Dfile.encoding=UTF-8
28-Jan-2025 09:11:47.820 INFO [main] org.apache.catalina.core.AprLifecycleListener.lifecycleEvent The Apache Tomcat Native library which allows using OpenSSL was not found on the java.library.path: [C:\Program Files\Java\jdk-17\bin;C:\Windows\Sun\Java\bin;C:\Windows\system32;C:\Windows;C:\Program Files\Common Files\Oracle\Java\javapath;C:\Python312\Scripts\;C:\Python312\;C:\Program Files (x86)\Common Files\Oracle\Java\javapath;C:\app\TDV.Admin\product\11.2.0\client_1\bin;C:\Windows\system32;C:\Windows;C:\Windows\System32\Wbem;C:\Windows\System32\WindowsPowerShell\v1.0\;C:\Windows\System32\OpenSSH\;C:\Program Files\Git\cmd;C:\Java_Essentials\apache-maven-3.6.3\bin;C:\Program Files\nodejs\;C:\ProgramData\chocolatey\bin;C:\Program Files\dotnet\;C:\Program Files\MySQL\MySQL Shell 8.0\bin\;C:\Users\Erick.ferreira\.console-ninja\.bin;C:\Users\Erick.ferreira\AppData\Local\Microsoft\WindowsApps;C:\Users\Erick.ferreira\AppData\Local\Programs\Microsoft VS Code\bin;C:\Program Files\Java\jdk1.8.0_291\bin;C:\Users\Erick.ferreira\AppData\Roaming\npm;C:\Program Files\JetBrains\IntelliJ IDEA Community Edition 2024.1.4\bin;;C:\Users\Erick.ferreira\.dotnet\tools;.]
28-Jan-2025 09:11:48.082 INFO [main] org.apache.coyote.AbstractProtocol.init Initializing ProtocolHandler ["http-nio-8085"]
28-Jan-2025 09:11:48.109 INFO [main] org.apache.catalina.startup.Catalina.load Server initialization in [531] milliseconds
28-Jan-2025 09:11:48.173 INFO [main] org.apache.catalina.core.StandardService.startInternal Starting service [Catalina]
28-Jan-2025 09:11:48.173 INFO [main] org.apache.catalina.core.StandardEngine.startInternal Starting Servlet engine: [Apache Tomcat/10.1.26]
28-Jan-2025 09:11:48.199 INFO [main] org.apache.catalina.startup.HostConfig.deployDescriptor Deploying deployment descriptor [C:\Users\Erick.ferreira\Documents\workspace-jdk17\CitMobi2\src\conf\Catalina\localhost\citMobi2.xml]
28-Jan-2025 09:11:54.714 INFO [main] org.apache.jasper.servlet.TldScanner.scanJars At least one JAR was scanned for TLDs yet contained no TLDs. Enable debug logging for this logger for a complete list of JARs that were scanned but no TLDs were found in them. Skipping unneeded JARs during scanning can improve startup time and JSP compilation time.
28-Jan-2025 09:12:04.490 SEVERE [main] org.apache.catalina.startup.HostConfig.deployDescriptor Error deploying deployment descriptor [C:\Users\Erick.ferreira\Documents\workspace-jdk17\CitMobi2\src\conf\Catalina\localhost\citMobi2.xml]
	java.lang.IllegalStateException: Error starting child
		at org.apache.catalina.core.ContainerBase.addChildInternal(ContainerBase.java:602)
		at org.apache.catalina.core.ContainerBase.addChild(ContainerBase.java:571)
		at org.apache.catalina.core.StandardHost.addChild(StandardHost.java:654)
		at org.apache.catalina.startup.HostConfig.deployDescriptor(HostConfig.java:635)
		at org.apache.catalina.startup.HostConfig$DeployDescriptor.run(HostConfig.java:1889)
		at java.base/java.util.concurrent.Executors$RunnableAdapter.call(Executors.java:539)
		at java.base/java.util.concurrent.FutureTask.run(FutureTask.java:264)
		at org.apache.tomcat.util.threads.InlineExecutorService.execute(InlineExecutorService.java:75)
		at java.base/java.util.concurrent.AbstractExecutorService.submit(AbstractExecutorService.java:123)
		at org.apache.catalina.startup.HostConfig.deployDescriptors(HostConfig.java:530)
		at org.apache.catalina.startup.HostConfig.deployApps(HostConfig.java:421)
		at org.apache.catalina.startup.HostConfig.start(HostConfig.java:1629)
		at org.apache.catalina.startup.HostConfig.lifecycleEvent(HostConfig.java:303)
		at org.apache.catalina.util.LifecycleBase.fireLifecycleEvent(LifecycleBase.java:109)
		at org.apache.catalina.util.LifecycleBase.setStateInternal(LifecycleBase.java:385)
		at org.apache.catalina.util.LifecycleBase.setState(LifecycleBase.java:332)
		at org.apache.catalina.core.ContainerBase.startInternal(ContainerBase.java:776)
		at org.apache.catalina.core.StandardHost.startInternal(StandardHost.java:772)
		at org.apache.catalina.util.LifecycleBase.start(LifecycleBase.java:164)
		at org.apache.catalina.core.ContainerBase$StartChild.call(ContainerBase.java:1203)
		at org.apache.catalina.core.ContainerBase$StartChild.call(ContainerBase.java:1193)
		at java.base/java.util.concurrent.FutureTask.run(FutureTask.java:264)
		at org.apache.tomcat.util.threads.InlineExecutorService.execute(InlineExecutorService.java:75)
		at java.base/java.util.concurrent.AbstractExecutorService.submit(AbstractExecutorService.java:145)
		at org.apache.catalina.core.ContainerBase.startInternal(ContainerBase.java:749)
		at org.apache.catalina.core.StandardEngine.startInternal(StandardEngine.java:203)
		at org.apache.catalina.util.LifecycleBase.start(LifecycleBase.java:164)
		at org.apache.catalina.core.StandardService.startInternal(StandardService.java:415)
		at org.apache.catalina.util.LifecycleBase.start(LifecycleBase.java:164)
		at org.apache.catalina.core.StandardServer.startInternal(StandardServer.java:874)
		at org.apache.catalina.util.LifecycleBase.start(LifecycleBase.java:164)
		at org.apache.catalina.startup.Catalina.start(Catalina.java:757)
		at java.base/jdk.internal.reflect.NativeMethodAccessorImpl.invoke0(Native Method)
		at java.base/jdk.internal.reflect.NativeMethodAccessorImpl.invoke(NativeMethodAccessorImpl.java:77)
		at java.base/jdk.internal.reflect.DelegatingMethodAccessorImpl.invoke(DelegatingMethodAccessorImpl.java:43)
		at java.base/java.lang.reflect.Method.invoke(Method.java:568)
		at org.apache.catalina.startup.Bootstrap.start(Bootstrap.java:345)
		at org.apache.catalina.startup.Bootstrap.main(Bootstrap.java:473)
	Caused by: org.apache.catalina.LifecycleException: Failed to start component [StandardEngine[Catalina].StandardHost[localhost].StandardContext[/citMobi2]]
		at org.apache.catalina.util.LifecycleBase.handleSubClassException(LifecycleBase.java:402)
		at org.apache.catalina.util.LifecycleBase.start(LifecycleBase.java:179)
		at org.apache.catalina.core.ContainerBase.addChildInternal(ContainerBase.java:599)
		... 37 more
	Caused by: org.springframework.beans.factory.BeanCreationException: Error creating bean with name 'entityManagerFactory' defined in class path resource [org/springframework/boot/autoconfigure/orm/jpa/HibernateJpaConfiguration.class]: Failed to initialize dependency 'flywayInitializer' of LoadTimeWeaverAware bean 'entityManagerFactory': Error creating bean with name 'flywayInitializer' defined in class path resource [org/springframework/boot/autoconfigure/flyway/FlywayAutoConfiguration$FlywayConfiguration.class]: Migration V1__create_tables.sql failed
--------------------------------------
SQL State  : 42830
Error Code : 0
Message    : ERRO: não há restrição de unicidade que corresponde com as colunas informadas na tabela referenciada "t_lin_parada"
Location   : db/migration/V1__create_tables.sql (C:\Users\Erick.ferreira\Documents\workspace-jdk17\CitMobi2\target\classes\db\migration\V1__create_tables.sql)
Line       : 89
Statement  : CREATE TABLE T_LIN_ROTA (
  LIN_ITINERARIO_ID BIGINT NOT NULL,
  LIN_PARADA_ID BIGINT NOT NULL,
  LIN_ROTA_SEQUENCIA INT NOT NULL,

  PRIMARY KEY(LIN_ITINERARIO_ID, LIN_PARADA_ID, LIN_ROTA_SEQUENCIA),
  FOREIGN KEY(LIN_PARADA_ID) REFERENCES T_LIN_PARADA(LIN_PARADA_ID),
  FOREIGN KEY(LIN_ITINERARIO_ID) REFERENCES T_LIN_ITINERARIO(LIN_ITINERARIO_ID)
)

		at org.springframework.beans.factory.support.AbstractBeanFactory.doGetBean(AbstractBeanFactory.java:326)
		at org.springframework.beans.factory.support.AbstractBeanFactory.getBean(AbstractBeanFactory.java:205)
		at org.springframework.context.support.AbstractApplicationContext.finishBeanFactoryInitialization(AbstractApplicationContext.java:954)
		at org.springframework.context.support.AbstractApplicationContext.refresh(AbstractApplicationContext.java:625)
		at org.springframework.boot.web.servlet.context.ServletWebServerApplicationContext.refresh(ServletWebServerApplicationContext.java:146)
		at org.springframework.boot.SpringApplication.refresh(SpringApplication.java:754)
		at org.springframework.boot.SpringApplication.refreshContext(SpringApplication.java:456)
		at org.springframework.boot.SpringApplication.run(SpringApplication.java:335)
		at org.springframework.boot.web.servlet.support.SpringBootServletInitializer.run(SpringBootServletInitializer.java:174)
		at org.springframework.boot.web.servlet.support.SpringBootServletInitializer.createRootApplicationContext(SpringBootServletInitializer.java:154)
		at org.springframework.boot.web.servlet.support.SpringBootServletInitializer.onStartup(SpringBootServletInitializer.java:96)
		at org.springframework.web.SpringServletContainerInitializer.onStartup(SpringServletContainerInitializer.java:171)
		at org.apache.catalina.core.StandardContext.startInternal(StandardContext.java:4414)
		at org.apache.catalina.util.LifecycleBase.start(LifecycleBase.java:164)
		... 38 more
	Caused by: org.springframework.beans.factory.BeanCreationException: Error creating bean with name 'flywayInitializer' defined in class path resource [org/springframework/boot/autoconfigure/flyway/FlywayAutoConfiguration$FlywayConfiguration.class]: Migration V1__create_tables.sql failed
--------------------------------------
SQL State  : 42830
Error Code : 0
Message    : ERRO: não há restrição de unicidade que corresponde com as colunas informadas na tabela referenciada "t_lin_parada"
Location   : db/migration/V1__create_tables.sql (C:\Users\Erick.ferreira\Documents\workspace-jdk17\CitMobi2\target\classes\db\migration\V1__create_tables.sql)
Line       : 89
Statement  : CREATE TABLE T_LIN_ROTA (
  LIN_ITINERARIO_ID BIGINT NOT NULL,
  LIN_PARADA_ID BIGINT NOT NULL,
  LIN_ROTA_SEQUENCIA INT NOT NULL,

  PRIMARY KEY(LIN_ITINERARIO_ID, LIN_PARADA_ID, LIN_ROTA_SEQUENCIA),
  FOREIGN KEY(LIN_PARADA_ID) REFERENCES T_LIN_PARADA(LIN_PARADA_ID),
  FOREIGN KEY(LIN_ITINERARIO_ID) REFERENCES T_LIN_ITINERARIO(LIN_ITINERARIO_ID)
)

		at org.springframework.beans.factory.support.AbstractAutowireCapableBeanFactory.initializeBean(AbstractAutowireCapableBeanFactory.java:1806)
		at org.springframework.beans.factory.support.AbstractAutowireCapableBeanFactory.doCreateBean(AbstractAutowireCapableBeanFactory.java:600)
		at org.springframework.beans.factory.support.AbstractAutowireCapableBeanFactory.createBean(AbstractAutowireCapableBeanFactory.java:522)
		at org.springframework.beans.factory.support.AbstractBeanFactory.lambda$doGetBean$0(AbstractBeanFactory.java:337)
		at org.springframework.beans.factory.support.DefaultSingletonBeanRegistry.getSingleton(DefaultSingletonBeanRegistry.java:234)
		at org.springframework.beans.factory.support.AbstractBeanFactory.doGetBean(AbstractBeanFactory.java:335)
		at org.springframework.beans.factory.support.AbstractBeanFactory.getBean(AbstractBeanFactory.java:200)
		at org.springframework.beans.factory.support.AbstractBeanFactory.doGetBean(AbstractBeanFactory.java:313)
		... 51 more
	Caused by: org.flywaydb.core.internal.command.DbMigrate$FlywayMigrateException: Migration V1__create_tables.sql failed
--------------------------------------
SQL State  : 42830
Error Code : 0
Message    : ERRO: não há restrição de unicidade que corresponde com as colunas informadas na tabela referenciada "t_lin_parada"
Location   : db/migration/V1__create_tables.sql (C:\Users\Erick.ferreira\Documents\workspace-jdk17\CitMobi2\target\classes\db\migration\V1__create_tables.sql)
Line       : 89
Statement  : CREATE TABLE T_LIN_ROTA (
  LIN_ITINERARIO_ID BIGINT NOT NULL,
  LIN_PARADA_ID BIGINT NOT NULL,
  LIN_ROTA_SEQUENCIA INT NOT NULL,

  PRIMARY KEY(LIN_ITINERARIO_ID, LIN_PARADA_ID, LIN_ROTA_SEQUENCIA),
  FOREIGN KEY(LIN_PARADA_ID) REFERENCES T_LIN_PARADA(LIN_PARADA_ID),
  FOREIGN KEY(LIN_ITINERARIO_ID) REFERENCES T_LIN_ITINERARIO(LIN_ITINERARIO_ID)
)

		at org.flywaydb.core.internal.command.DbMigrate.doMigrateGroup(DbMigrate.java:382)
		at org.flywaydb.core.internal.command.DbMigrate.lambda$applyMigrations$1(DbMigrate.java:272)
		at org.flywaydb.core.internal.jdbc.TransactionalExecutionTemplate.execute(TransactionalExecutionTemplate.java:55)
		at org.flywaydb.core.internal.command.DbMigrate.applyMigrations(DbMigrate.java:271)
		at org.flywaydb.core.internal.command.DbMigrate.migrateGroup(DbMigrate.java:244)
		at org.flywaydb.core.internal.command.DbMigrate.lambda$migrateAll$0(DbMigrate.java:139)
		at org.flywaydb.database.postgresql.PostgreSQLAdvisoryLockTemplate.execute(PostgreSQLAdvisoryLockTemplate.java:73)
		at org.flywaydb.database.postgresql.PostgreSQLAdvisoryLockTemplate.lambda$execute$0(PostgreSQLAdvisoryLockTemplate.java:56)
		at org.flywaydb.core.internal.jdbc.TransactionalExecutionTemplate.execute(TransactionalExecutionTemplate.java:55)
		at org.flywaydb.database.postgresql.PostgreSQLAdvisoryLockTemplate.execute(PostgreSQLAdvisoryLockTemplate.java:56)
		at org.flywaydb.database.postgresql.PostgreSQLConnection.lock(PostgreSQLConnection.java:96)
		at org.flywaydb.core.internal.schemahistory.JdbcTableSchemaHistory.lock(JdbcTableSchemaHistory.java:145)
		at org.flywaydb.core.internal.command.DbMigrate.migrateAll(DbMigrate.java:139)
		at org.flywaydb.core.internal.command.DbMigrate.migrate(DbMigrate.java:97)
		at org.flywaydb.core.Flyway.lambda$migrate$0(Flyway.java:202)
		at org.flywaydb.core.FlywayExecutor.execute(FlywayExecutor.java:205)
		at org.flywaydb.core.Flyway.migrate(Flyway.java:147)
		at org.springframework.boot.autoconfigure.flyway.FlywayMigrationInitializer.afterPropertiesSet(FlywayMigrationInitializer.java:66)
		at org.springframework.beans.factory.support.AbstractAutowireCapableBeanFactory.invokeInitMethods(AbstractAutowireCapableBeanFactory.java:1853)
		at org.springframework.beans.factory.support.AbstractAutowireCapableBeanFactory.initializeBean(AbstractAutowireCapableBeanFactory.java:1802)
		... 58 more
	Caused by: org.flywaydb.core.internal.sqlscript.FlywaySqlScriptException: Migration V1__create_tables.sql failed
--------------------------------------
SQL State  : 42830
Error Code : 0
Message    : ERRO: não há restrição de unicidade que corresponde com as colunas informadas na tabela referenciada "t_lin_parada"
Location   : db/migration/V1__create_tables.sql (C:\Users\Erick.ferreira\Documents\workspace-jdk17\CitMobi2\target\classes\db\migration\V1__create_tables.sql)
Line       : 89
Statement  : CREATE TABLE T_LIN_ROTA (
  LIN_ITINERARIO_ID BIGINT NOT NULL,
  LIN_PARADA_ID BIGINT NOT NULL,
  LIN_ROTA_SEQUENCIA INT NOT NULL,

  PRIMARY KEY(LIN_ITINERARIO_ID, LIN_PARADA_ID, LIN_ROTA_SEQUENCIA),
  FOREIGN KEY(LIN_PARADA_ID) REFERENCES T_LIN_PARADA(LIN_PARADA_ID),
  FOREIGN KEY(LIN_ITINERARIO_ID) REFERENCES T_LIN_ITINERARIO(LIN_ITINERARIO_ID)
)

		at org.flywaydb.core.internal.sqlscript.DefaultSqlScriptExecutor.handleException(DefaultSqlScriptExecutor.java:252)
		at org.flywaydb.core.internal.sqlscript.DefaultSqlScriptExecutor.executeStatement(DefaultSqlScriptExecutor.java:214)
		at org.flywaydb.core.internal.sqlscript.DefaultSqlScriptExecutor.execute(DefaultSqlScriptExecutor.java:133)
		at org.flywaydb.core.internal.resolver.sql.SqlMigrationExecutor.executeOnce(SqlMigrationExecutor.java:65)
		at org.flywaydb.core.internal.resolver.sql.SqlMigrationExecutor.lambda$execute$0(SqlMigrationExecutor.java:57)
		at org.flywaydb.core.internal.database.DefaultExecutionStrategy.execute(DefaultExecutionStrategy.java:27)
		at org.flywaydb.core.internal.resolver.sql.SqlMigrationExecutor.execute(SqlMigrationExecutor.java:56)
		at org.flywaydb.core.internal.command.DbMigrate.doMigrateGroup(DbMigrate.java:374)
		... 77 more
	Caused by: org.postgresql.util.PSQLException: ERRO: não há restrição de unicidade que corresponde com as colunas informadas na tabela referenciada "t_lin_parada"
		at org.postgresql.core.v3.QueryExecutorImpl.receiveErrorResponse(QueryExecutorImpl.java:2733)
		at org.postgresql.core.v3.QueryExecutorImpl.processResults(QueryExecutorImpl.java:2420)
		at org.postgresql.core.v3.QueryExecutorImpl.execute(QueryExecutorImpl.java:372)
		at org.postgresql.jdbc.PgStatement.executeInternal(PgStatement.java:517)
		at org.postgresql.jdbc.PgStatement.execute(PgStatement.java:434)
		at org.postgresql.jdbc.PgStatement.executeWithFlags(PgStatement.java:356)
		at org.postgresql.jdbc.PgStatement.executeCachedSql(PgStatement.java:341)
		at org.postgresql.jdbc.PgStatement.executeWithFlags(PgStatement.java:317)
		at org.postgresql.jdbc.PgStatement.execute(PgStatement.java:312)
		at com.zaxxer.hikari.pool.ProxyStatement.execute(ProxyStatement.java:94)
		at com.zaxxer.hikari.pool.HikariProxyStatement.execute(HikariProxyStatement.java)
		at org.flywaydb.core.internal.jdbc.JdbcTemplate.executeStatement(JdbcTemplate.java:210)
		at org.flywaydb.core.internal.sqlscript.ParsedSqlStatement.execute(ParsedSqlStatement.java:89)
		at org.flywaydb.core.internal.sqlscript.DefaultSqlScriptExecutor.executeStatement(DefaultSqlScriptExecutor.java:206)
		... 83 more
28-Jan-2025 09:12:04.495 INFO [main] org.apache.catalina.startup.HostConfig.deployDescriptor Deployment of deployment descriptor [C:\Users\Erick.ferreira\Documents\workspace-jdk17\CitMobi2\src\conf\Catalina\localhost\citMobi2.xml] has finished in [16.296] ms
28-Jan-2025 09:12:04.499 INFO [main] org.apache.coyote.AbstractProtocol.start Starting ProtocolHandler ["http-nio-8085"]
28-Jan-2025 09:12:04.526 INFO [main] org.apache.catalina.startup.Catalina.start Server startup in [16417] milliseconds
28-Jan-2025 09:13:12.554 INFO [Thread-3] org.apache.coyote.AbstractProtocol.pause Pausing ProtocolHandler ["http-nio-8085"]
28-Jan-2025 09:13:12.743 INFO [Thread-3] org.apache.catalina.core.StandardService.stopInternal Stopping service [Catalina]
28-Jan-2025 09:13:12.744 INFO [Thread-3] org.apache.coyote.AbstractProtocol.stop Stopping ProtocolHandler ["http-nio-8085"]
28-Jan-2025 09:13:12.748 INFO [Thread-3] org.apache.coyote.AbstractProtocol.destroy Destroying ProtocolHandler ["http-nio-8085"]
28-Jan-2025 09:13:12.752 WARNING [Thread-3] org.apache.catalina.loader.WebappClassLoaderBase.clearReferencesJdbc The web application [citMobi2] registered the JDBC driver [org.postgresql.Driver] but failed to unregister it when the web application was stopped. To prevent a memory leak, the JDBC Driver has been forcibly unregistered.
28-Jan-2025 09:13:14.600 INFO [main] org.apache.catalina.startup.VersionLoggerListener.log Server version name:   Apache Tomcat/10.1.26
28-Jan-2025 09:13:14.606 INFO [main] org.apache.catalina.startup.VersionLoggerListener.log Server built:          Jul 7 2024 21:02:13 UTC
28-Jan-2025 09:13:14.606 INFO [main] org.apache.catalina.startup.VersionLoggerListener.log Server version number: 10.1.26.0
28-Jan-2025 09:13:14.606 INFO [main] org.apache.catalina.startup.VersionLoggerListener.log OS Name:               Windows 11
28-Jan-2025 09:13:14.606 INFO [main] org.apache.catalina.startup.VersionLoggerListener.log OS Version:            10.0
28-Jan-2025 09:13:14.606 INFO [main] org.apache.catalina.startup.VersionLoggerListener.log Architecture:          amd64
28-Jan-2025 09:13:14.606 INFO [main] org.apache.catalina.startup.VersionLoggerListener.log Java Home:             C:\Program Files\Java\jdk-17
28-Jan-2025 09:13:14.606 INFO [main] org.apache.catalina.startup.VersionLoggerListener.log JVM Version:           17.0.11+7-LTS-207
28-Jan-2025 09:13:14.607 INFO [main] org.apache.catalina.startup.VersionLoggerListener.log JVM Vendor:            Oracle Corporation
28-Jan-2025 09:13:14.607 INFO [main] org.apache.catalina.startup.VersionLoggerListener.log CATALINA_BASE:         C:\Users\Erick.ferreira\Documents\workspace-jdk17\CitMobi2\src
28-Jan-2025 09:13:14.607 INFO [main] org.apache.catalina.startup.VersionLoggerListener.log CATALINA_HOME:         C:\Program Files\Apache Software Foundation\Tomcat 10.1
28-Jan-2025 09:13:14.623 INFO [main] org.apache.catalina.startup.VersionLoggerListener.log Command line argument: --add-opens=java.base/java.lang=ALL-UNNAMED
28-Jan-2025 09:13:14.623 INFO [main] org.apache.catalina.startup.VersionLoggerListener.log Command line argument: --add-opens=java.base/java.io=ALL-UNNAMED
28-Jan-2025 09:13:14.623 INFO [main] org.apache.catalina.startup.VersionLoggerListener.log Command line argument: --add-opens=java.base/java.util=ALL-UNNAMED
28-Jan-2025 09:13:14.623 INFO [main] org.apache.catalina.startup.VersionLoggerListener.log Command line argument: --add-opens=java.base/java.util.concurrent=ALL-UNNAMED
28-Jan-2025 09:13:14.624 INFO [main] org.apache.catalina.startup.VersionLoggerListener.log Command line argument: --add-opens=java.rmi/sun.rmi.transport=ALL-UNNAMED
28-Jan-2025 09:13:14.624 INFO [main] org.apache.catalina.startup.VersionLoggerListener.log Command line argument: -Dcatalina.home=C:\Program Files\Apache Software Foundation\Tomcat 10.1
28-Jan-2025 09:13:14.624 INFO [main] org.apache.catalina.startup.VersionLoggerListener.log Command line argument: -Dcatalina.base=C:\Users\Erick.ferreira\Documents\workspace-jdk17\CitMobi2\src
28-Jan-2025 09:13:14.624 INFO [main] org.apache.catalina.startup.VersionLoggerListener.log Command line argument: -Djava.io.tmpdir=C:\Users\Erick.ferreira\Documents\workspace-jdk17\CitMobi2\src\temp
28-Jan-2025 09:13:14.624 INFO [main] org.apache.catalina.startup.VersionLoggerListener.log Command line argument: -Djava.util.logging.config.file=C:\Users\Erick.ferreira\Documents\workspace-jdk17\CitMobi2\src\conf\logging.properties
28-Jan-2025 09:13:14.624 INFO [main] org.apache.catalina.startup.VersionLoggerListener.log Command line argument: -Djava.util.logging.manager=org.apache.juli.ClassLoaderLogManager
28-Jan-2025 09:13:14.624 INFO [main] org.apache.catalina.startup.VersionLoggerListener.log Command line argument: -javaagent:C:\Program Files\JetBrains\IntelliJ IDEA Community Edition 2024.1.4\lib\idea_rt.jar=56432:C:\Program Files\JetBrains\IntelliJ IDEA Community Edition 2024.1.4\bin
28-Jan-2025 09:13:14.624 INFO [main] org.apache.catalina.startup.VersionLoggerListener.log Command line argument: -Dfile.encoding=UTF-8
28-Jan-2025 09:13:14.631 INFO [main] org.apache.catalina.core.AprLifecycleListener.lifecycleEvent The Apache Tomcat Native library which allows using OpenSSL was not found on the java.library.path: [C:\Program Files\Java\jdk-17\bin;C:\Windows\Sun\Java\bin;C:\Windows\system32;C:\Windows;C:\Program Files\Common Files\Oracle\Java\javapath;C:\Python312\Scripts\;C:\Python312\;C:\Program Files (x86)\Common Files\Oracle\Java\javapath;C:\app\TDV.Admin\product\11.2.0\client_1\bin;C:\Windows\system32;C:\Windows;C:\Windows\System32\Wbem;C:\Windows\System32\WindowsPowerShell\v1.0\;C:\Windows\System32\OpenSSH\;C:\Program Files\Git\cmd;C:\Java_Essentials\apache-maven-3.6.3\bin;C:\Program Files\nodejs\;C:\ProgramData\chocolatey\bin;C:\Program Files\dotnet\;C:\Program Files\MySQL\MySQL Shell 8.0\bin\;C:\Users\Erick.ferreira\.console-ninja\.bin;C:\Users\Erick.ferreira\AppData\Local\Microsoft\WindowsApps;C:\Users\Erick.ferreira\AppData\Local\Programs\Microsoft VS Code\bin;C:\Program Files\Java\jdk1.8.0_291\bin;C:\Users\Erick.ferreira\AppData\Roaming\npm;C:\Program Files\JetBrains\IntelliJ IDEA Community Edition 2024.1.4\bin;;C:\Users\Erick.ferreira\.dotnet\tools;.]
28-Jan-2025 09:13:14.890 INFO [main] org.apache.coyote.AbstractProtocol.init Initializing ProtocolHandler ["http-nio-8085"]
28-Jan-2025 09:13:14.919 INFO [main] org.apache.catalina.startup.Catalina.load Server initialization in [543] milliseconds
28-Jan-2025 09:13:14.975 INFO [main] org.apache.catalina.core.StandardService.startInternal Starting service [Catalina]
28-Jan-2025 09:13:14.975 INFO [main] org.apache.catalina.core.StandardEngine.startInternal Starting Servlet engine: [Apache Tomcat/10.1.26]
28-Jan-2025 09:13:14.988 INFO [main] org.apache.catalina.startup.HostConfig.deployDescriptor Deploying deployment descriptor [C:\Users\Erick.ferreira\Documents\workspace-jdk17\CitMobi2\src\conf\Catalina\localhost\citMobi2.xml]
28-Jan-2025 09:13:21.506 INFO [main] org.apache.jasper.servlet.TldScanner.scanJars At least one JAR was scanned for TLDs yet contained no TLDs. Enable debug logging for this logger for a complete list of JARs that were scanned but no TLDs were found in them. Skipping unneeded JARs during scanning can improve startup time and JSP compilation time.
28-Jan-2025 09:13:31.095 SEVERE [main] org.apache.catalina.startup.HostConfig.deployDescriptor Error deploying deployment descriptor [C:\Users\Erick.ferreira\Documents\workspace-jdk17\CitMobi2\src\conf\Catalina\localhost\citMobi2.xml]
	java.lang.IllegalStateException: Error starting child
		at org.apache.catalina.core.ContainerBase.addChildInternal(ContainerBase.java:602)
		at org.apache.catalina.core.ContainerBase.addChild(ContainerBase.java:571)
		at org.apache.catalina.core.StandardHost.addChild(StandardHost.java:654)
		at org.apache.catalina.startup.HostConfig.deployDescriptor(HostConfig.java:635)
		at org.apache.catalina.startup.HostConfig$DeployDescriptor.run(HostConfig.java:1889)
		at java.base/java.util.concurrent.Executors$RunnableAdapter.call(Executors.java:539)
		at java.base/java.util.concurrent.FutureTask.run(FutureTask.java:264)
		at org.apache.tomcat.util.threads.InlineExecutorService.execute(InlineExecutorService.java:75)
		at java.base/java.util.concurrent.AbstractExecutorService.submit(AbstractExecutorService.java:123)
		at org.apache.catalina.startup.HostConfig.deployDescriptors(HostConfig.java:530)
		at org.apache.catalina.startup.HostConfig.deployApps(HostConfig.java:421)
		at org.apache.catalina.startup.HostConfig.start(HostConfig.java:1629)
		at org.apache.catalina.startup.HostConfig.lifecycleEvent(HostConfig.java:303)
		at org.apache.catalina.util.LifecycleBase.fireLifecycleEvent(LifecycleBase.java:109)
		at org.apache.catalina.util.LifecycleBase.setStateInternal(LifecycleBase.java:385)
		at org.apache.catalina.util.LifecycleBase.setState(LifecycleBase.java:332)
		at org.apache.catalina.core.ContainerBase.startInternal(ContainerBase.java:776)
		at org.apache.catalina.core.StandardHost.startInternal(StandardHost.java:772)
		at org.apache.catalina.util.LifecycleBase.start(LifecycleBase.java:164)
		at org.apache.catalina.core.ContainerBase$StartChild.call(ContainerBase.java:1203)
		at org.apache.catalina.core.ContainerBase$StartChild.call(ContainerBase.java:1193)
		at java.base/java.util.concurrent.FutureTask.run(FutureTask.java:264)
		at org.apache.tomcat.util.threads.InlineExecutorService.execute(InlineExecutorService.java:75)
		at java.base/java.util.concurrent.AbstractExecutorService.submit(AbstractExecutorService.java:145)
		at org.apache.catalina.core.ContainerBase.startInternal(ContainerBase.java:749)
		at org.apache.catalina.core.StandardEngine.startInternal(StandardEngine.java:203)
		at org.apache.catalina.util.LifecycleBase.start(LifecycleBase.java:164)
		at org.apache.catalina.core.StandardService.startInternal(StandardService.java:415)
		at org.apache.catalina.util.LifecycleBase.start(LifecycleBase.java:164)
		at org.apache.catalina.core.StandardServer.startInternal(StandardServer.java:874)
		at org.apache.catalina.util.LifecycleBase.start(LifecycleBase.java:164)
		at org.apache.catalina.startup.Catalina.start(Catalina.java:757)
		at java.base/jdk.internal.reflect.NativeMethodAccessorImpl.invoke0(Native Method)
		at java.base/jdk.internal.reflect.NativeMethodAccessorImpl.invoke(NativeMethodAccessorImpl.java:77)
		at java.base/jdk.internal.reflect.DelegatingMethodAccessorImpl.invoke(DelegatingMethodAccessorImpl.java:43)
		at java.base/java.lang.reflect.Method.invoke(Method.java:568)
		at org.apache.catalina.startup.Bootstrap.start(Bootstrap.java:345)
		at org.apache.catalina.startup.Bootstrap.main(Bootstrap.java:473)
	Caused by: org.apache.catalina.LifecycleException: Failed to start component [StandardEngine[Catalina].StandardHost[localhost].StandardContext[/citMobi2]]
		at org.apache.catalina.util.LifecycleBase.handleSubClassException(LifecycleBase.java:402)
		at org.apache.catalina.util.LifecycleBase.start(LifecycleBase.java:179)
		at org.apache.catalina.core.ContainerBase.addChildInternal(ContainerBase.java:599)
		... 37 more
	Caused by: org.springframework.beans.factory.BeanCreationException: Error creating bean with name 'entityManagerFactory' defined in class path resource [org/springframework/boot/autoconfigure/orm/jpa/HibernateJpaConfiguration.class]: Failed to initialize dependency 'flywayInitializer' of LoadTimeWeaverAware bean 'entityManagerFactory': Error creating bean with name 'flywayInitializer' defined in class path resource [org/springframework/boot/autoconfigure/flyway/FlywayAutoConfiguration$FlywayConfiguration.class]: Migration V2__INSERT_MOCK.sql failed
------------------------------------
SQL State  : 23505
Error Code : 0
Message    : ERRO: duplicar valor da chave viola a restrição de unicidade "unique_linha"
  Detalhe: Chave (lin_linha_id, lin_linha_atendimento, glb_municipio_cod)=(9051, 10, 3550308) já existe.
Location   : db/migration/V2__INSERT_MOCK.sql (C:\Users\Erick.ferreira\Documents\workspace-jdk17\CitMobi2\target\classes\db\migration\V2__INSERT_MOCK.sql)
Line       : 41
Statement  : INSERT INTO T_LIN_LINHA (LIN_LINHA_ID, LIN_LINHA_ATENDIMENTO, GLB_MUNICIPIO_COD, LIN_LINHA_DESCRICAO, GLB_OPERADOR_CNPJ, LIN_LINHA_FLAGINTERMUNICIPAL, LIN_LINHA_FLAGATENDEMETRO, LIN_LINHA_FLAGATENDETREM, LIN_LINHA_FLAGATIVA)
VALUES('9051', '10', 3550308, 'TERM. PINHEIROS - LAPA', '60870847000159', 'N', 'N', 'N', 'S')

		at org.springframework.beans.factory.support.AbstractBeanFactory.doGetBean(AbstractBeanFactory.java:326)
		at org.springframework.beans.factory.support.AbstractBeanFactory.getBean(AbstractBeanFactory.java:205)
		at org.springframework.context.support.AbstractApplicationContext.finishBeanFactoryInitialization(AbstractApplicationContext.java:954)
		at org.springframework.context.support.AbstractApplicationContext.refresh(AbstractApplicationContext.java:625)
		at org.springframework.boot.web.servlet.context.ServletWebServerApplicationContext.refresh(ServletWebServerApplicationContext.java:146)
		at org.springframework.boot.SpringApplication.refresh(SpringApplication.java:754)
		at org.springframework.boot.SpringApplication.refreshContext(SpringApplication.java:456)
		at org.springframework.boot.SpringApplication.run(SpringApplication.java:335)
		at org.springframework.boot.web.servlet.support.SpringBootServletInitializer.run(SpringBootServletInitializer.java:174)
		at org.springframework.boot.web.servlet.support.SpringBootServletInitializer.createRootApplicationContext(SpringBootServletInitializer.java:154)
		at org.springframework.boot.web.servlet.support.SpringBootServletInitializer.onStartup(SpringBootServletInitializer.java:96)
		at org.springframework.web.SpringServletContainerInitializer.onStartup(SpringServletContainerInitializer.java:171)
		at org.apache.catalina.core.StandardContext.startInternal(StandardContext.java:4414)
		at org.apache.catalina.util.LifecycleBase.start(LifecycleBase.java:164)
		... 38 more
	Caused by: org.springframework.beans.factory.BeanCreationException: Error creating bean with name 'flywayInitializer' defined in class path resource [org/springframework/boot/autoconfigure/flyway/FlywayAutoConfiguration$FlywayConfiguration.class]: Migration V2__INSERT_MOCK.sql failed
------------------------------------
SQL State  : 23505
Error Code : 0
Message    : ERRO: duplicar valor da chave viola a restrição de unicidade "unique_linha"
  Detalhe: Chave (lin_linha_id, lin_linha_atendimento, glb_municipio_cod)=(9051, 10, 3550308) já existe.
Location   : db/migration/V2__INSERT_MOCK.sql (C:\Users\Erick.ferreira\Documents\workspace-jdk17\CitMobi2\target\classes\db\migration\V2__INSERT_MOCK.sql)
Line       : 41
Statement  : INSERT INTO T_LIN_LINHA (LIN_LINHA_ID, LIN_LINHA_ATENDIMENTO, GLB_MUNICIPIO_COD, LIN_LINHA_DESCRICAO, GLB_OPERADOR_CNPJ, LIN_LINHA_FLAGINTERMUNICIPAL, LIN_LINHA_FLAGATENDEMETRO, LIN_LINHA_FLAGATENDETREM, LIN_LINHA_FLAGATIVA)
VALUES('9051', '10', 3550308, 'TERM. PINHEIROS - LAPA', '60870847000159', 'N', 'N', 'N', 'S')

		at org.springframework.beans.factory.support.AbstractAutowireCapableBeanFactory.initializeBean(AbstractAutowireCapableBeanFactory.java:1806)
		at org.springframework.beans.factory.support.AbstractAutowireCapableBeanFactory.doCreateBean(AbstractAutowireCapableBeanFactory.java:600)
		at org.springframework.beans.factory.support.AbstractAutowireCapableBeanFactory.createBean(AbstractAutowireCapableBeanFactory.java:522)
		at org.springframework.beans.factory.support.AbstractBeanFactory.lambda$doGetBean$0(AbstractBeanFactory.java:337)
		at org.springframework.beans.factory.support.DefaultSingletonBeanRegistry.getSingleton(DefaultSingletonBeanRegistry.java:234)
		at org.springframework.beans.factory.support.AbstractBeanFactory.doGetBean(AbstractBeanFactory.java:335)
		at org.springframework.beans.factory.support.AbstractBeanFactory.getBean(AbstractBeanFactory.java:200)
		at org.springframework.beans.factory.support.AbstractBeanFactory.doGetBean(AbstractBeanFactory.java:313)
		... 51 more
	Caused by: org.flywaydb.core.internal.command.DbMigrate$FlywayMigrateException: Migration V2__INSERT_MOCK.sql failed
------------------------------------
SQL State  : 23505
Error Code : 0
Message    : ERRO: duplicar valor da chave viola a restrição de unicidade "unique_linha"
  Detalhe: Chave (lin_linha_id, lin_linha_atendimento, glb_municipio_cod)=(9051, 10, 3550308) já existe.
Location   : db/migration/V2__INSERT_MOCK.sql (C:\Users\Erick.ferreira\Documents\workspace-jdk17\CitMobi2\target\classes\db\migration\V2__INSERT_MOCK.sql)
Line       : 41
Statement  : INSERT INTO T_LIN_LINHA (LIN_LINHA_ID, LIN_LINHA_ATENDIMENTO, GLB_MUNICIPIO_COD, LIN_LINHA_DESCRICAO, GLB_OPERADOR_CNPJ, LIN_LINHA_FLAGINTERMUNICIPAL, LIN_LINHA_FLAGATENDEMETRO, LIN_LINHA_FLAGATENDETREM, LIN_LINHA_FLAGATIVA)
VALUES('9051', '10', 3550308, 'TERM. PINHEIROS - LAPA', '60870847000159', 'N', 'N', 'N', 'S')

		at org.flywaydb.core.internal.command.DbMigrate.doMigrateGroup(DbMigrate.java:382)
		at org.flywaydb.core.internal.command.DbMigrate.lambda$applyMigrations$1(DbMigrate.java:272)
		at org.flywaydb.core.internal.jdbc.TransactionalExecutionTemplate.execute(TransactionalExecutionTemplate.java:55)
		at org.flywaydb.core.internal.command.DbMigrate.applyMigrations(DbMigrate.java:271)
		at org.flywaydb.core.internal.command.DbMigrate.migrateGroup(DbMigrate.java:244)
		at org.flywaydb.core.internal.command.DbMigrate.lambda$migrateAll$0(DbMigrate.java:139)
		at org.flywaydb.database.postgresql.PostgreSQLAdvisoryLockTemplate.execute(PostgreSQLAdvisoryLockTemplate.java:73)
		at org.flywaydb.database.postgresql.PostgreSQLAdvisoryLockTemplate.lambda$execute$0(PostgreSQLAdvisoryLockTemplate.java:56)
		at org.flywaydb.core.internal.jdbc.TransactionalExecutionTemplate.execute(TransactionalExecutionTemplate.java:55)
		at org.flywaydb.database.postgresql.PostgreSQLAdvisoryLockTemplate.execute(PostgreSQLAdvisoryLockTemplate.java:56)
		at org.flywaydb.database.postgresql.PostgreSQLConnection.lock(PostgreSQLConnection.java:96)
		at org.flywaydb.core.internal.schemahistory.JdbcTableSchemaHistory.lock(JdbcTableSchemaHistory.java:145)
		at org.flywaydb.core.internal.command.DbMigrate.migrateAll(DbMigrate.java:139)
		at org.flywaydb.core.internal.command.DbMigrate.migrate(DbMigrate.java:97)
		at org.flywaydb.core.Flyway.lambda$migrate$0(Flyway.java:202)
		at org.flywaydb.core.FlywayExecutor.execute(FlywayExecutor.java:205)
		at org.flywaydb.core.Flyway.migrate(Flyway.java:147)
		at org.springframework.boot.autoconfigure.flyway.FlywayMigrationInitializer.afterPropertiesSet(FlywayMigrationInitializer.java:66)
		at org.springframework.beans.factory.support.AbstractAutowireCapableBeanFactory.invokeInitMethods(AbstractAutowireCapableBeanFactory.java:1853)
		at org.springframework.beans.factory.support.AbstractAutowireCapableBeanFactory.initializeBean(AbstractAutowireCapableBeanFactory.java:1802)
		... 58 more
	Caused by: org.flywaydb.core.internal.sqlscript.FlywaySqlScriptException: Migration V2__INSERT_MOCK.sql failed
------------------------------------
SQL State  : 23505
Error Code : 0
Message    : ERRO: duplicar valor da chave viola a restrição de unicidade "unique_linha"
  Detalhe: Chave (lin_linha_id, lin_linha_atendimento, glb_municipio_cod)=(9051, 10, 3550308) já existe.
Location   : db/migration/V2__INSERT_MOCK.sql (C:\Users\Erick.ferreira\Documents\workspace-jdk17\CitMobi2\target\classes\db\migration\V2__INSERT_MOCK.sql)
Line       : 41
Statement  : INSERT INTO T_LIN_LINHA (LIN_LINHA_ID, LIN_LINHA_ATENDIMENTO, GLB_MUNICIPIO_COD, LIN_LINHA_DESCRICAO, GLB_OPERADOR_CNPJ, LIN_LINHA_FLAGINTERMUNICIPAL, LIN_LINHA_FLAGATENDEMETRO, LIN_LINHA_FLAGATENDETREM, LIN_LINHA_FLAGATIVA)
VALUES('9051', '10', 3550308, 'TERM. PINHEIROS - LAPA', '60870847000159', 'N', 'N', 'N', 'S')

		at org.flywaydb.core.internal.sqlscript.DefaultSqlScriptExecutor.handleException(DefaultSqlScriptExecutor.java:252)
		at org.flywaydb.core.internal.sqlscript.DefaultSqlScriptExecutor.executeStatement(DefaultSqlScriptExecutor.java:214)
		at org.flywaydb.core.internal.sqlscript.DefaultSqlScriptExecutor.execute(DefaultSqlScriptExecutor.java:133)
		at org.flywaydb.core.internal.resolver.sql.SqlMigrationExecutor.executeOnce(SqlMigrationExecutor.java:65)
		at org.flywaydb.core.internal.resolver.sql.SqlMigrationExecutor.lambda$execute$0(SqlMigrationExecutor.java:57)
		at org.flywaydb.core.internal.database.DefaultExecutionStrategy.execute(DefaultExecutionStrategy.java:27)
		at org.flywaydb.core.internal.resolver.sql.SqlMigrationExecutor.execute(SqlMigrationExecutor.java:56)
		at org.flywaydb.core.internal.command.DbMigrate.doMigrateGroup(DbMigrate.java:374)
		... 77 more
	Caused by: org.postgresql.util.PSQLException: ERRO: duplicar valor da chave viola a restrição de unicidade "unique_linha"
  Detalhe: Chave (lin_linha_id, lin_linha_atendimento, glb_municipio_cod)=(9051, 10, 3550308) já existe.
		at org.postgresql.core.v3.QueryExecutorImpl.receiveErrorResponse(QueryExecutorImpl.java:2733)
		at org.postgresql.core.v3.QueryExecutorImpl.processResults(QueryExecutorImpl.java:2420)
		at org.postgresql.core.v3.QueryExecutorImpl.execute(QueryExecutorImpl.java:372)
		at org.postgresql.jdbc.PgStatement.executeInternal(PgStatement.java:517)
		at org.postgresql.jdbc.PgStatement.execute(PgStatement.java:434)
		at org.postgresql.jdbc.PgStatement.executeWithFlags(PgStatement.java:356)
		at org.postgresql.jdbc.PgStatement.executeCachedSql(PgStatement.java:341)
		at org.postgresql.jdbc.PgStatement.executeWithFlags(PgStatement.java:317)
		at org.postgresql.jdbc.PgStatement.execute(PgStatement.java:312)
		at com.zaxxer.hikari.pool.ProxyStatement.execute(ProxyStatement.java:94)
		at com.zaxxer.hikari.pool.HikariProxyStatement.execute(HikariProxyStatement.java)
		at org.flywaydb.core.internal.jdbc.JdbcTemplate.executeStatement(JdbcTemplate.java:210)
		at org.flywaydb.core.internal.sqlscript.ParsedSqlStatement.execute(ParsedSqlStatement.java:89)
		at org.flywaydb.core.internal.sqlscript.DefaultSqlScriptExecutor.executeStatement(DefaultSqlScriptExecutor.java:206)
		... 83 more
28-Jan-2025 09:13:31.102 INFO [main] org.apache.catalina.startup.HostConfig.deployDescriptor Deployment of deployment descriptor [C:\Users\Erick.ferreira\Documents\workspace-jdk17\CitMobi2\src\conf\Catalina\localhost\citMobi2.xml] has finished in [16.115] ms
28-Jan-2025 09:13:31.106 INFO [main] org.apache.coyote.AbstractProtocol.start Starting ProtocolHandler ["http-nio-8085"]
28-Jan-2025 09:13:31.134 INFO [main] org.apache.catalina.startup.Catalina.start Server startup in [16214] milliseconds
28-Jan-2025 09:45:29.789 INFO [Thread-3] org.apache.coyote.AbstractProtocol.pause Pausing ProtocolHandler ["http-nio-8085"]
28-Jan-2025 09:45:29.962 INFO [Thread-3] org.apache.catalina.core.StandardService.stopInternal Stopping service [Catalina]
28-Jan-2025 09:45:29.963 INFO [Thread-3] org.apache.coyote.AbstractProtocol.stop Stopping ProtocolHandler ["http-nio-8085"]
28-Jan-2025 09:45:29.980 INFO [Thread-3] org.apache.coyote.AbstractProtocol.destroy Destroying ProtocolHandler ["http-nio-8085"]
28-Jan-2025 09:45:29.984 WARNING [Thread-3] org.apache.catalina.loader.WebappClassLoaderBase.clearReferencesJdbc The web application [citMobi2] registered the JDBC driver [org.postgresql.Driver] but failed to unregister it when the web application was stopped. To prevent a memory leak, the JDBC Driver has been forcibly unregistered.
28-Jan-2025 09:45:32.334 INFO [main] org.apache.catalina.startup.VersionLoggerListener.log Server version name:   Apache Tomcat/10.1.26
28-Jan-2025 09:45:32.339 INFO [main] org.apache.catalina.startup.VersionLoggerListener.log Server built:          Jul 7 2024 21:02:13 UTC
28-Jan-2025 09:45:32.340 INFO [main] org.apache.catalina.startup.VersionLoggerListener.log Server version number: 10.1.26.0
28-Jan-2025 09:45:32.340 INFO [main] org.apache.catalina.startup.VersionLoggerListener.log OS Name:               Windows 11
28-Jan-2025 09:45:32.340 INFO [main] org.apache.catalina.startup.VersionLoggerListener.log OS Version:            10.0
28-Jan-2025 09:45:32.340 INFO [main] org.apache.catalina.startup.VersionLoggerListener.log Architecture:          amd64
28-Jan-2025 09:45:32.340 INFO [main] org.apache.catalina.startup.VersionLoggerListener.log Java Home:             C:\Program Files\Java\jdk-17
28-Jan-2025 09:45:32.340 INFO [main] org.apache.catalina.startup.VersionLoggerListener.log JVM Version:           17.0.11+7-LTS-207
28-Jan-2025 09:45:32.340 INFO [main] org.apache.catalina.startup.VersionLoggerListener.log JVM Vendor:            Oracle Corporation
28-Jan-2025 09:45:32.340 INFO [main] org.apache.catalina.startup.VersionLoggerListener.log CATALINA_BASE:         C:\Users\Erick.ferreira\Documents\workspace-jdk17\CitMobi2\src
28-Jan-2025 09:45:32.340 INFO [main] org.apache.catalina.startup.VersionLoggerListener.log CATALINA_HOME:         C:\Program Files\Apache Software Foundation\Tomcat 10.1
28-Jan-2025 09:45:32.357 INFO [main] org.apache.catalina.startup.VersionLoggerListener.log Command line argument: --add-opens=java.base/java.lang=ALL-UNNAMED
28-Jan-2025 09:45:32.357 INFO [main] org.apache.catalina.startup.VersionLoggerListener.log Command line argument: --add-opens=java.base/java.io=ALL-UNNAMED
28-Jan-2025 09:45:32.357 INFO [main] org.apache.catalina.startup.VersionLoggerListener.log Command line argument: --add-opens=java.base/java.util=ALL-UNNAMED
28-Jan-2025 09:45:32.357 INFO [main] org.apache.catalina.startup.VersionLoggerListener.log Command line argument: --add-opens=java.base/java.util.concurrent=ALL-UNNAMED
28-Jan-2025 09:45:32.357 INFO [main] org.apache.catalina.startup.VersionLoggerListener.log Command line argument: --add-opens=java.rmi/sun.rmi.transport=ALL-UNNAMED
28-Jan-2025 09:45:32.357 INFO [main] org.apache.catalina.startup.VersionLoggerListener.log Command line argument: -Dcatalina.home=C:\Program Files\Apache Software Foundation\Tomcat 10.1
28-Jan-2025 09:45:32.358 INFO [main] org.apache.catalina.startup.VersionLoggerListener.log Command line argument: -Dcatalina.base=C:\Users\Erick.ferreira\Documents\workspace-jdk17\CitMobi2\src
28-Jan-2025 09:45:32.358 INFO [main] org.apache.catalina.startup.VersionLoggerListener.log Command line argument: -Djava.io.tmpdir=C:\Users\Erick.ferreira\Documents\workspace-jdk17\CitMobi2\src\temp
28-Jan-2025 09:45:32.358 INFO [main] org.apache.catalina.startup.VersionLoggerListener.log Command line argument: -Djava.util.logging.config.file=C:\Users\Erick.ferreira\Documents\workspace-jdk17\CitMobi2\src\conf\logging.properties
28-Jan-2025 09:45:32.358 INFO [main] org.apache.catalina.startup.VersionLoggerListener.log Command line argument: -Djava.util.logging.manager=org.apache.juli.ClassLoaderLogManager
28-Jan-2025 09:45:32.358 INFO [main] org.apache.catalina.startup.VersionLoggerListener.log Command line argument: -javaagent:C:\Program Files\JetBrains\IntelliJ IDEA Community Edition 2024.1.4\lib\idea_rt.jar=56677:C:\Program Files\JetBrains\IntelliJ IDEA Community Edition 2024.1.4\bin
28-Jan-2025 09:45:32.358 INFO [main] org.apache.catalina.startup.VersionLoggerListener.log Command line argument: -Dfile.encoding=UTF-8
28-Jan-2025 09:45:32.367 INFO [main] org.apache.catalina.core.AprLifecycleListener.lifecycleEvent The Apache Tomcat Native library which allows using OpenSSL was not found on the java.library.path: [C:\Program Files\Java\jdk-17\bin;C:\Windows\Sun\Java\bin;C:\Windows\system32;C:\Windows;C:\Program Files\Common Files\Oracle\Java\javapath;C:\Python312\Scripts\;C:\Python312\;C:\Program Files (x86)\Common Files\Oracle\Java\javapath;C:\app\TDV.Admin\product\11.2.0\client_1\bin;C:\Windows\system32;C:\Windows;C:\Windows\System32\Wbem;C:\Windows\System32\WindowsPowerShell\v1.0\;C:\Windows\System32\OpenSSH\;C:\Program Files\Git\cmd;C:\Java_Essentials\apache-maven-3.6.3\bin;C:\Program Files\nodejs\;C:\ProgramData\chocolatey\bin;C:\Program Files\dotnet\;C:\Program Files\MySQL\MySQL Shell 8.0\bin\;C:\Users\Erick.ferreira\.console-ninja\.bin;C:\Users\Erick.ferreira\AppData\Local\Microsoft\WindowsApps;C:\Users\Erick.ferreira\AppData\Local\Programs\Microsoft VS Code\bin;C:\Program Files\Java\jdk1.8.0_291\bin;C:\Users\Erick.ferreira\AppData\Roaming\npm;C:\Program Files\JetBrains\IntelliJ IDEA Community Edition 2024.1.4\bin;;C:\Users\Erick.ferreira\.dotnet\tools;.]
28-Jan-2025 09:45:32.659 INFO [main] org.apache.coyote.AbstractProtocol.init Initializing ProtocolHandler ["http-nio-8085"]
28-Jan-2025 09:45:32.682 INFO [main] org.apache.catalina.startup.Catalina.load Server initialization in [559] milliseconds
28-Jan-2025 09:45:32.750 INFO [main] org.apache.catalina.core.StandardService.startInternal Starting service [Catalina]
28-Jan-2025 09:45:32.750 INFO [main] org.apache.catalina.core.StandardEngine.startInternal Starting Servlet engine: [Apache Tomcat/10.1.26]
28-Jan-2025 09:45:32.769 INFO [main] org.apache.catalina.startup.HostConfig.deployDescriptor Deploying deployment descriptor [C:\Users\Erick.ferreira\Documents\workspace-jdk17\CitMobi2\src\conf\Catalina\localhost\citMobi2.xml]
28-Jan-2025 09:45:39.557 INFO [main] org.apache.jasper.servlet.TldScanner.scanJars At least one JAR was scanned for TLDs yet contained no TLDs. Enable debug logging for this logger for a complete list of JARs that were scanned but no TLDs were found in them. Skipping unneeded JARs during scanning can improve startup time and JSP compilation time.
28-Jan-2025 09:45:49.865 SEVERE [main] org.apache.catalina.startup.HostConfig.deployDescriptor Error deploying deployment descriptor [C:\Users\Erick.ferreira\Documents\workspace-jdk17\CitMobi2\src\conf\Catalina\localhost\citMobi2.xml]
	java.lang.IllegalStateException: Error starting child
		at org.apache.catalina.core.ContainerBase.addChildInternal(ContainerBase.java:602)
		at org.apache.catalina.core.ContainerBase.addChild(ContainerBase.java:571)
		at org.apache.catalina.core.StandardHost.addChild(StandardHost.java:654)
		at org.apache.catalina.startup.HostConfig.deployDescriptor(HostConfig.java:635)
		at org.apache.catalina.startup.HostConfig$DeployDescriptor.run(HostConfig.java:1889)
		at java.base/java.util.concurrent.Executors$RunnableAdapter.call(Executors.java:539)
		at java.base/java.util.concurrent.FutureTask.run(FutureTask.java:264)
		at org.apache.tomcat.util.threads.InlineExecutorService.execute(InlineExecutorService.java:75)
		at java.base/java.util.concurrent.AbstractExecutorService.submit(AbstractExecutorService.java:123)
		at org.apache.catalina.startup.HostConfig.deployDescriptors(HostConfig.java:530)
		at org.apache.catalina.startup.HostConfig.deployApps(HostConfig.java:421)
		at org.apache.catalina.startup.HostConfig.start(HostConfig.java:1629)
		at org.apache.catalina.startup.HostConfig.lifecycleEvent(HostConfig.java:303)
		at org.apache.catalina.util.LifecycleBase.fireLifecycleEvent(LifecycleBase.java:109)
		at org.apache.catalina.util.LifecycleBase.setStateInternal(LifecycleBase.java:385)
		at org.apache.catalina.util.LifecycleBase.setState(LifecycleBase.java:332)
		at org.apache.catalina.core.ContainerBase.startInternal(ContainerBase.java:776)
		at org.apache.catalina.core.StandardHost.startInternal(StandardHost.java:772)
		at org.apache.catalina.util.LifecycleBase.start(LifecycleBase.java:164)
		at org.apache.catalina.core.ContainerBase$StartChild.call(ContainerBase.java:1203)
		at org.apache.catalina.core.ContainerBase$StartChild.call(ContainerBase.java:1193)
		at java.base/java.util.concurrent.FutureTask.run(FutureTask.java:264)
		at org.apache.tomcat.util.threads.InlineExecutorService.execute(InlineExecutorService.java:75)
		at java.base/java.util.concurrent.AbstractExecutorService.submit(AbstractExecutorService.java:145)
		at org.apache.catalina.core.ContainerBase.startInternal(ContainerBase.java:749)
		at org.apache.catalina.core.StandardEngine.startInternal(StandardEngine.java:203)
		at org.apache.catalina.util.LifecycleBase.start(LifecycleBase.java:164)
		at org.apache.catalina.core.StandardService.startInternal(StandardService.java:415)
		at org.apache.catalina.util.LifecycleBase.start(LifecycleBase.java:164)
		at org.apache.catalina.core.StandardServer.startInternal(StandardServer.java:874)
		at org.apache.catalina.util.LifecycleBase.start(LifecycleBase.java:164)
		at org.apache.catalina.startup.Catalina.start(Catalina.java:757)
		at java.base/jdk.internal.reflect.NativeMethodAccessorImpl.invoke0(Native Method)
		at java.base/jdk.internal.reflect.NativeMethodAccessorImpl.invoke(NativeMethodAccessorImpl.java:77)
		at java.base/jdk.internal.reflect.DelegatingMethodAccessorImpl.invoke(DelegatingMethodAccessorImpl.java:43)
		at java.base/java.lang.reflect.Method.invoke(Method.java:568)
		at org.apache.catalina.startup.Bootstrap.start(Bootstrap.java:345)
		at org.apache.catalina.startup.Bootstrap.main(Bootstrap.java:473)
	Caused by: org.apache.catalina.LifecycleException: Failed to start component [StandardEngine[Catalina].StandardHost[localhost].StandardContext[/citMobi2]]
		at org.apache.catalina.util.LifecycleBase.handleSubClassException(LifecycleBase.java:402)
		at org.apache.catalina.util.LifecycleBase.start(LifecycleBase.java:179)
		at org.apache.catalina.core.ContainerBase.addChildInternal(ContainerBase.java:599)
		... 37 more
	Caused by: org.springframework.beans.factory.BeanCreationException: Error creating bean with name 'entityManagerFactory' defined in class path resource [org/springframework/boot/autoconfigure/orm/jpa/HibernateJpaConfiguration.class]: Failed to initialize dependency 'flywayInitializer' of LoadTimeWeaverAware bean 'entityManagerFactory': Error creating bean with name 'flywayInitializer' defined in class path resource [org/springframework/boot/autoconfigure/flyway/FlywayAutoConfiguration$FlywayConfiguration.class]: Migration V1__create_tables.sql failed
--------------------------------------
SQL State  : 42601
Error Code : 0
Message    : ERRO: erro de sintaxe em ou próximo a "GLB_OPERADOR_AGENCIAREGULADORA"
  Posição: 142
Location   : db/migration/V1__create_tables.sql (C:\Users\Erick.ferreira\Documents\workspace-jdk17\CitMobi2\target\classes\db\migration\V1__create_tables.sql)
Line       : 17
Statement  : CREATE TABLE T_GLB_OPERADOR (
    GLB_OPERADOR_CNPJ VARCHAR(18) NOT NULL PRIMARY KEY,
    GLB_OPERADOR_RAZAOSOCIAL VARCHAR(255) NOT NULL
    GLB_OPERADOR_AGENCIAREGULADORA VARCHAR(1)   NOT NULL DEFAULT 'N' NOT NULL CHECK (GLB_OPERADOR_AGENCIAREGULADORA IN ('S', 'N')),
)

		at org.springframework.beans.factory.support.AbstractBeanFactory.doGetBean(AbstractBeanFactory.java:326)
		at org.springframework.beans.factory.support.AbstractBeanFactory.getBean(AbstractBeanFactory.java:205)
		at org.springframework.context.support.AbstractApplicationContext.finishBeanFactoryInitialization(AbstractApplicationContext.java:954)
		at org.springframework.context.support.AbstractApplicationContext.refresh(AbstractApplicationContext.java:625)
		at org.springframework.boot.web.servlet.context.ServletWebServerApplicationContext.refresh(ServletWebServerApplicationContext.java:146)
		at org.springframework.boot.SpringApplication.refresh(SpringApplication.java:754)
		at org.springframework.boot.SpringApplication.refreshContext(SpringApplication.java:456)
		at org.springframework.boot.SpringApplication.run(SpringApplication.java:335)
		at org.springframework.boot.web.servlet.support.SpringBootServletInitializer.run(SpringBootServletInitializer.java:174)
		at org.springframework.boot.web.servlet.support.SpringBootServletInitializer.createRootApplicationContext(SpringBootServletInitializer.java:154)
		at org.springframework.boot.web.servlet.support.SpringBootServletInitializer.onStartup(SpringBootServletInitializer.java:96)
		at org.springframework.web.SpringServletContainerInitializer.onStartup(SpringServletContainerInitializer.java:171)
		at org.apache.catalina.core.StandardContext.startInternal(StandardContext.java:4414)
		at org.apache.catalina.util.LifecycleBase.start(LifecycleBase.java:164)
		... 38 more
	Caused by: org.springframework.beans.factory.BeanCreationException: Error creating bean with name 'flywayInitializer' defined in class path resource [org/springframework/boot/autoconfigure/flyway/FlywayAutoConfiguration$FlywayConfiguration.class]: Migration V1__create_tables.sql failed
--------------------------------------
SQL State  : 42601
Error Code : 0
Message    : ERRO: erro de sintaxe em ou próximo a "GLB_OPERADOR_AGENCIAREGULADORA"
  Posição: 142
Location   : db/migration/V1__create_tables.sql (C:\Users\Erick.ferreira\Documents\workspace-jdk17\CitMobi2\target\classes\db\migration\V1__create_tables.sql)
Line       : 17
Statement  : CREATE TABLE T_GLB_OPERADOR (
    GLB_OPERADOR_CNPJ VARCHAR(18) NOT NULL PRIMARY KEY,
    GLB_OPERADOR_RAZAOSOCIAL VARCHAR(255) NOT NULL
    GLB_OPERADOR_AGENCIAREGULADORA VARCHAR(1)   NOT NULL DEFAULT 'N' NOT NULL CHECK (GLB_OPERADOR_AGENCIAREGULADORA IN ('S', 'N')),
)

		at org.springframework.beans.factory.support.AbstractAutowireCapableBeanFactory.initializeBean(AbstractAutowireCapableBeanFactory.java:1806)
		at org.springframework.beans.factory.support.AbstractAutowireCapableBeanFactory.doCreateBean(AbstractAutowireCapableBeanFactory.java:600)
		at org.springframework.beans.factory.support.AbstractAutowireCapableBeanFactory.createBean(AbstractAutowireCapableBeanFactory.java:522)
		at org.springframework.beans.factory.support.AbstractBeanFactory.lambda$doGetBean$0(AbstractBeanFactory.java:337)
		at org.springframework.beans.factory.support.DefaultSingletonBeanRegistry.getSingleton(DefaultSingletonBeanRegistry.java:234)
		at org.springframework.beans.factory.support.AbstractBeanFactory.doGetBean(AbstractBeanFactory.java:335)
		at org.springframework.beans.factory.support.AbstractBeanFactory.getBean(AbstractBeanFactory.java:200)
		at org.springframework.beans.factory.support.AbstractBeanFactory.doGetBean(AbstractBeanFactory.java:313)
		... 51 more
	Caused by: org.flywaydb.core.internal.command.DbMigrate$FlywayMigrateException: Migration V1__create_tables.sql failed
--------------------------------------
SQL State  : 42601
Error Code : 0
Message    : ERRO: erro de sintaxe em ou próximo a "GLB_OPERADOR_AGENCIAREGULADORA"
  Posição: 142
Location   : db/migration/V1__create_tables.sql (C:\Users\Erick.ferreira\Documents\workspace-jdk17\CitMobi2\target\classes\db\migration\V1__create_tables.sql)
Line       : 17
Statement  : CREATE TABLE T_GLB_OPERADOR (
    GLB_OPERADOR_CNPJ VARCHAR(18) NOT NULL PRIMARY KEY,
    GLB_OPERADOR_RAZAOSOCIAL VARCHAR(255) NOT NULL
    GLB_OPERADOR_AGENCIAREGULADORA VARCHAR(1)   NOT NULL DEFAULT 'N' NOT NULL CHECK (GLB_OPERADOR_AGENCIAREGULADORA IN ('S', 'N')),
)

		at org.flywaydb.core.internal.command.DbMigrate.doMigrateGroup(DbMigrate.java:382)
		at org.flywaydb.core.internal.command.DbMigrate.lambda$applyMigrations$1(DbMigrate.java:272)
		at org.flywaydb.core.internal.jdbc.TransactionalExecutionTemplate.execute(TransactionalExecutionTemplate.java:55)
		at org.flywaydb.core.internal.command.DbMigrate.applyMigrations(DbMigrate.java:271)
		at org.flywaydb.core.internal.command.DbMigrate.migrateGroup(DbMigrate.java:244)
		at org.flywaydb.core.internal.command.DbMigrate.lambda$migrateAll$0(DbMigrate.java:139)
		at org.flywaydb.database.postgresql.PostgreSQLAdvisoryLockTemplate.execute(PostgreSQLAdvisoryLockTemplate.java:73)
		at org.flywaydb.database.postgresql.PostgreSQLAdvisoryLockTemplate.lambda$execute$0(PostgreSQLAdvisoryLockTemplate.java:56)
		at org.flywaydb.core.internal.jdbc.TransactionalExecutionTemplate.execute(TransactionalExecutionTemplate.java:55)
		at org.flywaydb.database.postgresql.PostgreSQLAdvisoryLockTemplate.execute(PostgreSQLAdvisoryLockTemplate.java:56)
		at org.flywaydb.database.postgresql.PostgreSQLConnection.lock(PostgreSQLConnection.java:96)
		at org.flywaydb.core.internal.schemahistory.JdbcTableSchemaHistory.lock(JdbcTableSchemaHistory.java:145)
		at org.flywaydb.core.internal.command.DbMigrate.migrateAll(DbMigrate.java:139)
		at org.flywaydb.core.internal.command.DbMigrate.migrate(DbMigrate.java:97)
		at org.flywaydb.core.Flyway.lambda$migrate$0(Flyway.java:202)
		at org.flywaydb.core.FlywayExecutor.execute(FlywayExecutor.java:205)
		at org.flywaydb.core.Flyway.migrate(Flyway.java:147)
		at org.springframework.boot.autoconfigure.flyway.FlywayMigrationInitializer.afterPropertiesSet(FlywayMigrationInitializer.java:66)
		at org.springframework.beans.factory.support.AbstractAutowireCapableBeanFactory.invokeInitMethods(AbstractAutowireCapableBeanFactory.java:1853)
		at org.springframework.beans.factory.support.AbstractAutowireCapableBeanFactory.initializeBean(AbstractAutowireCapableBeanFactory.java:1802)
		... 58 more
	Caused by: org.flywaydb.core.internal.sqlscript.FlywaySqlScriptException: Migration V1__create_tables.sql failed
--------------------------------------
SQL State  : 42601
Error Code : 0
Message    : ERRO: erro de sintaxe em ou próximo a "GLB_OPERADOR_AGENCIAREGULADORA"
  Posição: 142
Location   : db/migration/V1__create_tables.sql (C:\Users\Erick.ferreira\Documents\workspace-jdk17\CitMobi2\target\classes\db\migration\V1__create_tables.sql)
Line       : 17
Statement  : CREATE TABLE T_GLB_OPERADOR (
    GLB_OPERADOR_CNPJ VARCHAR(18) NOT NULL PRIMARY KEY,
    GLB_OPERADOR_RAZAOSOCIAL VARCHAR(255) NOT NULL
    GLB_OPERADOR_AGENCIAREGULADORA VARCHAR(1)   NOT NULL DEFAULT 'N' NOT NULL CHECK (GLB_OPERADOR_AGENCIAREGULADORA IN ('S', 'N')),
)

		at org.flywaydb.core.internal.sqlscript.DefaultSqlScriptExecutor.handleException(DefaultSqlScriptExecutor.java:252)
		at org.flywaydb.core.internal.sqlscript.DefaultSqlScriptExecutor.executeStatement(DefaultSqlScriptExecutor.java:214)
		at org.flywaydb.core.internal.sqlscript.DefaultSqlScriptExecutor.execute(DefaultSqlScriptExecutor.java:133)
		at org.flywaydb.core.internal.resolver.sql.SqlMigrationExecutor.executeOnce(SqlMigrationExecutor.java:65)
		at org.flywaydb.core.internal.resolver.sql.SqlMigrationExecutor.lambda$execute$0(SqlMigrationExecutor.java:57)
		at org.flywaydb.core.internal.database.DefaultExecutionStrategy.execute(DefaultExecutionStrategy.java:27)
		at org.flywaydb.core.internal.resolver.sql.SqlMigrationExecutor.execute(SqlMigrationExecutor.java:56)
		at org.flywaydb.core.internal.command.DbMigrate.doMigrateGroup(DbMigrate.java:374)
		... 77 more
	Caused by: org.postgresql.util.PSQLException: ERRO: erro de sintaxe em ou próximo a "GLB_OPERADOR_AGENCIAREGULADORA"
  Posição: 142
		at org.postgresql.core.v3.QueryExecutorImpl.receiveErrorResponse(QueryExecutorImpl.java:2733)
		at org.postgresql.core.v3.QueryExecutorImpl.processResults(QueryExecutorImpl.java:2420)
		at org.postgresql.core.v3.QueryExecutorImpl.execute(QueryExecutorImpl.java:372)
		at org.postgresql.jdbc.PgStatement.executeInternal(PgStatement.java:517)
		at org.postgresql.jdbc.PgStatement.execute(PgStatement.java:434)
		at org.postgresql.jdbc.PgStatement.executeWithFlags(PgStatement.java:356)
		at org.postgresql.jdbc.PgStatement.executeCachedSql(PgStatement.java:341)
		at org.postgresql.jdbc.PgStatement.executeWithFlags(PgStatement.java:317)
		at org.postgresql.jdbc.PgStatement.execute(PgStatement.java:312)
		at com.zaxxer.hikari.pool.ProxyStatement.execute(ProxyStatement.java:94)
		at com.zaxxer.hikari.pool.HikariProxyStatement.execute(HikariProxyStatement.java)
		at org.flywaydb.core.internal.jdbc.JdbcTemplate.executeStatement(JdbcTemplate.java:210)
		at org.flywaydb.core.internal.sqlscript.ParsedSqlStatement.execute(ParsedSqlStatement.java:89)
		at org.flywaydb.core.internal.sqlscript.DefaultSqlScriptExecutor.executeStatement(DefaultSqlScriptExecutor.java:206)
		... 83 more
28-Jan-2025 09:45:49.869 INFO [main] org.apache.catalina.startup.HostConfig.deployDescriptor Deployment of deployment descriptor [C:\Users\Erick.ferreira\Documents\workspace-jdk17\CitMobi2\src\conf\Catalina\localhost\citMobi2.xml] has finished in [17.101] ms
28-Jan-2025 09:45:49.874 INFO [main] org.apache.coyote.AbstractProtocol.start Starting ProtocolHandler ["http-nio-8085"]
28-Jan-2025 09:45:49.903 INFO [main] org.apache.catalina.startup.Catalina.start Server startup in [17219] milliseconds
28-Jan-2025 09:46:36.450 INFO [Thread-3] org.apache.coyote.AbstractProtocol.pause Pausing ProtocolHandler ["http-nio-8085"]
28-Jan-2025 09:46:36.646 INFO [Thread-3] org.apache.catalina.core.StandardService.stopInternal Stopping service [Catalina]
28-Jan-2025 09:46:36.647 INFO [Thread-3] org.apache.coyote.AbstractProtocol.stop Stopping ProtocolHandler ["http-nio-8085"]
28-Jan-2025 09:46:36.651 INFO [Thread-3] org.apache.coyote.AbstractProtocol.destroy Destroying ProtocolHandler ["http-nio-8085"]
28-Jan-2025 09:46:36.653 WARNING [Thread-3] org.apache.catalina.loader.WebappClassLoaderBase.clearReferencesJdbc The web application [citMobi2] registered the JDBC driver [org.postgresql.Driver] but failed to unregister it when the web application was stopped. To prevent a memory leak, the JDBC Driver has been forcibly unregistered.
28-Jan-2025 09:46:38.306 INFO [main] org.apache.catalina.startup.VersionLoggerListener.log Server version name:   Apache Tomcat/10.1.26
28-Jan-2025 09:46:38.311 INFO [main] org.apache.catalina.startup.VersionLoggerListener.log Server built:          Jul 7 2024 21:02:13 UTC
28-Jan-2025 09:46:38.311 INFO [main] org.apache.catalina.startup.VersionLoggerListener.log Server version number: 10.1.26.0
28-Jan-2025 09:46:38.311 INFO [main] org.apache.catalina.startup.VersionLoggerListener.log OS Name:               Windows 11
28-Jan-2025 09:46:38.311 INFO [main] org.apache.catalina.startup.VersionLoggerListener.log OS Version:            10.0
28-Jan-2025 09:46:38.311 INFO [main] org.apache.catalina.startup.VersionLoggerListener.log Architecture:          amd64
28-Jan-2025 09:46:38.311 INFO [main] org.apache.catalina.startup.VersionLoggerListener.log Java Home:             C:\Program Files\Java\jdk-17
28-Jan-2025 09:46:38.311 INFO [main] org.apache.catalina.startup.VersionLoggerListener.log JVM Version:           17.0.11+7-LTS-207
28-Jan-2025 09:46:38.312 INFO [main] org.apache.catalina.startup.VersionLoggerListener.log JVM Vendor:            Oracle Corporation
28-Jan-2025 09:46:38.312 INFO [main] org.apache.catalina.startup.VersionLoggerListener.log CATALINA_BASE:         C:\Users\Erick.ferreira\Documents\workspace-jdk17\CitMobi2\src
28-Jan-2025 09:46:38.312 INFO [main] org.apache.catalina.startup.VersionLoggerListener.log CATALINA_HOME:         C:\Program Files\Apache Software Foundation\Tomcat 10.1
28-Jan-2025 09:46:38.328 INFO [main] org.apache.catalina.startup.VersionLoggerListener.log Command line argument: --add-opens=java.base/java.lang=ALL-UNNAMED
28-Jan-2025 09:46:38.328 INFO [main] org.apache.catalina.startup.VersionLoggerListener.log Command line argument: --add-opens=java.base/java.io=ALL-UNNAMED
28-Jan-2025 09:46:38.328 INFO [main] org.apache.catalina.startup.VersionLoggerListener.log Command line argument: --add-opens=java.base/java.util=ALL-UNNAMED
28-Jan-2025 09:46:38.328 INFO [main] org.apache.catalina.startup.VersionLoggerListener.log Command line argument: --add-opens=java.base/java.util.concurrent=ALL-UNNAMED
28-Jan-2025 09:46:38.328 INFO [main] org.apache.catalina.startup.VersionLoggerListener.log Command line argument: --add-opens=java.rmi/sun.rmi.transport=ALL-UNNAMED
28-Jan-2025 09:46:38.328 INFO [main] org.apache.catalina.startup.VersionLoggerListener.log Command line argument: -Dcatalina.home=C:\Program Files\Apache Software Foundation\Tomcat 10.1
28-Jan-2025 09:46:38.328 INFO [main] org.apache.catalina.startup.VersionLoggerListener.log Command line argument: -Dcatalina.base=C:\Users\Erick.ferreira\Documents\workspace-jdk17\CitMobi2\src
28-Jan-2025 09:46:38.328 INFO [main] org.apache.catalina.startup.VersionLoggerListener.log Command line argument: -Djava.io.tmpdir=C:\Users\Erick.ferreira\Documents\workspace-jdk17\CitMobi2\src\temp
28-Jan-2025 09:46:38.328 INFO [main] org.apache.catalina.startup.VersionLoggerListener.log Command line argument: -Djava.util.logging.config.file=C:\Users\Erick.ferreira\Documents\workspace-jdk17\CitMobi2\src\conf\logging.properties
28-Jan-2025 09:46:38.329 INFO [main] org.apache.catalina.startup.VersionLoggerListener.log Command line argument: -Djava.util.logging.manager=org.apache.juli.ClassLoaderLogManager
28-Jan-2025 09:46:38.329 INFO [main] org.apache.catalina.startup.VersionLoggerListener.log Command line argument: -javaagent:C:\Program Files\JetBrains\IntelliJ IDEA Community Edition 2024.1.4\lib\idea_rt.jar=56697:C:\Program Files\JetBrains\IntelliJ IDEA Community Edition 2024.1.4\bin
28-Jan-2025 09:46:38.329 INFO [main] org.apache.catalina.startup.VersionLoggerListener.log Command line argument: -Dfile.encoding=UTF-8
28-Jan-2025 09:46:38.339 INFO [main] org.apache.catalina.core.AprLifecycleListener.lifecycleEvent The Apache Tomcat Native library which allows using OpenSSL was not found on the java.library.path: [C:\Program Files\Java\jdk-17\bin;C:\Windows\Sun\Java\bin;C:\Windows\system32;C:\Windows;C:\Program Files\Common Files\Oracle\Java\javapath;C:\Python312\Scripts\;C:\Python312\;C:\Program Files (x86)\Common Files\Oracle\Java\javapath;C:\app\TDV.Admin\product\11.2.0\client_1\bin;C:\Windows\system32;C:\Windows;C:\Windows\System32\Wbem;C:\Windows\System32\WindowsPowerShell\v1.0\;C:\Windows\System32\OpenSSH\;C:\Program Files\Git\cmd;C:\Java_Essentials\apache-maven-3.6.3\bin;C:\Program Files\nodejs\;C:\ProgramData\chocolatey\bin;C:\Program Files\dotnet\;C:\Program Files\MySQL\MySQL Shell 8.0\bin\;C:\Users\Erick.ferreira\.console-ninja\.bin;C:\Users\Erick.ferreira\AppData\Local\Microsoft\WindowsApps;C:\Users\Erick.ferreira\AppData\Local\Programs\Microsoft VS Code\bin;C:\Program Files\Java\jdk1.8.0_291\bin;C:\Users\Erick.ferreira\AppData\Roaming\npm;C:\Program Files\JetBrains\IntelliJ IDEA Community Edition 2024.1.4\bin;;C:\Users\Erick.ferreira\.dotnet\tools;.]
28-Jan-2025 09:46:38.631 INFO [main] org.apache.coyote.AbstractProtocol.init Initializing ProtocolHandler ["http-nio-8085"]
28-Jan-2025 09:46:38.652 INFO [main] org.apache.catalina.startup.Catalina.load Server initialization in [571] milliseconds
28-Jan-2025 09:46:38.713 INFO [main] org.apache.catalina.core.StandardService.startInternal Starting service [Catalina]
28-Jan-2025 09:46:38.714 INFO [main] org.apache.catalina.core.StandardEngine.startInternal Starting Servlet engine: [Apache Tomcat/10.1.26]
28-Jan-2025 09:46:38.731 INFO [main] org.apache.catalina.startup.HostConfig.deployDescriptor Deploying deployment descriptor [C:\Users\Erick.ferreira\Documents\workspace-jdk17\CitMobi2\src\conf\Catalina\localhost\citMobi2.xml]
28-Jan-2025 09:46:45.280 INFO [main] org.apache.jasper.servlet.TldScanner.scanJars At least one JAR was scanned for TLDs yet contained no TLDs. Enable debug logging for this logger for a complete list of JARs that were scanned but no TLDs were found in them. Skipping unneeded JARs during scanning can improve startup time and JSP compilation time.
28-Jan-2025 09:46:55.319 SEVERE [main] org.apache.catalina.startup.HostConfig.deployDescriptor Error deploying deployment descriptor [C:\Users\Erick.ferreira\Documents\workspace-jdk17\CitMobi2\src\conf\Catalina\localhost\citMobi2.xml]
	java.lang.IllegalStateException: Error starting child
		at org.apache.catalina.core.ContainerBase.addChildInternal(ContainerBase.java:602)
		at org.apache.catalina.core.ContainerBase.addChild(ContainerBase.java:571)
		at org.apache.catalina.core.StandardHost.addChild(StandardHost.java:654)
		at org.apache.catalina.startup.HostConfig.deployDescriptor(HostConfig.java:635)
		at org.apache.catalina.startup.HostConfig$DeployDescriptor.run(HostConfig.java:1889)
		at java.base/java.util.concurrent.Executors$RunnableAdapter.call(Executors.java:539)
		at java.base/java.util.concurrent.FutureTask.run(FutureTask.java:264)
		at org.apache.tomcat.util.threads.InlineExecutorService.execute(InlineExecutorService.java:75)
		at java.base/java.util.concurrent.AbstractExecutorService.submit(AbstractExecutorService.java:123)
		at org.apache.catalina.startup.HostConfig.deployDescriptors(HostConfig.java:530)
		at org.apache.catalina.startup.HostConfig.deployApps(HostConfig.java:421)
		at org.apache.catalina.startup.HostConfig.start(HostConfig.java:1629)
		at org.apache.catalina.startup.HostConfig.lifecycleEvent(HostConfig.java:303)
		at org.apache.catalina.util.LifecycleBase.fireLifecycleEvent(LifecycleBase.java:109)
		at org.apache.catalina.util.LifecycleBase.setStateInternal(LifecycleBase.java:385)
		at org.apache.catalina.util.LifecycleBase.setState(LifecycleBase.java:332)
		at org.apache.catalina.core.ContainerBase.startInternal(ContainerBase.java:776)
		at org.apache.catalina.core.StandardHost.startInternal(StandardHost.java:772)
		at org.apache.catalina.util.LifecycleBase.start(LifecycleBase.java:164)
		at org.apache.catalina.core.ContainerBase$StartChild.call(ContainerBase.java:1203)
		at org.apache.catalina.core.ContainerBase$StartChild.call(ContainerBase.java:1193)
		at java.base/java.util.concurrent.FutureTask.run(FutureTask.java:264)
		at org.apache.tomcat.util.threads.InlineExecutorService.execute(InlineExecutorService.java:75)
		at java.base/java.util.concurrent.AbstractExecutorService.submit(AbstractExecutorService.java:145)
		at org.apache.catalina.core.ContainerBase.startInternal(ContainerBase.java:749)
		at org.apache.catalina.core.StandardEngine.startInternal(StandardEngine.java:203)
		at org.apache.catalina.util.LifecycleBase.start(LifecycleBase.java:164)
		at org.apache.catalina.core.StandardService.startInternal(StandardService.java:415)
		at org.apache.catalina.util.LifecycleBase.start(LifecycleBase.java:164)
		at org.apache.catalina.core.StandardServer.startInternal(StandardServer.java:874)
		at org.apache.catalina.util.LifecycleBase.start(LifecycleBase.java:164)
		at org.apache.catalina.startup.Catalina.start(Catalina.java:757)
		at java.base/jdk.internal.reflect.NativeMethodAccessorImpl.invoke0(Native Method)
		at java.base/jdk.internal.reflect.NativeMethodAccessorImpl.invoke(NativeMethodAccessorImpl.java:77)
		at java.base/jdk.internal.reflect.DelegatingMethodAccessorImpl.invoke(DelegatingMethodAccessorImpl.java:43)
		at java.base/java.lang.reflect.Method.invoke(Method.java:568)
		at org.apache.catalina.startup.Bootstrap.start(Bootstrap.java:345)
		at org.apache.catalina.startup.Bootstrap.main(Bootstrap.java:473)
	Caused by: org.apache.catalina.LifecycleException: Failed to start component [StandardEngine[Catalina].StandardHost[localhost].StandardContext[/citMobi2]]
		at org.apache.catalina.util.LifecycleBase.handleSubClassException(LifecycleBase.java:402)
		at org.apache.catalina.util.LifecycleBase.start(LifecycleBase.java:179)
		at org.apache.catalina.core.ContainerBase.addChildInternal(ContainerBase.java:599)
		... 37 more
	Caused by: org.springframework.beans.factory.BeanCreationException: Error creating bean with name 'entityManagerFactory' defined in class path resource [org/springframework/boot/autoconfigure/orm/jpa/HibernateJpaConfiguration.class]: Failed to initialize dependency 'flywayInitializer' of LoadTimeWeaverAware bean 'entityManagerFactory': Error creating bean with name 'flywayInitializer' defined in class path resource [org/springframework/boot/autoconfigure/flyway/FlywayAutoConfiguration$FlywayConfiguration.class]: Migration V1__create_tables.sql failed
--------------------------------------
SQL State  : 42601
Error Code : 0
Message    : ERRO: erro de sintaxe em ou próximo a "GLB_OPERADOR_AGENCIAREGULADORA"
  Posição: 142
Location   : db/migration/V1__create_tables.sql (C:\Users\Erick.ferreira\Documents\workspace-jdk17\CitMobi2\target\classes\db\migration\V1__create_tables.sql)
Line       : 17
Statement  : CREATE TABLE T_GLB_OPERADOR (
    GLB_OPERADOR_CNPJ VARCHAR(18) NOT NULL PRIMARY KEY,
    GLB_OPERADOR_RAZAOSOCIAL VARCHAR(255) NOT NULL
    GLB_OPERADOR_AGENCIAREGULADORA VARCHAR(1)   NOT NULL DEFAULT 'N' NOT NULL CHECK (GLB_OPERADOR_AGENCIAREGULADORA IN ('S', 'N')),
)

		at org.springframework.beans.factory.support.AbstractBeanFactory.doGetBean(AbstractBeanFactory.java:326)
		at org.springframework.beans.factory.support.AbstractBeanFactory.getBean(AbstractBeanFactory.java:205)
		at org.springframework.context.support.AbstractApplicationContext.finishBeanFactoryInitialization(AbstractApplicationContext.java:954)
		at org.springframework.context.support.AbstractApplicationContext.refresh(AbstractApplicationContext.java:625)
		at org.springframework.boot.web.servlet.context.ServletWebServerApplicationContext.refresh(ServletWebServerApplicationContext.java:146)
		at org.springframework.boot.SpringApplication.refresh(SpringApplication.java:754)
		at org.springframework.boot.SpringApplication.refreshContext(SpringApplication.java:456)
		at org.springframework.boot.SpringApplication.run(SpringApplication.java:335)
		at org.springframework.boot.web.servlet.support.SpringBootServletInitializer.run(SpringBootServletInitializer.java:174)
		at org.springframework.boot.web.servlet.support.SpringBootServletInitializer.createRootApplicationContext(SpringBootServletInitializer.java:154)
		at org.springframework.boot.web.servlet.support.SpringBootServletInitializer.onStartup(SpringBootServletInitializer.java:96)
		at org.springframework.web.SpringServletContainerInitializer.onStartup(SpringServletContainerInitializer.java:171)
		at org.apache.catalina.core.StandardContext.startInternal(StandardContext.java:4414)
		at org.apache.catalina.util.LifecycleBase.start(LifecycleBase.java:164)
		... 38 more
	Caused by: org.springframework.beans.factory.BeanCreationException: Error creating bean with name 'flywayInitializer' defined in class path resource [org/springframework/boot/autoconfigure/flyway/FlywayAutoConfiguration$FlywayConfiguration.class]: Migration V1__create_tables.sql failed
--------------------------------------
SQL State  : 42601
Error Code : 0
Message    : ERRO: erro de sintaxe em ou próximo a "GLB_OPERADOR_AGENCIAREGULADORA"
  Posição: 142
Location   : db/migration/V1__create_tables.sql (C:\Users\Erick.ferreira\Documents\workspace-jdk17\CitMobi2\target\classes\db\migration\V1__create_tables.sql)
Line       : 17
Statement  : CREATE TABLE T_GLB_OPERADOR (
    GLB_OPERADOR_CNPJ VARCHAR(18) NOT NULL PRIMARY KEY,
    GLB_OPERADOR_RAZAOSOCIAL VARCHAR(255) NOT NULL
    GLB_OPERADOR_AGENCIAREGULADORA VARCHAR(1)   NOT NULL DEFAULT 'N' NOT NULL CHECK (GLB_OPERADOR_AGENCIAREGULADORA IN ('S', 'N')),
)

		at org.springframework.beans.factory.support.AbstractAutowireCapableBeanFactory.initializeBean(AbstractAutowireCapableBeanFactory.java:1806)
		at org.springframework.beans.factory.support.AbstractAutowireCapableBeanFactory.doCreateBean(AbstractAutowireCapableBeanFactory.java:600)
		at org.springframework.beans.factory.support.AbstractAutowireCapableBeanFactory.createBean(AbstractAutowireCapableBeanFactory.java:522)
		at org.springframework.beans.factory.support.AbstractBeanFactory.lambda$doGetBean$0(AbstractBeanFactory.java:337)
		at org.springframework.beans.factory.support.DefaultSingletonBeanRegistry.getSingleton(DefaultSingletonBeanRegistry.java:234)
		at org.springframework.beans.factory.support.AbstractBeanFactory.doGetBean(AbstractBeanFactory.java:335)
		at org.springframework.beans.factory.support.AbstractBeanFactory.getBean(AbstractBeanFactory.java:200)
		at org.springframework.beans.factory.support.AbstractBeanFactory.doGetBean(AbstractBeanFactory.java:313)
		... 51 more
	Caused by: org.flywaydb.core.internal.command.DbMigrate$FlywayMigrateException: Migration V1__create_tables.sql failed
--------------------------------------
SQL State  : 42601
Error Code : 0
Message    : ERRO: erro de sintaxe em ou próximo a "GLB_OPERADOR_AGENCIAREGULADORA"
  Posição: 142
Location   : db/migration/V1__create_tables.sql (C:\Users\Erick.ferreira\Documents\workspace-jdk17\CitMobi2\target\classes\db\migration\V1__create_tables.sql)
Line       : 17
Statement  : CREATE TABLE T_GLB_OPERADOR (
    GLB_OPERADOR_CNPJ VARCHAR(18) NOT NULL PRIMARY KEY,
    GLB_OPERADOR_RAZAOSOCIAL VARCHAR(255) NOT NULL
    GLB_OPERADOR_AGENCIAREGULADORA VARCHAR(1)   NOT NULL DEFAULT 'N' NOT NULL CHECK (GLB_OPERADOR_AGENCIAREGULADORA IN ('S', 'N')),
)

		at org.flywaydb.core.internal.command.DbMigrate.doMigrateGroup(DbMigrate.java:382)
		at org.flywaydb.core.internal.command.DbMigrate.lambda$applyMigrations$1(DbMigrate.java:272)
		at org.flywaydb.core.internal.jdbc.TransactionalExecutionTemplate.execute(TransactionalExecutionTemplate.java:55)
		at org.flywaydb.core.internal.command.DbMigrate.applyMigrations(DbMigrate.java:271)
		at org.flywaydb.core.internal.command.DbMigrate.migrateGroup(DbMigrate.java:244)
		at org.flywaydb.core.internal.command.DbMigrate.lambda$migrateAll$0(DbMigrate.java:139)
		at org.flywaydb.database.postgresql.PostgreSQLAdvisoryLockTemplate.execute(PostgreSQLAdvisoryLockTemplate.java:73)
		at org.flywaydb.database.postgresql.PostgreSQLAdvisoryLockTemplate.lambda$execute$0(PostgreSQLAdvisoryLockTemplate.java:56)
		at org.flywaydb.core.internal.jdbc.TransactionalExecutionTemplate.execute(TransactionalExecutionTemplate.java:55)
		at org.flywaydb.database.postgresql.PostgreSQLAdvisoryLockTemplate.execute(PostgreSQLAdvisoryLockTemplate.java:56)
		at org.flywaydb.database.postgresql.PostgreSQLConnection.lock(PostgreSQLConnection.java:96)
		at org.flywaydb.core.internal.schemahistory.JdbcTableSchemaHistory.lock(JdbcTableSchemaHistory.java:145)
		at org.flywaydb.core.internal.command.DbMigrate.migrateAll(DbMigrate.java:139)
		at org.flywaydb.core.internal.command.DbMigrate.migrate(DbMigrate.java:97)
		at org.flywaydb.core.Flyway.lambda$migrate$0(Flyway.java:202)
		at org.flywaydb.core.FlywayExecutor.execute(FlywayExecutor.java:205)
		at org.flywaydb.core.Flyway.migrate(Flyway.java:147)
		at org.springframework.boot.autoconfigure.flyway.FlywayMigrationInitializer.afterPropertiesSet(FlywayMigrationInitializer.java:66)
		at org.springframework.beans.factory.support.AbstractAutowireCapableBeanFactory.invokeInitMethods(AbstractAutowireCapableBeanFactory.java:1853)
		at org.springframework.beans.factory.support.AbstractAutowireCapableBeanFactory.initializeBean(AbstractAutowireCapableBeanFactory.java:1802)
		... 58 more
	Caused by: org.flywaydb.core.internal.sqlscript.FlywaySqlScriptException: Migration V1__create_tables.sql failed
--------------------------------------
SQL State  : 42601
Error Code : 0
Message    : ERRO: erro de sintaxe em ou próximo a "GLB_OPERADOR_AGENCIAREGULADORA"
  Posição: 142
Location   : db/migration/V1__create_tables.sql (C:\Users\Erick.ferreira\Documents\workspace-jdk17\CitMobi2\target\classes\db\migration\V1__create_tables.sql)
Line       : 17
Statement  : CREATE TABLE T_GLB_OPERADOR (
    GLB_OPERADOR_CNPJ VARCHAR(18) NOT NULL PRIMARY KEY,
    GLB_OPERADOR_RAZAOSOCIAL VARCHAR(255) NOT NULL
    GLB_OPERADOR_AGENCIAREGULADORA VARCHAR(1)   NOT NULL DEFAULT 'N' NOT NULL CHECK (GLB_OPERADOR_AGENCIAREGULADORA IN ('S', 'N')),
)

		at org.flywaydb.core.internal.sqlscript.DefaultSqlScriptExecutor.handleException(DefaultSqlScriptExecutor.java:252)
		at org.flywaydb.core.internal.sqlscript.DefaultSqlScriptExecutor.executeStatement(DefaultSqlScriptExecutor.java:214)
		at org.flywaydb.core.internal.sqlscript.DefaultSqlScriptExecutor.execute(DefaultSqlScriptExecutor.java:133)
		at org.flywaydb.core.internal.resolver.sql.SqlMigrationExecutor.executeOnce(SqlMigrationExecutor.java:65)
		at org.flywaydb.core.internal.resolver.sql.SqlMigrationExecutor.lambda$execute$0(SqlMigrationExecutor.java:57)
		at org.flywaydb.core.internal.database.DefaultExecutionStrategy.execute(DefaultExecutionStrategy.java:27)
		at org.flywaydb.core.internal.resolver.sql.SqlMigrationExecutor.execute(SqlMigrationExecutor.java:56)
		at org.flywaydb.core.internal.command.DbMigrate.doMigrateGroup(DbMigrate.java:374)
		... 77 more
	Caused by: org.postgresql.util.PSQLException: ERRO: erro de sintaxe em ou próximo a "GLB_OPERADOR_AGENCIAREGULADORA"
  Posição: 142
		at org.postgresql.core.v3.QueryExecutorImpl.receiveErrorResponse(QueryExecutorImpl.java:2733)
		at org.postgresql.core.v3.QueryExecutorImpl.processResults(QueryExecutorImpl.java:2420)
		at org.postgresql.core.v3.QueryExecutorImpl.execute(QueryExecutorImpl.java:372)
		at org.postgresql.jdbc.PgStatement.executeInternal(PgStatement.java:517)
		at org.postgresql.jdbc.PgStatement.execute(PgStatement.java:434)
		at org.postgresql.jdbc.PgStatement.executeWithFlags(PgStatement.java:356)
		at org.postgresql.jdbc.PgStatement.executeCachedSql(PgStatement.java:341)
		at org.postgresql.jdbc.PgStatement.executeWithFlags(PgStatement.java:317)
		at org.postgresql.jdbc.PgStatement.execute(PgStatement.java:312)
		at com.zaxxer.hikari.pool.ProxyStatement.execute(ProxyStatement.java:94)
		at com.zaxxer.hikari.pool.HikariProxyStatement.execute(HikariProxyStatement.java)
		at org.flywaydb.core.internal.jdbc.JdbcTemplate.executeStatement(JdbcTemplate.java:210)
		at org.flywaydb.core.internal.sqlscript.ParsedSqlStatement.execute(ParsedSqlStatement.java:89)
		at org.flywaydb.core.internal.sqlscript.DefaultSqlScriptExecutor.executeStatement(DefaultSqlScriptExecutor.java:206)
		... 83 more
28-Jan-2025 09:46:55.327 INFO [main] org.apache.catalina.startup.HostConfig.deployDescriptor Deployment of deployment descriptor [C:\Users\Erick.ferreira\Documents\workspace-jdk17\CitMobi2\src\conf\Catalina\localhost\citMobi2.xml] has finished in [16.595] ms
28-Jan-2025 09:46:55.330 INFO [main] org.apache.coyote.AbstractProtocol.start Starting ProtocolHandler ["http-nio-8085"]
28-Jan-2025 09:46:55.363 INFO [main] org.apache.catalina.startup.Catalina.start Server startup in [16710] milliseconds
28-Jan-2025 09:47:35.590 INFO [Thread-3] org.apache.coyote.AbstractProtocol.pause Pausing ProtocolHandler ["http-nio-8085"]
28-Jan-2025 09:47:35.767 INFO [Thread-3] org.apache.catalina.core.StandardService.stopInternal Stopping service [Catalina]
28-Jan-2025 09:47:35.768 INFO [Thread-3] org.apache.coyote.AbstractProtocol.stop Stopping ProtocolHandler ["http-nio-8085"]
28-Jan-2025 09:47:35.773 INFO [Thread-3] org.apache.coyote.AbstractProtocol.destroy Destroying ProtocolHandler ["http-nio-8085"]
28-Jan-2025 09:47:35.775 WARNING [Thread-3] org.apache.catalina.loader.WebappClassLoaderBase.clearReferencesJdbc The web application [citMobi2] registered the JDBC driver [org.postgresql.Driver] but failed to unregister it when the web application was stopped. To prevent a memory leak, the JDBC Driver has been forcibly unregistered.
28-Jan-2025 09:47:37.618 INFO [main] org.apache.catalina.startup.VersionLoggerListener.log Server version name:   Apache Tomcat/10.1.26
28-Jan-2025 09:47:37.623 INFO [main] org.apache.catalina.startup.VersionLoggerListener.log Server built:          Jul 7 2024 21:02:13 UTC
28-Jan-2025 09:47:37.623 INFO [main] org.apache.catalina.startup.VersionLoggerListener.log Server version number: 10.1.26.0
28-Jan-2025 09:47:37.623 INFO [main] org.apache.catalina.startup.VersionLoggerListener.log OS Name:               Windows 11
28-Jan-2025 09:47:37.623 INFO [main] org.apache.catalina.startup.VersionLoggerListener.log OS Version:            10.0
28-Jan-2025 09:47:37.624 INFO [main] org.apache.catalina.startup.VersionLoggerListener.log Architecture:          amd64
28-Jan-2025 09:47:37.624 INFO [main] org.apache.catalina.startup.VersionLoggerListener.log Java Home:             C:\Program Files\Java\jdk-17
28-Jan-2025 09:47:37.624 INFO [main] org.apache.catalina.startup.VersionLoggerListener.log JVM Version:           17.0.11+7-LTS-207
28-Jan-2025 09:47:37.624 INFO [main] org.apache.catalina.startup.VersionLoggerListener.log JVM Vendor:            Oracle Corporation
28-Jan-2025 09:47:37.624 INFO [main] org.apache.catalina.startup.VersionLoggerListener.log CATALINA_BASE:         C:\Users\Erick.ferreira\Documents\workspace-jdk17\CitMobi2\src
28-Jan-2025 09:47:37.624 INFO [main] org.apache.catalina.startup.VersionLoggerListener.log CATALINA_HOME:         C:\Program Files\Apache Software Foundation\Tomcat 10.1
28-Jan-2025 09:47:37.639 INFO [main] org.apache.catalina.startup.VersionLoggerListener.log Command line argument: --add-opens=java.base/java.lang=ALL-UNNAMED
28-Jan-2025 09:47:37.639 INFO [main] org.apache.catalina.startup.VersionLoggerListener.log Command line argument: --add-opens=java.base/java.io=ALL-UNNAMED
28-Jan-2025 09:47:37.639 INFO [main] org.apache.catalina.startup.VersionLoggerListener.log Command line argument: --add-opens=java.base/java.util=ALL-UNNAMED
28-Jan-2025 09:47:37.639 INFO [main] org.apache.catalina.startup.VersionLoggerListener.log Command line argument: --add-opens=java.base/java.util.concurrent=ALL-UNNAMED
28-Jan-2025 09:47:37.639 INFO [main] org.apache.catalina.startup.VersionLoggerListener.log Command line argument: --add-opens=java.rmi/sun.rmi.transport=ALL-UNNAMED
28-Jan-2025 09:47:37.639 INFO [main] org.apache.catalina.startup.VersionLoggerListener.log Command line argument: -Dcatalina.home=C:\Program Files\Apache Software Foundation\Tomcat 10.1
28-Jan-2025 09:47:37.640 INFO [main] org.apache.catalina.startup.VersionLoggerListener.log Command line argument: -Dcatalina.base=C:\Users\Erick.ferreira\Documents\workspace-jdk17\CitMobi2\src
28-Jan-2025 09:47:37.640 INFO [main] org.apache.catalina.startup.VersionLoggerListener.log Command line argument: -Djava.io.tmpdir=C:\Users\Erick.ferreira\Documents\workspace-jdk17\CitMobi2\src\temp
28-Jan-2025 09:47:37.640 INFO [main] org.apache.catalina.startup.VersionLoggerListener.log Command line argument: -Djava.util.logging.config.file=C:\Users\Erick.ferreira\Documents\workspace-jdk17\CitMobi2\src\conf\logging.properties
28-Jan-2025 09:47:37.640 INFO [main] org.apache.catalina.startup.VersionLoggerListener.log Command line argument: -Djava.util.logging.manager=org.apache.juli.ClassLoaderLogManager
28-Jan-2025 09:47:37.640 INFO [main] org.apache.catalina.startup.VersionLoggerListener.log Command line argument: -javaagent:C:\Program Files\JetBrains\IntelliJ IDEA Community Edition 2024.1.4\lib\idea_rt.jar=56712:C:\Program Files\JetBrains\IntelliJ IDEA Community Edition 2024.1.4\bin
28-Jan-2025 09:47:37.640 INFO [main] org.apache.catalina.startup.VersionLoggerListener.log Command line argument: -Dfile.encoding=UTF-8
28-Jan-2025 09:47:37.647 INFO [main] org.apache.catalina.core.AprLifecycleListener.lifecycleEvent The Apache Tomcat Native library which allows using OpenSSL was not found on the java.library.path: [C:\Program Files\Java\jdk-17\bin;C:\Windows\Sun\Java\bin;C:\Windows\system32;C:\Windows;C:\Program Files\Common Files\Oracle\Java\javapath;C:\Python312\Scripts\;C:\Python312\;C:\Program Files (x86)\Common Files\Oracle\Java\javapath;C:\app\TDV.Admin\product\11.2.0\client_1\bin;C:\Windows\system32;C:\Windows;C:\Windows\System32\Wbem;C:\Windows\System32\WindowsPowerShell\v1.0\;C:\Windows\System32\OpenSSH\;C:\Program Files\Git\cmd;C:\Java_Essentials\apache-maven-3.6.3\bin;C:\Program Files\nodejs\;C:\ProgramData\chocolatey\bin;C:\Program Files\dotnet\;C:\Program Files\MySQL\MySQL Shell 8.0\bin\;C:\Users\Erick.ferreira\.console-ninja\.bin;C:\Users\Erick.ferreira\AppData\Local\Microsoft\WindowsApps;C:\Users\Erick.ferreira\AppData\Local\Programs\Microsoft VS Code\bin;C:\Program Files\Java\jdk1.8.0_291\bin;C:\Users\Erick.ferreira\AppData\Roaming\npm;C:\Program Files\JetBrains\IntelliJ IDEA Community Edition 2024.1.4\bin;;C:\Users\Erick.ferreira\.dotnet\tools;.]
28-Jan-2025 09:47:37.913 INFO [main] org.apache.coyote.AbstractProtocol.init Initializing ProtocolHandler ["http-nio-8085"]
28-Jan-2025 09:47:37.935 INFO [main] org.apache.catalina.startup.Catalina.load Server initialization in [549] milliseconds
28-Jan-2025 09:47:37.994 INFO [main] org.apache.catalina.core.StandardService.startInternal Starting service [Catalina]
28-Jan-2025 09:47:37.994 INFO [main] org.apache.catalina.core.StandardEngine.startInternal Starting Servlet engine: [Apache Tomcat/10.1.26]
28-Jan-2025 09:47:38.010 INFO [main] org.apache.catalina.startup.HostConfig.deployDescriptor Deploying deployment descriptor [C:\Users\Erick.ferreira\Documents\workspace-jdk17\CitMobi2\src\conf\Catalina\localhost\citMobi2.xml]
28-Jan-2025 09:47:44.816 INFO [main] org.apache.catalina.startup.VersionLoggerListener.log Server version name:   Apache Tomcat/10.1.26
28-Jan-2025 09:47:44.821 INFO [main] org.apache.catalina.startup.VersionLoggerListener.log Server built:          Jul 7 2024 21:02:13 UTC
28-Jan-2025 09:47:44.822 INFO [main] org.apache.catalina.startup.VersionLoggerListener.log Server version number: 10.1.26.0
28-Jan-2025 09:47:44.822 INFO [main] org.apache.catalina.startup.VersionLoggerListener.log OS Name:               Windows 11
28-Jan-2025 09:47:44.822 INFO [main] org.apache.catalina.startup.VersionLoggerListener.log OS Version:            10.0
28-Jan-2025 09:47:44.822 INFO [main] org.apache.catalina.startup.VersionLoggerListener.log Architecture:          amd64
28-Jan-2025 09:47:44.822 INFO [main] org.apache.catalina.startup.VersionLoggerListener.log Java Home:             C:\Program Files\Java\jdk-17
28-Jan-2025 09:47:44.822 INFO [main] org.apache.catalina.startup.VersionLoggerListener.log JVM Version:           17.0.11+7-LTS-207
28-Jan-2025 09:47:44.823 INFO [main] org.apache.catalina.startup.VersionLoggerListener.log JVM Vendor:            Oracle Corporation
28-Jan-2025 09:47:44.823 INFO [main] org.apache.catalina.startup.VersionLoggerListener.log CATALINA_BASE:         C:\Users\Erick.ferreira\Documents\workspace-jdk17\CitMobi2\src
28-Jan-2025 09:47:44.823 INFO [main] org.apache.catalina.startup.VersionLoggerListener.log CATALINA_HOME:         C:\Program Files\Apache Software Foundation\Tomcat 10.1
28-Jan-2025 09:47:44.840 INFO [main] org.apache.catalina.startup.VersionLoggerListener.log Command line argument: --add-opens=java.base/java.lang=ALL-UNNAMED
28-Jan-2025 09:47:44.840 INFO [main] org.apache.catalina.startup.VersionLoggerListener.log Command line argument: --add-opens=java.base/java.io=ALL-UNNAMED
28-Jan-2025 09:47:44.841 INFO [main] org.apache.catalina.startup.VersionLoggerListener.log Command line argument: --add-opens=java.base/java.util=ALL-UNNAMED
28-Jan-2025 09:47:44.841 INFO [main] org.apache.catalina.startup.VersionLoggerListener.log Command line argument: --add-opens=java.base/java.util.concurrent=ALL-UNNAMED
28-Jan-2025 09:47:44.841 INFO [main] org.apache.catalina.startup.VersionLoggerListener.log Command line argument: --add-opens=java.rmi/sun.rmi.transport=ALL-UNNAMED
28-Jan-2025 09:47:44.841 INFO [main] org.apache.catalina.startup.VersionLoggerListener.log Command line argument: -Dcatalina.home=C:\Program Files\Apache Software Foundation\Tomcat 10.1
28-Jan-2025 09:47:44.841 INFO [main] org.apache.catalina.startup.VersionLoggerListener.log Command line argument: -Dcatalina.base=C:\Users\Erick.ferreira\Documents\workspace-jdk17\CitMobi2\src
28-Jan-2025 09:47:44.841 INFO [main] org.apache.catalina.startup.VersionLoggerListener.log Command line argument: -Djava.io.tmpdir=C:\Users\Erick.ferreira\Documents\workspace-jdk17\CitMobi2\src\temp
28-Jan-2025 09:47:44.841 INFO [main] org.apache.catalina.startup.VersionLoggerListener.log Command line argument: -Djava.util.logging.config.file=C:\Users\Erick.ferreira\Documents\workspace-jdk17\CitMobi2\src\conf\logging.properties
28-Jan-2025 09:47:44.841 INFO [main] org.apache.catalina.startup.VersionLoggerListener.log Command line argument: -Djava.util.logging.manager=org.apache.juli.ClassLoaderLogManager
28-Jan-2025 09:47:44.841 INFO [main] org.apache.catalina.startup.VersionLoggerListener.log Command line argument: -javaagent:C:\Program Files\JetBrains\IntelliJ IDEA Community Edition 2024.1.4\lib\idea_rt.jar=56723:C:\Program Files\JetBrains\IntelliJ IDEA Community Edition 2024.1.4\bin
28-Jan-2025 09:47:44.842 INFO [main] org.apache.catalina.startup.VersionLoggerListener.log Command line argument: -Dfile.encoding=UTF-8
28-Jan-2025 09:47:44.852 INFO [main] org.apache.catalina.core.AprLifecycleListener.lifecycleEvent The Apache Tomcat Native library which allows using OpenSSL was not found on the java.library.path: [C:\Program Files\Java\jdk-17\bin;C:\Windows\Sun\Java\bin;C:\Windows\system32;C:\Windows;C:\Program Files\Common Files\Oracle\Java\javapath;C:\Python312\Scripts\;C:\Python312\;C:\Program Files (x86)\Common Files\Oracle\Java\javapath;C:\app\TDV.Admin\product\11.2.0\client_1\bin;C:\Windows\system32;C:\Windows;C:\Windows\System32\Wbem;C:\Windows\System32\WindowsPowerShell\v1.0\;C:\Windows\System32\OpenSSH\;C:\Program Files\Git\cmd;C:\Java_Essentials\apache-maven-3.6.3\bin;C:\Program Files\nodejs\;C:\ProgramData\chocolatey\bin;C:\Program Files\dotnet\;C:\Program Files\MySQL\MySQL Shell 8.0\bin\;C:\Users\Erick.ferreira\.console-ninja\.bin;C:\Users\Erick.ferreira\AppData\Local\Microsoft\WindowsApps;C:\Users\Erick.ferreira\AppData\Local\Programs\Microsoft VS Code\bin;C:\Program Files\Java\jdk1.8.0_291\bin;C:\Users\Erick.ferreira\AppData\Roaming\npm;C:\Program Files\JetBrains\IntelliJ IDEA Community Edition 2024.1.4\bin;;C:\Users\Erick.ferreira\.dotnet\tools;.]
28-Jan-2025 09:47:45.143 INFO [main] org.apache.coyote.AbstractProtocol.init Initializing ProtocolHandler ["http-nio-8085"]
28-Jan-2025 09:47:45.164 INFO [main] org.apache.catalina.startup.Catalina.load Server initialization in [572] milliseconds
28-Jan-2025 09:47:45.228 INFO [main] org.apache.catalina.core.StandardService.startInternal Starting service [Catalina]
28-Jan-2025 09:47:45.229 INFO [main] org.apache.catalina.core.StandardEngine.startInternal Starting Servlet engine: [Apache Tomcat/10.1.26]
28-Jan-2025 09:47:45.246 INFO [main] org.apache.catalina.startup.HostConfig.deployDescriptor Deploying deployment descriptor [C:\Users\Erick.ferreira\Documents\workspace-jdk17\CitMobi2\src\conf\Catalina\localhost\citMobi2.xml]
28-Jan-2025 09:47:52.089 INFO [main] org.apache.jasper.servlet.TldScanner.scanJars At least one JAR was scanned for TLDs yet contained no TLDs. Enable debug logging for this logger for a complete list of JARs that were scanned but no TLDs were found in them. Skipping unneeded JARs during scanning can improve startup time and JSP compilation time.
28-Jan-2025 09:48:02.529 SEVERE [main] org.apache.catalina.startup.HostConfig.deployDescriptor Error deploying deployment descriptor [C:\Users\Erick.ferreira\Documents\workspace-jdk17\CitMobi2\src\conf\Catalina\localhost\citMobi2.xml]
	java.lang.IllegalStateException: Error starting child
		at org.apache.catalina.core.ContainerBase.addChildInternal(ContainerBase.java:602)
		at org.apache.catalina.core.ContainerBase.addChild(ContainerBase.java:571)
		at org.apache.catalina.core.StandardHost.addChild(StandardHost.java:654)
		at org.apache.catalina.startup.HostConfig.deployDescriptor(HostConfig.java:635)
		at org.apache.catalina.startup.HostConfig$DeployDescriptor.run(HostConfig.java:1889)
		at java.base/java.util.concurrent.Executors$RunnableAdapter.call(Executors.java:539)
		at java.base/java.util.concurrent.FutureTask.run(FutureTask.java:264)
		at org.apache.tomcat.util.threads.InlineExecutorService.execute(InlineExecutorService.java:75)
		at java.base/java.util.concurrent.AbstractExecutorService.submit(AbstractExecutorService.java:123)
		at org.apache.catalina.startup.HostConfig.deployDescriptors(HostConfig.java:530)
		at org.apache.catalina.startup.HostConfig.deployApps(HostConfig.java:421)
		at org.apache.catalina.startup.HostConfig.start(HostConfig.java:1629)
		at org.apache.catalina.startup.HostConfig.lifecycleEvent(HostConfig.java:303)
		at org.apache.catalina.util.LifecycleBase.fireLifecycleEvent(LifecycleBase.java:109)
		at org.apache.catalina.util.LifecycleBase.setStateInternal(LifecycleBase.java:385)
		at org.apache.catalina.util.LifecycleBase.setState(LifecycleBase.java:332)
		at org.apache.catalina.core.ContainerBase.startInternal(ContainerBase.java:776)
		at org.apache.catalina.core.StandardHost.startInternal(StandardHost.java:772)
		at org.apache.catalina.util.LifecycleBase.start(LifecycleBase.java:164)
		at org.apache.catalina.core.ContainerBase$StartChild.call(ContainerBase.java:1203)
		at org.apache.catalina.core.ContainerBase$StartChild.call(ContainerBase.java:1193)
		at java.base/java.util.concurrent.FutureTask.run(FutureTask.java:264)
		at org.apache.tomcat.util.threads.InlineExecutorService.execute(InlineExecutorService.java:75)
		at java.base/java.util.concurrent.AbstractExecutorService.submit(AbstractExecutorService.java:145)
		at org.apache.catalina.core.ContainerBase.startInternal(ContainerBase.java:749)
		at org.apache.catalina.core.StandardEngine.startInternal(StandardEngine.java:203)
		at org.apache.catalina.util.LifecycleBase.start(LifecycleBase.java:164)
		at org.apache.catalina.core.StandardService.startInternal(StandardService.java:415)
		at org.apache.catalina.util.LifecycleBase.start(LifecycleBase.java:164)
		at org.apache.catalina.core.StandardServer.startInternal(StandardServer.java:874)
		at org.apache.catalina.util.LifecycleBase.start(LifecycleBase.java:164)
		at org.apache.catalina.startup.Catalina.start(Catalina.java:757)
		at java.base/jdk.internal.reflect.NativeMethodAccessorImpl.invoke0(Native Method)
		at java.base/jdk.internal.reflect.NativeMethodAccessorImpl.invoke(NativeMethodAccessorImpl.java:77)
		at java.base/jdk.internal.reflect.DelegatingMethodAccessorImpl.invoke(DelegatingMethodAccessorImpl.java:43)
		at java.base/java.lang.reflect.Method.invoke(Method.java:568)
		at org.apache.catalina.startup.Bootstrap.start(Bootstrap.java:345)
		at org.apache.catalina.startup.Bootstrap.main(Bootstrap.java:473)
	Caused by: org.apache.catalina.LifecycleException: Failed to start component [StandardEngine[Catalina].StandardHost[localhost].StandardContext[/citMobi2]]
		at org.apache.catalina.util.LifecycleBase.handleSubClassException(LifecycleBase.java:402)
		at org.apache.catalina.util.LifecycleBase.start(LifecycleBase.java:179)
		at org.apache.catalina.core.ContainerBase.addChildInternal(ContainerBase.java:599)
		... 37 more
	Caused by: org.springframework.beans.factory.BeanCreationException: Error creating bean with name 'entityManagerFactory' defined in class path resource [org/springframework/boot/autoconfigure/orm/jpa/HibernateJpaConfiguration.class]: Failed to initialize dependency 'flywayInitializer' of LoadTimeWeaverAware bean 'entityManagerFactory': Error creating bean with name 'flywayInitializer' defined in class path resource [org/springframework/boot/autoconfigure/flyway/FlywayAutoConfiguration$FlywayConfiguration.class]: Migration V1__create_tables.sql failed
--------------------------------------
SQL State  : 42601
Error Code : 0
Message    : ERRO: erro de sintaxe em ou próximo a "GLB_OPERADOR_AGENCIAREGULADORA"
  Posição: 142
Location   : db/migration/V1__create_tables.sql (C:\Users\Erick.ferreira\Documents\workspace-jdk17\CitMobi2\target\classes\db\migration\V1__create_tables.sql)
Line       : 17
Statement  : CREATE TABLE T_GLB_OPERADOR (
    GLB_OPERADOR_CNPJ VARCHAR(18) NOT NULL PRIMARY KEY,
    GLB_OPERADOR_RAZAOSOCIAL VARCHAR(255) NOT NULL
    GLB_OPERADOR_AGENCIAREGULADORA VARCHAR(1)   NOT NULL DEFAULT 'N' NOT NULL CHECK (GLB_OPERADOR_AGENCIAREGULADORA IN ('S', 'N')),
    PRIMARY KEY(GLB_OPERADOR_CNPJ)
)

		at org.springframework.beans.factory.support.AbstractBeanFactory.doGetBean(AbstractBeanFactory.java:326)
		at org.springframework.beans.factory.support.AbstractBeanFactory.getBean(AbstractBeanFactory.java:205)
		at org.springframework.context.support.AbstractApplicationContext.finishBeanFactoryInitialization(AbstractApplicationContext.java:954)
		at org.springframework.context.support.AbstractApplicationContext.refresh(AbstractApplicationContext.java:625)
		at org.springframework.boot.web.servlet.context.ServletWebServerApplicationContext.refresh(ServletWebServerApplicationContext.java:146)
		at org.springframework.boot.SpringApplication.refresh(SpringApplication.java:754)
		at org.springframework.boot.SpringApplication.refreshContext(SpringApplication.java:456)
		at org.springframework.boot.SpringApplication.run(SpringApplication.java:335)
		at org.springframework.boot.web.servlet.support.SpringBootServletInitializer.run(SpringBootServletInitializer.java:174)
		at org.springframework.boot.web.servlet.support.SpringBootServletInitializer.createRootApplicationContext(SpringBootServletInitializer.java:154)
		at org.springframework.boot.web.servlet.support.SpringBootServletInitializer.onStartup(SpringBootServletInitializer.java:96)
		at org.springframework.web.SpringServletContainerInitializer.onStartup(SpringServletContainerInitializer.java:171)
		at org.apache.catalina.core.StandardContext.startInternal(StandardContext.java:4414)
		at org.apache.catalina.util.LifecycleBase.start(LifecycleBase.java:164)
		... 38 more
	Caused by: org.springframework.beans.factory.BeanCreationException: Error creating bean with name 'flywayInitializer' defined in class path resource [org/springframework/boot/autoconfigure/flyway/FlywayAutoConfiguration$FlywayConfiguration.class]: Migration V1__create_tables.sql failed
--------------------------------------
SQL State  : 42601
Error Code : 0
Message    : ERRO: erro de sintaxe em ou próximo a "GLB_OPERADOR_AGENCIAREGULADORA"
  Posição: 142
Location   : db/migration/V1__create_tables.sql (C:\Users\Erick.ferreira\Documents\workspace-jdk17\CitMobi2\target\classes\db\migration\V1__create_tables.sql)
Line       : 17
Statement  : CREATE TABLE T_GLB_OPERADOR (
    GLB_OPERADOR_CNPJ VARCHAR(18) NOT NULL PRIMARY KEY,
    GLB_OPERADOR_RAZAOSOCIAL VARCHAR(255) NOT NULL
    GLB_OPERADOR_AGENCIAREGULADORA VARCHAR(1)   NOT NULL DEFAULT 'N' NOT NULL CHECK (GLB_OPERADOR_AGENCIAREGULADORA IN ('S', 'N')),
    PRIMARY KEY(GLB_OPERADOR_CNPJ)
)

		at org.springframework.beans.factory.support.AbstractAutowireCapableBeanFactory.initializeBean(AbstractAutowireCapableBeanFactory.java:1806)
		at org.springframework.beans.factory.support.AbstractAutowireCapableBeanFactory.doCreateBean(AbstractAutowireCapableBeanFactory.java:600)
		at org.springframework.beans.factory.support.AbstractAutowireCapableBeanFactory.createBean(AbstractAutowireCapableBeanFactory.java:522)
		at org.springframework.beans.factory.support.AbstractBeanFactory.lambda$doGetBean$0(AbstractBeanFactory.java:337)
		at org.springframework.beans.factory.support.DefaultSingletonBeanRegistry.getSingleton(DefaultSingletonBeanRegistry.java:234)
		at org.springframework.beans.factory.support.AbstractBeanFactory.doGetBean(AbstractBeanFactory.java:335)
		at org.springframework.beans.factory.support.AbstractBeanFactory.getBean(AbstractBeanFactory.java:200)
		at org.springframework.beans.factory.support.AbstractBeanFactory.doGetBean(AbstractBeanFactory.java:313)
		... 51 more
	Caused by: org.flywaydb.core.internal.command.DbMigrate$FlywayMigrateException: Migration V1__create_tables.sql failed
--------------------------------------
SQL State  : 42601
Error Code : 0
Message    : ERRO: erro de sintaxe em ou próximo a "GLB_OPERADOR_AGENCIAREGULADORA"
  Posição: 142
Location   : db/migration/V1__create_tables.sql (C:\Users\Erick.ferreira\Documents\workspace-jdk17\CitMobi2\target\classes\db\migration\V1__create_tables.sql)
Line       : 17
Statement  : CREATE TABLE T_GLB_OPERADOR (
    GLB_OPERADOR_CNPJ VARCHAR(18) NOT NULL PRIMARY KEY,
    GLB_OPERADOR_RAZAOSOCIAL VARCHAR(255) NOT NULL
    GLB_OPERADOR_AGENCIAREGULADORA VARCHAR(1)   NOT NULL DEFAULT 'N' NOT NULL CHECK (GLB_OPERADOR_AGENCIAREGULADORA IN ('S', 'N')),
    PRIMARY KEY(GLB_OPERADOR_CNPJ)
)

		at org.flywaydb.core.internal.command.DbMigrate.doMigrateGroup(DbMigrate.java:382)
		at org.flywaydb.core.internal.command.DbMigrate.lambda$applyMigrations$1(DbMigrate.java:272)
		at org.flywaydb.core.internal.jdbc.TransactionalExecutionTemplate.execute(TransactionalExecutionTemplate.java:55)
		at org.flywaydb.core.internal.command.DbMigrate.applyMigrations(DbMigrate.java:271)
		at org.flywaydb.core.internal.command.DbMigrate.migrateGroup(DbMigrate.java:244)
		at org.flywaydb.core.internal.command.DbMigrate.lambda$migrateAll$0(DbMigrate.java:139)
		at org.flywaydb.database.postgresql.PostgreSQLAdvisoryLockTemplate.execute(PostgreSQLAdvisoryLockTemplate.java:73)
		at org.flywaydb.database.postgresql.PostgreSQLAdvisoryLockTemplate.lambda$execute$0(PostgreSQLAdvisoryLockTemplate.java:56)
		at org.flywaydb.core.internal.jdbc.TransactionalExecutionTemplate.execute(TransactionalExecutionTemplate.java:55)
		at org.flywaydb.database.postgresql.PostgreSQLAdvisoryLockTemplate.execute(PostgreSQLAdvisoryLockTemplate.java:56)
		at org.flywaydb.database.postgresql.PostgreSQLConnection.lock(PostgreSQLConnection.java:96)
		at org.flywaydb.core.internal.schemahistory.JdbcTableSchemaHistory.lock(JdbcTableSchemaHistory.java:145)
		at org.flywaydb.core.internal.command.DbMigrate.migrateAll(DbMigrate.java:139)
		at org.flywaydb.core.internal.command.DbMigrate.migrate(DbMigrate.java:97)
		at org.flywaydb.core.Flyway.lambda$migrate$0(Flyway.java:202)
		at org.flywaydb.core.FlywayExecutor.execute(FlywayExecutor.java:205)
		at org.flywaydb.core.Flyway.migrate(Flyway.java:147)
		at org.springframework.boot.autoconfigure.flyway.FlywayMigrationInitializer.afterPropertiesSet(FlywayMigrationInitializer.java:66)
		at org.springframework.beans.factory.support.AbstractAutowireCapableBeanFactory.invokeInitMethods(AbstractAutowireCapableBeanFactory.java:1853)
		at org.springframework.beans.factory.support.AbstractAutowireCapableBeanFactory.initializeBean(AbstractAutowireCapableBeanFactory.java:1802)
		... 58 more
	Caused by: org.flywaydb.core.internal.sqlscript.FlywaySqlScriptException: Migration V1__create_tables.sql failed
--------------------------------------
SQL State  : 42601
Error Code : 0
Message    : ERRO: erro de sintaxe em ou próximo a "GLB_OPERADOR_AGENCIAREGULADORA"
  Posição: 142
Location   : db/migration/V1__create_tables.sql (C:\Users\Erick.ferreira\Documents\workspace-jdk17\CitMobi2\target\classes\db\migration\V1__create_tables.sql)
Line       : 17
Statement  : CREATE TABLE T_GLB_OPERADOR (
    GLB_OPERADOR_CNPJ VARCHAR(18) NOT NULL PRIMARY KEY,
    GLB_OPERADOR_RAZAOSOCIAL VARCHAR(255) NOT NULL
    GLB_OPERADOR_AGENCIAREGULADORA VARCHAR(1)   NOT NULL DEFAULT 'N' NOT NULL CHECK (GLB_OPERADOR_AGENCIAREGULADORA IN ('S', 'N')),
    PRIMARY KEY(GLB_OPERADOR_CNPJ)
)

		at org.flywaydb.core.internal.sqlscript.DefaultSqlScriptExecutor.handleException(DefaultSqlScriptExecutor.java:252)
		at org.flywaydb.core.internal.sqlscript.DefaultSqlScriptExecutor.executeStatement(DefaultSqlScriptExecutor.java:214)
		at org.flywaydb.core.internal.sqlscript.DefaultSqlScriptExecutor.execute(DefaultSqlScriptExecutor.java:133)
		at org.flywaydb.core.internal.resolver.sql.SqlMigrationExecutor.executeOnce(SqlMigrationExecutor.java:65)
		at org.flywaydb.core.internal.resolver.sql.SqlMigrationExecutor.lambda$execute$0(SqlMigrationExecutor.java:57)
		at org.flywaydb.core.internal.database.DefaultExecutionStrategy.execute(DefaultExecutionStrategy.java:27)
		at org.flywaydb.core.internal.resolver.sql.SqlMigrationExecutor.execute(SqlMigrationExecutor.java:56)
		at org.flywaydb.core.internal.command.DbMigrate.doMigrateGroup(DbMigrate.java:374)
		... 77 more
	Caused by: org.postgresql.util.PSQLException: ERRO: erro de sintaxe em ou próximo a "GLB_OPERADOR_AGENCIAREGULADORA"
  Posição: 142
		at org.postgresql.core.v3.QueryExecutorImpl.receiveErrorResponse(QueryExecutorImpl.java:2733)
		at org.postgresql.core.v3.QueryExecutorImpl.processResults(QueryExecutorImpl.java:2420)
		at org.postgresql.core.v3.QueryExecutorImpl.execute(QueryExecutorImpl.java:372)
		at org.postgresql.jdbc.PgStatement.executeInternal(PgStatement.java:517)
		at org.postgresql.jdbc.PgStatement.execute(PgStatement.java:434)
		at org.postgresql.jdbc.PgStatement.executeWithFlags(PgStatement.java:356)
		at org.postgresql.jdbc.PgStatement.executeCachedSql(PgStatement.java:341)
		at org.postgresql.jdbc.PgStatement.executeWithFlags(PgStatement.java:317)
		at org.postgresql.jdbc.PgStatement.execute(PgStatement.java:312)
		at com.zaxxer.hikari.pool.ProxyStatement.execute(ProxyStatement.java:94)
		at com.zaxxer.hikari.pool.HikariProxyStatement.execute(HikariProxyStatement.java)
		at org.flywaydb.core.internal.jdbc.JdbcTemplate.executeStatement(JdbcTemplate.java:210)
		at org.flywaydb.core.internal.sqlscript.ParsedSqlStatement.execute(ParsedSqlStatement.java:89)
		at org.flywaydb.core.internal.sqlscript.DefaultSqlScriptExecutor.executeStatement(DefaultSqlScriptExecutor.java:206)
		... 83 more
28-Jan-2025 09:48:02.538 INFO [main] org.apache.catalina.startup.HostConfig.deployDescriptor Deployment of deployment descriptor [C:\Users\Erick.ferreira\Documents\workspace-jdk17\CitMobi2\src\conf\Catalina\localhost\citMobi2.xml] has finished in [17.292] ms
28-Jan-2025 09:48:02.542 INFO [main] org.apache.coyote.AbstractProtocol.start Starting ProtocolHandler ["http-nio-8085"]
28-Jan-2025 09:48:02.572 INFO [main] org.apache.catalina.startup.Catalina.start Server startup in [17406] milliseconds
28-Jan-2025 10:02:15.349 INFO [Thread-3] org.apache.coyote.AbstractProtocol.pause Pausing ProtocolHandler ["http-nio-8085"]
28-Jan-2025 10:02:15.530 INFO [Thread-3] org.apache.catalina.core.StandardService.stopInternal Stopping service [Catalina]
28-Jan-2025 10:02:15.531 INFO [Thread-3] org.apache.coyote.AbstractProtocol.stop Stopping ProtocolHandler ["http-nio-8085"]
28-Jan-2025 10:02:15.534 INFO [Thread-3] org.apache.coyote.AbstractProtocol.destroy Destroying ProtocolHandler ["http-nio-8085"]
28-Jan-2025 10:02:15.537 WARNING [Thread-3] org.apache.catalina.loader.WebappClassLoaderBase.clearReferencesJdbc The web application [citMobi2] registered the JDBC driver [org.postgresql.Driver] but failed to unregister it when the web application was stopped. To prevent a memory leak, the JDBC Driver has been forcibly unregistered.
28-Jan-2025 10:02:17.685 INFO [main] org.apache.catalina.startup.VersionLoggerListener.log Server version name:   Apache Tomcat/10.1.26
28-Jan-2025 10:02:17.690 INFO [main] org.apache.catalina.startup.VersionLoggerListener.log Server built:          Jul 7 2024 21:02:13 UTC
28-Jan-2025 10:02:17.690 INFO [main] org.apache.catalina.startup.VersionLoggerListener.log Server version number: 10.1.26.0
28-Jan-2025 10:02:17.690 INFO [main] org.apache.catalina.startup.VersionLoggerListener.log OS Name:               Windows 11
28-Jan-2025 10:02:17.690 INFO [main] org.apache.catalina.startup.VersionLoggerListener.log OS Version:            10.0
28-Jan-2025 10:02:17.690 INFO [main] org.apache.catalina.startup.VersionLoggerListener.log Architecture:          amd64
28-Jan-2025 10:02:17.690 INFO [main] org.apache.catalina.startup.VersionLoggerListener.log Java Home:             C:\Program Files\Java\jdk-17
28-Jan-2025 10:02:17.690 INFO [main] org.apache.catalina.startup.VersionLoggerListener.log JVM Version:           17.0.11+7-LTS-207
28-Jan-2025 10:02:17.690 INFO [main] org.apache.catalina.startup.VersionLoggerListener.log JVM Vendor:            Oracle Corporation
28-Jan-2025 10:02:17.691 INFO [main] org.apache.catalina.startup.VersionLoggerListener.log CATALINA_BASE:         C:\Users\Erick.ferreira\Documents\workspace-jdk17\CitMobi2\src
28-Jan-2025 10:02:17.691 INFO [main] org.apache.catalina.startup.VersionLoggerListener.log CATALINA_HOME:         C:\Program Files\Apache Software Foundation\Tomcat 10.1
28-Jan-2025 10:02:17.708 INFO [main] org.apache.catalina.startup.VersionLoggerListener.log Command line argument: --add-opens=java.base/java.lang=ALL-UNNAMED
28-Jan-2025 10:02:17.708 INFO [main] org.apache.catalina.startup.VersionLoggerListener.log Command line argument: --add-opens=java.base/java.io=ALL-UNNAMED
28-Jan-2025 10:02:17.708 INFO [main] org.apache.catalina.startup.VersionLoggerListener.log Command line argument: --add-opens=java.base/java.util=ALL-UNNAMED
28-Jan-2025 10:02:17.708 INFO [main] org.apache.catalina.startup.VersionLoggerListener.log Command line argument: --add-opens=java.base/java.util.concurrent=ALL-UNNAMED
28-Jan-2025 10:02:17.709 INFO [main] org.apache.catalina.startup.VersionLoggerListener.log Command line argument: --add-opens=java.rmi/sun.rmi.transport=ALL-UNNAMED
28-Jan-2025 10:02:17.709 INFO [main] org.apache.catalina.startup.VersionLoggerListener.log Command line argument: -Dcatalina.home=C:\Program Files\Apache Software Foundation\Tomcat 10.1
28-Jan-2025 10:02:17.709 INFO [main] org.apache.catalina.startup.VersionLoggerListener.log Command line argument: -Dcatalina.base=C:\Users\Erick.ferreira\Documents\workspace-jdk17\CitMobi2\src
28-Jan-2025 10:02:17.709 INFO [main] org.apache.catalina.startup.VersionLoggerListener.log Command line argument: -Djava.io.tmpdir=C:\Users\Erick.ferreira\Documents\workspace-jdk17\CitMobi2\src\temp
28-Jan-2025 10:02:17.709 INFO [main] org.apache.catalina.startup.VersionLoggerListener.log Command line argument: -Djava.util.logging.config.file=C:\Users\Erick.ferreira\Documents\workspace-jdk17\CitMobi2\src\conf\logging.properties
28-Jan-2025 10:02:17.709 INFO [main] org.apache.catalina.startup.VersionLoggerListener.log Command line argument: -Djava.util.logging.manager=org.apache.juli.ClassLoaderLogManager
28-Jan-2025 10:02:17.709 INFO [main] org.apache.catalina.startup.VersionLoggerListener.log Command line argument: -javaagent:C:\Program Files\JetBrains\IntelliJ IDEA Community Edition 2024.1.4\lib\idea_rt.jar=56924:C:\Program Files\JetBrains\IntelliJ IDEA Community Edition 2024.1.4\bin
28-Jan-2025 10:02:17.709 INFO [main] org.apache.catalina.startup.VersionLoggerListener.log Command line argument: -Dfile.encoding=UTF-8
28-Jan-2025 10:02:17.721 INFO [main] org.apache.catalina.core.AprLifecycleListener.lifecycleEvent The Apache Tomcat Native library which allows using OpenSSL was not found on the java.library.path: [C:\Program Files\Java\jdk-17\bin;C:\Windows\Sun\Java\bin;C:\Windows\system32;C:\Windows;C:\Program Files\Common Files\Oracle\Java\javapath;C:\Python312\Scripts\;C:\Python312\;C:\Program Files (x86)\Common Files\Oracle\Java\javapath;C:\app\TDV.Admin\product\11.2.0\client_1\bin;C:\Windows\system32;C:\Windows;C:\Windows\System32\Wbem;C:\Windows\System32\WindowsPowerShell\v1.0\;C:\Windows\System32\OpenSSH\;C:\Program Files\Git\cmd;C:\Java_Essentials\apache-maven-3.6.3\bin;C:\Program Files\nodejs\;C:\ProgramData\chocolatey\bin;C:\Program Files\dotnet\;C:\Program Files\MySQL\MySQL Shell 8.0\bin\;C:\Users\Erick.ferreira\.console-ninja\.bin;C:\Users\Erick.ferreira\AppData\Local\Microsoft\WindowsApps;C:\Users\Erick.ferreira\AppData\Local\Programs\Microsoft VS Code\bin;C:\Program Files\Java\jdk1.8.0_291\bin;C:\Users\Erick.ferreira\AppData\Roaming\npm;C:\Program Files\JetBrains\IntelliJ IDEA Community Edition 2024.1.4\bin;;C:\Users\Erick.ferreira\.dotnet\tools;.]
28-Jan-2025 10:02:17.999 INFO [main] org.apache.coyote.AbstractProtocol.init Initializing ProtocolHandler ["http-nio-8085"]
28-Jan-2025 10:02:18.024 INFO [main] org.apache.catalina.startup.Catalina.load Server initialization in [593] milliseconds
28-Jan-2025 10:02:18.078 INFO [main] org.apache.catalina.core.StandardService.startInternal Starting service [Catalina]
28-Jan-2025 10:02:18.079 INFO [main] org.apache.catalina.core.StandardEngine.startInternal Starting Servlet engine: [Apache Tomcat/10.1.26]
28-Jan-2025 10:02:18.089 INFO [main] org.apache.catalina.startup.HostConfig.deployDescriptor Deploying deployment descriptor [C:\Users\Erick.ferreira\Documents\workspace-jdk17\CitMobi2\src\conf\Catalina\localhost\citMobi2.xml]
28-Jan-2025 10:02:24.715 INFO [main] org.apache.jasper.servlet.TldScanner.scanJars At least one JAR was scanned for TLDs yet contained no TLDs. Enable debug logging for this logger for a complete list of JARs that were scanned but no TLDs were found in them. Skipping unneeded JARs during scanning can improve startup time and JSP compilation time.
28-Jan-2025 10:02:34.668 SEVERE [main] org.apache.catalina.startup.HostConfig.deployDescriptor Error deploying deployment descriptor [C:\Users\Erick.ferreira\Documents\workspace-jdk17\CitMobi2\src\conf\Catalina\localhost\citMobi2.xml]
	java.lang.IllegalStateException: Error starting child
		at org.apache.catalina.core.ContainerBase.addChildInternal(ContainerBase.java:602)
		at org.apache.catalina.core.ContainerBase.addChild(ContainerBase.java:571)
		at org.apache.catalina.core.StandardHost.addChild(StandardHost.java:654)
		at org.apache.catalina.startup.HostConfig.deployDescriptor(HostConfig.java:635)
		at org.apache.catalina.startup.HostConfig$DeployDescriptor.run(HostConfig.java:1889)
		at java.base/java.util.concurrent.Executors$RunnableAdapter.call(Executors.java:539)
		at java.base/java.util.concurrent.FutureTask.run(FutureTask.java:264)
		at org.apache.tomcat.util.threads.InlineExecutorService.execute(InlineExecutorService.java:75)
		at java.base/java.util.concurrent.AbstractExecutorService.submit(AbstractExecutorService.java:123)
		at org.apache.catalina.startup.HostConfig.deployDescriptors(HostConfig.java:530)
		at org.apache.catalina.startup.HostConfig.deployApps(HostConfig.java:421)
		at org.apache.catalina.startup.HostConfig.start(HostConfig.java:1629)
		at org.apache.catalina.startup.HostConfig.lifecycleEvent(HostConfig.java:303)
		at org.apache.catalina.util.LifecycleBase.fireLifecycleEvent(LifecycleBase.java:109)
		at org.apache.catalina.util.LifecycleBase.setStateInternal(LifecycleBase.java:385)
		at org.apache.catalina.util.LifecycleBase.setState(LifecycleBase.java:332)
		at org.apache.catalina.core.ContainerBase.startInternal(ContainerBase.java:776)
		at org.apache.catalina.core.StandardHost.startInternal(StandardHost.java:772)
		at org.apache.catalina.util.LifecycleBase.start(LifecycleBase.java:164)
		at org.apache.catalina.core.ContainerBase$StartChild.call(ContainerBase.java:1203)
		at org.apache.catalina.core.ContainerBase$StartChild.call(ContainerBase.java:1193)
		at java.base/java.util.concurrent.FutureTask.run(FutureTask.java:264)
		at org.apache.tomcat.util.threads.InlineExecutorService.execute(InlineExecutorService.java:75)
		at java.base/java.util.concurrent.AbstractExecutorService.submit(AbstractExecutorService.java:145)
		at org.apache.catalina.core.ContainerBase.startInternal(ContainerBase.java:749)
		at org.apache.catalina.core.StandardEngine.startInternal(StandardEngine.java:203)
		at org.apache.catalina.util.LifecycleBase.start(LifecycleBase.java:164)
		at org.apache.catalina.core.StandardService.startInternal(StandardService.java:415)
		at org.apache.catalina.util.LifecycleBase.start(LifecycleBase.java:164)
		at org.apache.catalina.core.StandardServer.startInternal(StandardServer.java:874)
		at org.apache.catalina.util.LifecycleBase.start(LifecycleBase.java:164)
		at org.apache.catalina.startup.Catalina.start(Catalina.java:757)
		at java.base/jdk.internal.reflect.NativeMethodAccessorImpl.invoke0(Native Method)
		at java.base/jdk.internal.reflect.NativeMethodAccessorImpl.invoke(NativeMethodAccessorImpl.java:77)
		at java.base/jdk.internal.reflect.DelegatingMethodAccessorImpl.invoke(DelegatingMethodAccessorImpl.java:43)
		at java.base/java.lang.reflect.Method.invoke(Method.java:568)
		at org.apache.catalina.startup.Bootstrap.start(Bootstrap.java:345)
		at org.apache.catalina.startup.Bootstrap.main(Bootstrap.java:473)
	Caused by: org.apache.catalina.LifecycleException: Failed to start component [StandardEngine[Catalina].StandardHost[localhost].StandardContext[/citMobi2]]
		at org.apache.catalina.util.LifecycleBase.handleSubClassException(LifecycleBase.java:402)
		at org.apache.catalina.util.LifecycleBase.start(LifecycleBase.java:179)
		at org.apache.catalina.core.ContainerBase.addChildInternal(ContainerBase.java:599)
		... 37 more
	Caused by: org.springframework.beans.factory.BeanCreationException: Error creating bean with name 'entityManagerFactory' defined in class path resource [org/springframework/boot/autoconfigure/orm/jpa/HibernateJpaConfiguration.class]: Failed to initialize dependency 'flywayInitializer' of LoadTimeWeaverAware bean 'entityManagerFactory': Error creating bean with name 'flywayInitializer' defined in class path resource [org/springframework/boot/autoconfigure/flyway/FlywayAutoConfiguration$FlywayConfiguration.class]: Migration V1__create_tables.sql failed
--------------------------------------
SQL State  : 42601
Error Code : 0
Message    : ERRO: erro de sintaxe em ou próximo a "GLB_OPERADOR_AGENCIAREGULADORA"
  Posição: 142
Location   : db/migration/V1__create_tables.sql (C:\Users\Erick.ferreira\Documents\workspace-jdk17\CitMobi2\target\classes\db\migration\V1__create_tables.sql)
Line       : 17
Statement  : CREATE TABLE T_GLB_OPERADOR (
    GLB_OPERADOR_CNPJ VARCHAR(18) NOT NULL PRIMARY KEY,
    GLB_OPERADOR_RAZAOSOCIAL VARCHAR(255) NOT NULL
    GLB_OPERADOR_AGENCIAREGULADORA VARCHAR(1)  NOT NULL DEFAULT 'N' CHECK (GLB_OPERADOR_AGENCIAREGULADORA IN ('S', 'N')),
    PRIMARY KEY(GLB_OPERADOR_CNPJ)
)

		at org.springframework.beans.factory.support.AbstractBeanFactory.doGetBean(AbstractBeanFactory.java:326)
		at org.springframework.beans.factory.support.AbstractBeanFactory.getBean(AbstractBeanFactory.java:205)
		at org.springframework.context.support.AbstractApplicationContext.finishBeanFactoryInitialization(AbstractApplicationContext.java:954)
		at org.springframework.context.support.AbstractApplicationContext.refresh(AbstractApplicationContext.java:625)
		at org.springframework.boot.web.servlet.context.ServletWebServerApplicationContext.refresh(ServletWebServerApplicationContext.java:146)
		at org.springframework.boot.SpringApplication.refresh(SpringApplication.java:754)
		at org.springframework.boot.SpringApplication.refreshContext(SpringApplication.java:456)
		at org.springframework.boot.SpringApplication.run(SpringApplication.java:335)
		at org.springframework.boot.web.servlet.support.SpringBootServletInitializer.run(SpringBootServletInitializer.java:174)
		at org.springframework.boot.web.servlet.support.SpringBootServletInitializer.createRootApplicationContext(SpringBootServletInitializer.java:154)
		at org.springframework.boot.web.servlet.support.SpringBootServletInitializer.onStartup(SpringBootServletInitializer.java:96)
		at org.springframework.web.SpringServletContainerInitializer.onStartup(SpringServletContainerInitializer.java:171)
		at org.apache.catalina.core.StandardContext.startInternal(StandardContext.java:4414)
		at org.apache.catalina.util.LifecycleBase.start(LifecycleBase.java:164)
		... 38 more
	Caused by: org.springframework.beans.factory.BeanCreationException: Error creating bean with name 'flywayInitializer' defined in class path resource [org/springframework/boot/autoconfigure/flyway/FlywayAutoConfiguration$FlywayConfiguration.class]: Migration V1__create_tables.sql failed
--------------------------------------
SQL State  : 42601
Error Code : 0
Message    : ERRO: erro de sintaxe em ou próximo a "GLB_OPERADOR_AGENCIAREGULADORA"
  Posição: 142
Location   : db/migration/V1__create_tables.sql (C:\Users\Erick.ferreira\Documents\workspace-jdk17\CitMobi2\target\classes\db\migration\V1__create_tables.sql)
Line       : 17
Statement  : CREATE TABLE T_GLB_OPERADOR (
    GLB_OPERADOR_CNPJ VARCHAR(18) NOT NULL PRIMARY KEY,
    GLB_OPERADOR_RAZAOSOCIAL VARCHAR(255) NOT NULL
    GLB_OPERADOR_AGENCIAREGULADORA VARCHAR(1)  NOT NULL DEFAULT 'N' CHECK (GLB_OPERADOR_AGENCIAREGULADORA IN ('S', 'N')),
    PRIMARY KEY(GLB_OPERADOR_CNPJ)
)

		at org.springframework.beans.factory.support.AbstractAutowireCapableBeanFactory.initializeBean(AbstractAutowireCapableBeanFactory.java:1806)
		at org.springframework.beans.factory.support.AbstractAutowireCapableBeanFactory.doCreateBean(AbstractAutowireCapableBeanFactory.java:600)
		at org.springframework.beans.factory.support.AbstractAutowireCapableBeanFactory.createBean(AbstractAutowireCapableBeanFactory.java:522)
		at org.springframework.beans.factory.support.AbstractBeanFactory.lambda$doGetBean$0(AbstractBeanFactory.java:337)
		at org.springframework.beans.factory.support.DefaultSingletonBeanRegistry.getSingleton(DefaultSingletonBeanRegistry.java:234)
		at org.springframework.beans.factory.support.AbstractBeanFactory.doGetBean(AbstractBeanFactory.java:335)
		at org.springframework.beans.factory.support.AbstractBeanFactory.getBean(AbstractBeanFactory.java:200)
		at org.springframework.beans.factory.support.AbstractBeanFactory.doGetBean(AbstractBeanFactory.java:313)
		... 51 more
	Caused by: org.flywaydb.core.internal.command.DbMigrate$FlywayMigrateException: Migration V1__create_tables.sql failed
--------------------------------------
SQL State  : 42601
Error Code : 0
Message    : ERRO: erro de sintaxe em ou próximo a "GLB_OPERADOR_AGENCIAREGULADORA"
  Posição: 142
Location   : db/migration/V1__create_tables.sql (C:\Users\Erick.ferreira\Documents\workspace-jdk17\CitMobi2\target\classes\db\migration\V1__create_tables.sql)
Line       : 17
Statement  : CREATE TABLE T_GLB_OPERADOR (
    GLB_OPERADOR_CNPJ VARCHAR(18) NOT NULL PRIMARY KEY,
    GLB_OPERADOR_RAZAOSOCIAL VARCHAR(255) NOT NULL
    GLB_OPERADOR_AGENCIAREGULADORA VARCHAR(1)  NOT NULL DEFAULT 'N' CHECK (GLB_OPERADOR_AGENCIAREGULADORA IN ('S', 'N')),
    PRIMARY KEY(GLB_OPERADOR_CNPJ)
)

		at org.flywaydb.core.internal.command.DbMigrate.doMigrateGroup(DbMigrate.java:382)
		at org.flywaydb.core.internal.command.DbMigrate.lambda$applyMigrations$1(DbMigrate.java:272)
		at org.flywaydb.core.internal.jdbc.TransactionalExecutionTemplate.execute(TransactionalExecutionTemplate.java:55)
		at org.flywaydb.core.internal.command.DbMigrate.applyMigrations(DbMigrate.java:271)
		at org.flywaydb.core.internal.command.DbMigrate.migrateGroup(DbMigrate.java:244)
		at org.flywaydb.core.internal.command.DbMigrate.lambda$migrateAll$0(DbMigrate.java:139)
		at org.flywaydb.database.postgresql.PostgreSQLAdvisoryLockTemplate.execute(PostgreSQLAdvisoryLockTemplate.java:73)
		at org.flywaydb.database.postgresql.PostgreSQLAdvisoryLockTemplate.lambda$execute$0(PostgreSQLAdvisoryLockTemplate.java:56)
		at org.flywaydb.core.internal.jdbc.TransactionalExecutionTemplate.execute(TransactionalExecutionTemplate.java:55)
		at org.flywaydb.database.postgresql.PostgreSQLAdvisoryLockTemplate.execute(PostgreSQLAdvisoryLockTemplate.java:56)
		at org.flywaydb.database.postgresql.PostgreSQLConnection.lock(PostgreSQLConnection.java:96)
		at org.flywaydb.core.internal.schemahistory.JdbcTableSchemaHistory.lock(JdbcTableSchemaHistory.java:145)
		at org.flywaydb.core.internal.command.DbMigrate.migrateAll(DbMigrate.java:139)
		at org.flywaydb.core.internal.command.DbMigrate.migrate(DbMigrate.java:97)
		at org.flywaydb.core.Flyway.lambda$migrate$0(Flyway.java:202)
		at org.flywaydb.core.FlywayExecutor.execute(FlywayExecutor.java:205)
		at org.flywaydb.core.Flyway.migrate(Flyway.java:147)
		at org.springframework.boot.autoconfigure.flyway.FlywayMigrationInitializer.afterPropertiesSet(FlywayMigrationInitializer.java:66)
		at org.springframework.beans.factory.support.AbstractAutowireCapableBeanFactory.invokeInitMethods(AbstractAutowireCapableBeanFactory.java:1853)
		at org.springframework.beans.factory.support.AbstractAutowireCapableBeanFactory.initializeBean(AbstractAutowireCapableBeanFactory.java:1802)
		... 58 more
	Caused by: org.flywaydb.core.internal.sqlscript.FlywaySqlScriptException: Migration V1__create_tables.sql failed
--------------------------------------
SQL State  : 42601
Error Code : 0
Message    : ERRO: erro de sintaxe em ou próximo a "GLB_OPERADOR_AGENCIAREGULADORA"
  Posição: 142
Location   : db/migration/V1__create_tables.sql (C:\Users\Erick.ferreira\Documents\workspace-jdk17\CitMobi2\target\classes\db\migration\V1__create_tables.sql)
Line       : 17
Statement  : CREATE TABLE T_GLB_OPERADOR (
    GLB_OPERADOR_CNPJ VARCHAR(18) NOT NULL PRIMARY KEY,
    GLB_OPERADOR_RAZAOSOCIAL VARCHAR(255) NOT NULL
    GLB_OPERADOR_AGENCIAREGULADORA VARCHAR(1)  NOT NULL DEFAULT 'N' CHECK (GLB_OPERADOR_AGENCIAREGULADORA IN ('S', 'N')),
    PRIMARY KEY(GLB_OPERADOR_CNPJ)
)

		at org.flywaydb.core.internal.sqlscript.DefaultSqlScriptExecutor.handleException(DefaultSqlScriptExecutor.java:252)
		at org.flywaydb.core.internal.sqlscript.DefaultSqlScriptExecutor.executeStatement(DefaultSqlScriptExecutor.java:214)
		at org.flywaydb.core.internal.sqlscript.DefaultSqlScriptExecutor.execute(DefaultSqlScriptExecutor.java:133)
		at org.flywaydb.core.internal.resolver.sql.SqlMigrationExecutor.executeOnce(SqlMigrationExecutor.java:65)
		at org.flywaydb.core.internal.resolver.sql.SqlMigrationExecutor.lambda$execute$0(SqlMigrationExecutor.java:57)
		at org.flywaydb.core.internal.database.DefaultExecutionStrategy.execute(DefaultExecutionStrategy.java:27)
		at org.flywaydb.core.internal.resolver.sql.SqlMigrationExecutor.execute(SqlMigrationExecutor.java:56)
		at org.flywaydb.core.internal.command.DbMigrate.doMigrateGroup(DbMigrate.java:374)
		... 77 more
	Caused by: org.postgresql.util.PSQLException: ERRO: erro de sintaxe em ou próximo a "GLB_OPERADOR_AGENCIAREGULADORA"
  Posição: 142
		at org.postgresql.core.v3.QueryExecutorImpl.receiveErrorResponse(QueryExecutorImpl.java:2733)
		at org.postgresql.core.v3.QueryExecutorImpl.processResults(QueryExecutorImpl.java:2420)
		at org.postgresql.core.v3.QueryExecutorImpl.execute(QueryExecutorImpl.java:372)
		at org.postgresql.jdbc.PgStatement.executeInternal(PgStatement.java:517)
		at org.postgresql.jdbc.PgStatement.execute(PgStatement.java:434)
		at org.postgresql.jdbc.PgStatement.executeWithFlags(PgStatement.java:356)
		at org.postgresql.jdbc.PgStatement.executeCachedSql(PgStatement.java:341)
		at org.postgresql.jdbc.PgStatement.executeWithFlags(PgStatement.java:317)
		at org.postgresql.jdbc.PgStatement.execute(PgStatement.java:312)
		at com.zaxxer.hikari.pool.ProxyStatement.execute(ProxyStatement.java:94)
		at com.zaxxer.hikari.pool.HikariProxyStatement.execute(HikariProxyStatement.java)
		at org.flywaydb.core.internal.jdbc.JdbcTemplate.executeStatement(JdbcTemplate.java:210)
		at org.flywaydb.core.internal.sqlscript.ParsedSqlStatement.execute(ParsedSqlStatement.java:89)
		at org.flywaydb.core.internal.sqlscript.DefaultSqlScriptExecutor.executeStatement(DefaultSqlScriptExecutor.java:206)
		... 83 more
28-Jan-2025 10:02:34.674 INFO [main] org.apache.catalina.startup.HostConfig.deployDescriptor Deployment of deployment descriptor [C:\Users\Erick.ferreira\Documents\workspace-jdk17\CitMobi2\src\conf\Catalina\localhost\citMobi2.xml] has finished in [16.585] ms
28-Jan-2025 10:02:34.678 INFO [main] org.apache.coyote.AbstractProtocol.start Starting ProtocolHandler ["http-nio-8085"]
28-Jan-2025 10:02:34.704 INFO [main] org.apache.catalina.startup.Catalina.start Server startup in [16679] milliseconds
28-Jan-2025 10:04:19.270 INFO [Thread-3] org.apache.coyote.AbstractProtocol.pause Pausing ProtocolHandler ["http-nio-8085"]
28-Jan-2025 10:04:19.448 INFO [Thread-3] org.apache.catalina.core.StandardService.stopInternal Stopping service [Catalina]
28-Jan-2025 10:04:19.449 INFO [Thread-3] org.apache.coyote.AbstractProtocol.stop Stopping ProtocolHandler ["http-nio-8085"]
28-Jan-2025 10:04:19.453 INFO [Thread-3] org.apache.coyote.AbstractProtocol.destroy Destroying ProtocolHandler ["http-nio-8085"]
28-Jan-2025 10:04:19.456 WARNING [Thread-3] org.apache.catalina.loader.WebappClassLoaderBase.clearReferencesJdbc The web application [citMobi2] registered the JDBC driver [org.postgresql.Driver] but failed to unregister it when the web application was stopped. To prevent a memory leak, the JDBC Driver has been forcibly unregistered.
28-Jan-2025 10:04:21.872 INFO [main] org.apache.catalina.startup.VersionLoggerListener.log Server version name:   Apache Tomcat/10.1.26
28-Jan-2025 10:04:21.877 INFO [main] org.apache.catalina.startup.VersionLoggerListener.log Server built:          Jul 7 2024 21:02:13 UTC
28-Jan-2025 10:04:21.877 INFO [main] org.apache.catalina.startup.VersionLoggerListener.log Server version number: 10.1.26.0
28-Jan-2025 10:04:21.877 INFO [main] org.apache.catalina.startup.VersionLoggerListener.log OS Name:               Windows 11
28-Jan-2025 10:04:21.877 INFO [main] org.apache.catalina.startup.VersionLoggerListener.log OS Version:            10.0
28-Jan-2025 10:04:21.877 INFO [main] org.apache.catalina.startup.VersionLoggerListener.log Architecture:          amd64
28-Jan-2025 10:04:21.877 INFO [main] org.apache.catalina.startup.VersionLoggerListener.log Java Home:             C:\Program Files\Java\jdk-17
28-Jan-2025 10:04:21.877 INFO [main] org.apache.catalina.startup.VersionLoggerListener.log JVM Version:           17.0.11+7-LTS-207
28-Jan-2025 10:04:21.878 INFO [main] org.apache.catalina.startup.VersionLoggerListener.log JVM Vendor:            Oracle Corporation
28-Jan-2025 10:04:21.878 INFO [main] org.apache.catalina.startup.VersionLoggerListener.log CATALINA_BASE:         C:\Users\Erick.ferreira\Documents\workspace-jdk17\CitMobi2\src
28-Jan-2025 10:04:21.878 INFO [main] org.apache.catalina.startup.VersionLoggerListener.log CATALINA_HOME:         C:\Program Files\Apache Software Foundation\Tomcat 10.1
28-Jan-2025 10:04:21.890 INFO [main] org.apache.catalina.startup.VersionLoggerListener.log Command line argument: --add-opens=java.base/java.lang=ALL-UNNAMED
28-Jan-2025 10:04:21.890 INFO [main] org.apache.catalina.startup.VersionLoggerListener.log Command line argument: --add-opens=java.base/java.io=ALL-UNNAMED
28-Jan-2025 10:04:21.890 INFO [main] org.apache.catalina.startup.VersionLoggerListener.log Command line argument: --add-opens=java.base/java.util=ALL-UNNAMED
28-Jan-2025 10:04:21.890 INFO [main] org.apache.catalina.startup.VersionLoggerListener.log Command line argument: --add-opens=java.base/java.util.concurrent=ALL-UNNAMED
28-Jan-2025 10:04:21.891 INFO [main] org.apache.catalina.startup.VersionLoggerListener.log Command line argument: --add-opens=java.rmi/sun.rmi.transport=ALL-UNNAMED
28-Jan-2025 10:04:21.891 INFO [main] org.apache.catalina.startup.VersionLoggerListener.log Command line argument: -Dcatalina.home=C:\Program Files\Apache Software Foundation\Tomcat 10.1
28-Jan-2025 10:04:21.891 INFO [main] org.apache.catalina.startup.VersionLoggerListener.log Command line argument: -Dcatalina.base=C:\Users\Erick.ferreira\Documents\workspace-jdk17\CitMobi2\src
28-Jan-2025 10:04:21.891 INFO [main] org.apache.catalina.startup.VersionLoggerListener.log Command line argument: -Djava.io.tmpdir=C:\Users\Erick.ferreira\Documents\workspace-jdk17\CitMobi2\src\temp
28-Jan-2025 10:04:21.891 INFO [main] org.apache.catalina.startup.VersionLoggerListener.log Command line argument: -Djava.util.logging.config.file=C:\Users\Erick.ferreira\Documents\workspace-jdk17\CitMobi2\src\conf\logging.properties
28-Jan-2025 10:04:21.891 INFO [main] org.apache.catalina.startup.VersionLoggerListener.log Command line argument: -Djava.util.logging.manager=org.apache.juli.ClassLoaderLogManager
28-Jan-2025 10:04:21.891 INFO [main] org.apache.catalina.startup.VersionLoggerListener.log Command line argument: -javaagent:C:\Program Files\JetBrains\IntelliJ IDEA Community Edition 2024.1.4\lib\idea_rt.jar=57093:C:\Program Files\JetBrains\IntelliJ IDEA Community Edition 2024.1.4\bin
28-Jan-2025 10:04:21.891 INFO [main] org.apache.catalina.startup.VersionLoggerListener.log Command line argument: -Dfile.encoding=UTF-8
28-Jan-2025 10:04:21.900 INFO [main] org.apache.catalina.core.AprLifecycleListener.lifecycleEvent The Apache Tomcat Native library which allows using OpenSSL was not found on the java.library.path: [C:\Program Files\Java\jdk-17\bin;C:\Windows\Sun\Java\bin;C:\Windows\system32;C:\Windows;C:\Program Files\Common Files\Oracle\Java\javapath;C:\Python312\Scripts\;C:\Python312\;C:\Program Files (x86)\Common Files\Oracle\Java\javapath;C:\app\TDV.Admin\product\11.2.0\client_1\bin;C:\Windows\system32;C:\Windows;C:\Windows\System32\Wbem;C:\Windows\System32\WindowsPowerShell\v1.0\;C:\Windows\System32\OpenSSH\;C:\Program Files\Git\cmd;C:\Java_Essentials\apache-maven-3.6.3\bin;C:\Program Files\nodejs\;C:\ProgramData\chocolatey\bin;C:\Program Files\dotnet\;C:\Program Files\MySQL\MySQL Shell 8.0\bin\;C:\Users\Erick.ferreira\.console-ninja\.bin;C:\Users\Erick.ferreira\AppData\Local\Microsoft\WindowsApps;C:\Users\Erick.ferreira\AppData\Local\Programs\Microsoft VS Code\bin;C:\Program Files\Java\jdk1.8.0_291\bin;C:\Users\Erick.ferreira\AppData\Roaming\npm;C:\Program Files\JetBrains\IntelliJ IDEA Community Edition 2024.1.4\bin;;C:\Users\Erick.ferreira\.dotnet\tools;.]
28-Jan-2025 10:04:22.169 INFO [main] org.apache.coyote.AbstractProtocol.init Initializing ProtocolHandler ["http-nio-8085"]
28-Jan-2025 10:04:22.201 INFO [main] org.apache.catalina.startup.Catalina.load Server initialization in [549] milliseconds
28-Jan-2025 10:04:22.261 INFO [main] org.apache.catalina.core.StandardService.startInternal Starting service [Catalina]
28-Jan-2025 10:04:22.261 INFO [main] org.apache.catalina.core.StandardEngine.startInternal Starting Servlet engine: [Apache Tomcat/10.1.26]
28-Jan-2025 10:04:22.281 INFO [main] org.apache.catalina.startup.HostConfig.deployDescriptor Deploying deployment descriptor [C:\Users\Erick.ferreira\Documents\workspace-jdk17\CitMobi2\src\conf\Catalina\localhost\citMobi2.xml]
28-Jan-2025 10:04:28.916 INFO [main] org.apache.jasper.servlet.TldScanner.scanJars At least one JAR was scanned for TLDs yet contained no TLDs. Enable debug logging for this logger for a complete list of JARs that were scanned but no TLDs were found in them. Skipping unneeded JARs during scanning can improve startup time and JSP compilation time.
28-Jan-2025 10:04:38.592 SEVERE [main] org.apache.catalina.startup.HostConfig.deployDescriptor Error deploying deployment descriptor [C:\Users\Erick.ferreira\Documents\workspace-jdk17\CitMobi2\src\conf\Catalina\localhost\citMobi2.xml]
	java.lang.IllegalStateException: Error starting child
		at org.apache.catalina.core.ContainerBase.addChildInternal(ContainerBase.java:602)
		at org.apache.catalina.core.ContainerBase.addChild(ContainerBase.java:571)
		at org.apache.catalina.core.StandardHost.addChild(StandardHost.java:654)
		at org.apache.catalina.startup.HostConfig.deployDescriptor(HostConfig.java:635)
		at org.apache.catalina.startup.HostConfig$DeployDescriptor.run(HostConfig.java:1889)
		at java.base/java.util.concurrent.Executors$RunnableAdapter.call(Executors.java:539)
		at java.base/java.util.concurrent.FutureTask.run(FutureTask.java:264)
		at org.apache.tomcat.util.threads.InlineExecutorService.execute(InlineExecutorService.java:75)
		at java.base/java.util.concurrent.AbstractExecutorService.submit(AbstractExecutorService.java:123)
		at org.apache.catalina.startup.HostConfig.deployDescriptors(HostConfig.java:530)
		at org.apache.catalina.startup.HostConfig.deployApps(HostConfig.java:421)
		at org.apache.catalina.startup.HostConfig.start(HostConfig.java:1629)
		at org.apache.catalina.startup.HostConfig.lifecycleEvent(HostConfig.java:303)
		at org.apache.catalina.util.LifecycleBase.fireLifecycleEvent(LifecycleBase.java:109)
		at org.apache.catalina.util.LifecycleBase.setStateInternal(LifecycleBase.java:385)
		at org.apache.catalina.util.LifecycleBase.setState(LifecycleBase.java:332)
		at org.apache.catalina.core.ContainerBase.startInternal(ContainerBase.java:776)
		at org.apache.catalina.core.StandardHost.startInternal(StandardHost.java:772)
		at org.apache.catalina.util.LifecycleBase.start(LifecycleBase.java:164)
		at org.apache.catalina.core.ContainerBase$StartChild.call(ContainerBase.java:1203)
		at org.apache.catalina.core.ContainerBase$StartChild.call(ContainerBase.java:1193)
		at java.base/java.util.concurrent.FutureTask.run(FutureTask.java:264)
		at org.apache.tomcat.util.threads.InlineExecutorService.execute(InlineExecutorService.java:75)
		at java.base/java.util.concurrent.AbstractExecutorService.submit(AbstractExecutorService.java:145)
		at org.apache.catalina.core.ContainerBase.startInternal(ContainerBase.java:749)
		at org.apache.catalina.core.StandardEngine.startInternal(StandardEngine.java:203)
		at org.apache.catalina.util.LifecycleBase.start(LifecycleBase.java:164)
		at org.apache.catalina.core.StandardService.startInternal(StandardService.java:415)
		at org.apache.catalina.util.LifecycleBase.start(LifecycleBase.java:164)
		at org.apache.catalina.core.StandardServer.startInternal(StandardServer.java:874)
		at org.apache.catalina.util.LifecycleBase.start(LifecycleBase.java:164)
		at org.apache.catalina.startup.Catalina.start(Catalina.java:757)
		at java.base/jdk.internal.reflect.NativeMethodAccessorImpl.invoke0(Native Method)
		at java.base/jdk.internal.reflect.NativeMethodAccessorImpl.invoke(NativeMethodAccessorImpl.java:77)
		at java.base/jdk.internal.reflect.DelegatingMethodAccessorImpl.invoke(DelegatingMethodAccessorImpl.java:43)
		at java.base/java.lang.reflect.Method.invoke(Method.java:568)
		at org.apache.catalina.startup.Bootstrap.start(Bootstrap.java:345)
		at org.apache.catalina.startup.Bootstrap.main(Bootstrap.java:473)
	Caused by: org.apache.catalina.LifecycleException: Failed to start component [StandardEngine[Catalina].StandardHost[localhost].StandardContext[/citMobi2]]
		at org.apache.catalina.util.LifecycleBase.handleSubClassException(LifecycleBase.java:402)
		at org.apache.catalina.util.LifecycleBase.start(LifecycleBase.java:179)
		at org.apache.catalina.core.ContainerBase.addChildInternal(ContainerBase.java:599)
		... 37 more
	Caused by: org.springframework.beans.factory.BeanCreationException: Error creating bean with name 'entityManagerFactory' defined in class path resource [org/springframework/boot/autoconfigure/orm/jpa/HibernateJpaConfiguration.class]: Failed to initialize dependency 'flywayInitializer' of LoadTimeWeaverAware bean 'entityManagerFactory': Error creating bean with name 'flywayInitializer' defined in class path resource [org/springframework/boot/autoconfigure/flyway/FlywayAutoConfiguration$FlywayConfiguration.class]: Migration V1__create_tables.sql failed
--------------------------------------
SQL State  : 42601
Error Code : 0
Message    : ERRO: erro de sintaxe em ou próximo a "GLB_OPERADOR_AGENCIAREGULADORA"
  Posição: 142
Location   : db/migration/V1__create_tables.sql (C:\Users\Erick.ferreira\Documents\workspace-jdk17\CitMobi2\target\classes\db\migration\V1__create_tables.sql)
Line       : 17
Statement  : CREATE TABLE T_GLB_OPERADOR (
    GLB_OPERADOR_CNPJ VARCHAR(18) NOT NULL PRIMARY KEY,
    GLB_OPERADOR_RAZAOSOCIAL VARCHAR(255) NOT NULL
    GLB_OPERADOR_AGENCIAREGULADORA VARCHAR(1) DEFAULT 'N' NOT NULL CHECK (GLB_OPERADOR_AGENCIAREGULADORA IN ('S', 'N')),
    PRIMARY KEY(GLB_OPERADOR_CNPJ)
)

		at org.springframework.beans.factory.support.AbstractBeanFactory.doGetBean(AbstractBeanFactory.java:326)
		at org.springframework.beans.factory.support.AbstractBeanFactory.getBean(AbstractBeanFactory.java:205)
		at org.springframework.context.support.AbstractApplicationContext.finishBeanFactoryInitialization(AbstractApplicationContext.java:954)
		at org.springframework.context.support.AbstractApplicationContext.refresh(AbstractApplicationContext.java:625)
		at org.springframework.boot.web.servlet.context.ServletWebServerApplicationContext.refresh(ServletWebServerApplicationContext.java:146)
		at org.springframework.boot.SpringApplication.refresh(SpringApplication.java:754)
		at org.springframework.boot.SpringApplication.refreshContext(SpringApplication.java:456)
		at org.springframework.boot.SpringApplication.run(SpringApplication.java:335)
		at org.springframework.boot.web.servlet.support.SpringBootServletInitializer.run(SpringBootServletInitializer.java:174)
		at org.springframework.boot.web.servlet.support.SpringBootServletInitializer.createRootApplicationContext(SpringBootServletInitializer.java:154)
		at org.springframework.boot.web.servlet.support.SpringBootServletInitializer.onStartup(SpringBootServletInitializer.java:96)
		at org.springframework.web.SpringServletContainerInitializer.onStartup(SpringServletContainerInitializer.java:171)
		at org.apache.catalina.core.StandardContext.startInternal(StandardContext.java:4414)
		at org.apache.catalina.util.LifecycleBase.start(LifecycleBase.java:164)
		... 38 more
	Caused by: org.springframework.beans.factory.BeanCreationException: Error creating bean with name 'flywayInitializer' defined in class path resource [org/springframework/boot/autoconfigure/flyway/FlywayAutoConfiguration$FlywayConfiguration.class]: Migration V1__create_tables.sql failed
--------------------------------------
SQL State  : 42601
Error Code : 0
Message    : ERRO: erro de sintaxe em ou próximo a "GLB_OPERADOR_AGENCIAREGULADORA"
  Posição: 142
Location   : db/migration/V1__create_tables.sql (C:\Users\Erick.ferreira\Documents\workspace-jdk17\CitMobi2\target\classes\db\migration\V1__create_tables.sql)
Line       : 17
Statement  : CREATE TABLE T_GLB_OPERADOR (
    GLB_OPERADOR_CNPJ VARCHAR(18) NOT NULL PRIMARY KEY,
    GLB_OPERADOR_RAZAOSOCIAL VARCHAR(255) NOT NULL
    GLB_OPERADOR_AGENCIAREGULADORA VARCHAR(1) DEFAULT 'N' NOT NULL CHECK (GLB_OPERADOR_AGENCIAREGULADORA IN ('S', 'N')),
    PRIMARY KEY(GLB_OPERADOR_CNPJ)
)

		at org.springframework.beans.factory.support.AbstractAutowireCapableBeanFactory.initializeBean(AbstractAutowireCapableBeanFactory.java:1806)
		at org.springframework.beans.factory.support.AbstractAutowireCapableBeanFactory.doCreateBean(AbstractAutowireCapableBeanFactory.java:600)
		at org.springframework.beans.factory.support.AbstractAutowireCapableBeanFactory.createBean(AbstractAutowireCapableBeanFactory.java:522)
		at org.springframework.beans.factory.support.AbstractBeanFactory.lambda$doGetBean$0(AbstractBeanFactory.java:337)
		at org.springframework.beans.factory.support.DefaultSingletonBeanRegistry.getSingleton(DefaultSingletonBeanRegistry.java:234)
		at org.springframework.beans.factory.support.AbstractBeanFactory.doGetBean(AbstractBeanFactory.java:335)
		at org.springframework.beans.factory.support.AbstractBeanFactory.getBean(AbstractBeanFactory.java:200)
		at org.springframework.beans.factory.support.AbstractBeanFactory.doGetBean(AbstractBeanFactory.java:313)
		... 51 more
	Caused by: org.flywaydb.core.internal.command.DbMigrate$FlywayMigrateException: Migration V1__create_tables.sql failed
--------------------------------------
SQL State  : 42601
Error Code : 0
Message    : ERRO: erro de sintaxe em ou próximo a "GLB_OPERADOR_AGENCIAREGULADORA"
  Posição: 142
Location   : db/migration/V1__create_tables.sql (C:\Users\Erick.ferreira\Documents\workspace-jdk17\CitMobi2\target\classes\db\migration\V1__create_tables.sql)
Line       : 17
Statement  : CREATE TABLE T_GLB_OPERADOR (
    GLB_OPERADOR_CNPJ VARCHAR(18) NOT NULL PRIMARY KEY,
    GLB_OPERADOR_RAZAOSOCIAL VARCHAR(255) NOT NULL
    GLB_OPERADOR_AGENCIAREGULADORA VARCHAR(1) DEFAULT 'N' NOT NULL CHECK (GLB_OPERADOR_AGENCIAREGULADORA IN ('S', 'N')),
    PRIMARY KEY(GLB_OPERADOR_CNPJ)
)

		at org.flywaydb.core.internal.command.DbMigrate.doMigrateGroup(DbMigrate.java:382)
		at org.flywaydb.core.internal.command.DbMigrate.lambda$applyMigrations$1(DbMigrate.java:272)
		at org.flywaydb.core.internal.jdbc.TransactionalExecutionTemplate.execute(TransactionalExecutionTemplate.java:55)
		at org.flywaydb.core.internal.command.DbMigrate.applyMigrations(DbMigrate.java:271)
		at org.flywaydb.core.internal.command.DbMigrate.migrateGroup(DbMigrate.java:244)
		at org.flywaydb.core.internal.command.DbMigrate.lambda$migrateAll$0(DbMigrate.java:139)
		at org.flywaydb.database.postgresql.PostgreSQLAdvisoryLockTemplate.execute(PostgreSQLAdvisoryLockTemplate.java:73)
		at org.flywaydb.database.postgresql.PostgreSQLAdvisoryLockTemplate.lambda$execute$0(PostgreSQLAdvisoryLockTemplate.java:56)
		at org.flywaydb.core.internal.jdbc.TransactionalExecutionTemplate.execute(TransactionalExecutionTemplate.java:55)
		at org.flywaydb.database.postgresql.PostgreSQLAdvisoryLockTemplate.execute(PostgreSQLAdvisoryLockTemplate.java:56)
		at org.flywaydb.database.postgresql.PostgreSQLConnection.lock(PostgreSQLConnection.java:96)
		at org.flywaydb.core.internal.schemahistory.JdbcTableSchemaHistory.lock(JdbcTableSchemaHistory.java:145)
		at org.flywaydb.core.internal.command.DbMigrate.migrateAll(DbMigrate.java:139)
		at org.flywaydb.core.internal.command.DbMigrate.migrate(DbMigrate.java:97)
		at org.flywaydb.core.Flyway.lambda$migrate$0(Flyway.java:202)
		at org.flywaydb.core.FlywayExecutor.execute(FlywayExecutor.java:205)
		at org.flywaydb.core.Flyway.migrate(Flyway.java:147)
		at org.springframework.boot.autoconfigure.flyway.FlywayMigrationInitializer.afterPropertiesSet(FlywayMigrationInitializer.java:66)
		at org.springframework.beans.factory.support.AbstractAutowireCapableBeanFactory.invokeInitMethods(AbstractAutowireCapableBeanFactory.java:1853)
		at org.springframework.beans.factory.support.AbstractAutowireCapableBeanFactory.initializeBean(AbstractAutowireCapableBeanFactory.java:1802)
		... 58 more
	Caused by: org.flywaydb.core.internal.sqlscript.FlywaySqlScriptException: Migration V1__create_tables.sql failed
--------------------------------------
SQL State  : 42601
Error Code : 0
Message    : ERRO: erro de sintaxe em ou próximo a "GLB_OPERADOR_AGENCIAREGULADORA"
  Posição: 142
Location   : db/migration/V1__create_tables.sql (C:\Users\Erick.ferreira\Documents\workspace-jdk17\CitMobi2\target\classes\db\migration\V1__create_tables.sql)
Line       : 17
Statement  : CREATE TABLE T_GLB_OPERADOR (
    GLB_OPERADOR_CNPJ VARCHAR(18) NOT NULL PRIMARY KEY,
    GLB_OPERADOR_RAZAOSOCIAL VARCHAR(255) NOT NULL
    GLB_OPERADOR_AGENCIAREGULADORA VARCHAR(1) DEFAULT 'N' NOT NULL CHECK (GLB_OPERADOR_AGENCIAREGULADORA IN ('S', 'N')),
    PRIMARY KEY(GLB_OPERADOR_CNPJ)
)

		at org.flywaydb.core.internal.sqlscript.DefaultSqlScriptExecutor.handleException(DefaultSqlScriptExecutor.java:252)
		at org.flywaydb.core.internal.sqlscript.DefaultSqlScriptExecutor.executeStatement(DefaultSqlScriptExecutor.java:214)
		at org.flywaydb.core.internal.sqlscript.DefaultSqlScriptExecutor.execute(DefaultSqlScriptExecutor.java:133)
		at org.flywaydb.core.internal.resolver.sql.SqlMigrationExecutor.executeOnce(SqlMigrationExecutor.java:65)
		at org.flywaydb.core.internal.resolver.sql.SqlMigrationExecutor.lambda$execute$0(SqlMigrationExecutor.java:57)
		at org.flywaydb.core.internal.database.DefaultExecutionStrategy.execute(DefaultExecutionStrategy.java:27)
		at org.flywaydb.core.internal.resolver.sql.SqlMigrationExecutor.execute(SqlMigrationExecutor.java:56)
		at org.flywaydb.core.internal.command.DbMigrate.doMigrateGroup(DbMigrate.java:374)
		... 77 more
	Caused by: org.postgresql.util.PSQLException: ERRO: erro de sintaxe em ou próximo a "GLB_OPERADOR_AGENCIAREGULADORA"
  Posição: 142
		at org.postgresql.core.v3.QueryExecutorImpl.receiveErrorResponse(QueryExecutorImpl.java:2733)
		at org.postgresql.core.v3.QueryExecutorImpl.processResults(QueryExecutorImpl.java:2420)
		at org.postgresql.core.v3.QueryExecutorImpl.execute(QueryExecutorImpl.java:372)
		at org.postgresql.jdbc.PgStatement.executeInternal(PgStatement.java:517)
		at org.postgresql.jdbc.PgStatement.execute(PgStatement.java:434)
		at org.postgresql.jdbc.PgStatement.executeWithFlags(PgStatement.java:356)
		at org.postgresql.jdbc.PgStatement.executeCachedSql(PgStatement.java:341)
		at org.postgresql.jdbc.PgStatement.executeWithFlags(PgStatement.java:317)
		at org.postgresql.jdbc.PgStatement.execute(PgStatement.java:312)
		at com.zaxxer.hikari.pool.ProxyStatement.execute(ProxyStatement.java:94)
		at com.zaxxer.hikari.pool.HikariProxyStatement.execute(HikariProxyStatement.java)
		at org.flywaydb.core.internal.jdbc.JdbcTemplate.executeStatement(JdbcTemplate.java:210)
		at org.flywaydb.core.internal.sqlscript.ParsedSqlStatement.execute(ParsedSqlStatement.java:89)
		at org.flywaydb.core.internal.sqlscript.DefaultSqlScriptExecutor.executeStatement(DefaultSqlScriptExecutor.java:206)
		... 83 more
28-Jan-2025 10:04:38.601 INFO [main] org.apache.catalina.startup.HostConfig.deployDescriptor Deployment of deployment descriptor [C:\Users\Erick.ferreira\Documents\workspace-jdk17\CitMobi2\src\conf\Catalina\localhost\citMobi2.xml] has finished in [16.319] ms
28-Jan-2025 10:04:38.607 INFO [main] org.apache.coyote.AbstractProtocol.start Starting ProtocolHandler ["http-nio-8085"]
28-Jan-2025 10:04:38.636 INFO [main] org.apache.catalina.startup.Catalina.start Server startup in [16434] milliseconds
28-Jan-2025 10:05:27.441 INFO [Thread-3] org.apache.coyote.AbstractProtocol.pause Pausing ProtocolHandler ["http-nio-8085"]
28-Jan-2025 10:05:27.619 INFO [Thread-3] org.apache.catalina.core.StandardService.stopInternal Stopping service [Catalina]
28-Jan-2025 10:05:27.620 INFO [Thread-3] org.apache.coyote.AbstractProtocol.stop Stopping ProtocolHandler ["http-nio-8085"]
28-Jan-2025 10:05:27.623 INFO [Thread-3] org.apache.coyote.AbstractProtocol.destroy Destroying ProtocolHandler ["http-nio-8085"]
28-Jan-2025 10:05:27.626 WARNING [Thread-3] org.apache.catalina.loader.WebappClassLoaderBase.clearReferencesJdbc The web application [citMobi2] registered the JDBC driver [org.postgresql.Driver] but failed to unregister it when the web application was stopped. To prevent a memory leak, the JDBC Driver has been forcibly unregistered.
28-Jan-2025 10:05:29.590 INFO [main] org.apache.catalina.startup.VersionLoggerListener.log Server version name:   Apache Tomcat/10.1.26
28-Jan-2025 10:05:29.597 INFO [main] org.apache.catalina.startup.VersionLoggerListener.log Server built:          Jul 7 2024 21:02:13 UTC
28-Jan-2025 10:05:29.598 INFO [main] org.apache.catalina.startup.VersionLoggerListener.log Server version number: 10.1.26.0
28-Jan-2025 10:05:29.598 INFO [main] org.apache.catalina.startup.VersionLoggerListener.log OS Name:               Windows 11
28-Jan-2025 10:05:29.599 INFO [main] org.apache.catalina.startup.VersionLoggerListener.log OS Version:            10.0
28-Jan-2025 10:05:29.599 INFO [main] org.apache.catalina.startup.VersionLoggerListener.log Architecture:          amd64
28-Jan-2025 10:05:29.599 INFO [main] org.apache.catalina.startup.VersionLoggerListener.log Java Home:             C:\Program Files\Java\jdk-17
28-Jan-2025 10:05:29.599 INFO [main] org.apache.catalina.startup.VersionLoggerListener.log JVM Version:           17.0.11+7-LTS-207
28-Jan-2025 10:05:29.599 INFO [main] org.apache.catalina.startup.VersionLoggerListener.log JVM Vendor:            Oracle Corporation
28-Jan-2025 10:05:29.599 INFO [main] org.apache.catalina.startup.VersionLoggerListener.log CATALINA_BASE:         C:\Users\Erick.ferreira\Documents\workspace-jdk17\CitMobi2\src
28-Jan-2025 10:05:29.600 INFO [main] org.apache.catalina.startup.VersionLoggerListener.log CATALINA_HOME:         C:\Program Files\Apache Software Foundation\Tomcat 10.1
28-Jan-2025 10:05:29.624 INFO [main] org.apache.catalina.startup.VersionLoggerListener.log Command line argument: --add-opens=java.base/java.lang=ALL-UNNAMED
28-Jan-2025 10:05:29.624 INFO [main] org.apache.catalina.startup.VersionLoggerListener.log Command line argument: --add-opens=java.base/java.io=ALL-UNNAMED
28-Jan-2025 10:05:29.624 INFO [main] org.apache.catalina.startup.VersionLoggerListener.log Command line argument: --add-opens=java.base/java.util=ALL-UNNAMED
28-Jan-2025 10:05:29.625 INFO [main] org.apache.catalina.startup.VersionLoggerListener.log Command line argument: --add-opens=java.base/java.util.concurrent=ALL-UNNAMED
28-Jan-2025 10:05:29.625 INFO [main] org.apache.catalina.startup.VersionLoggerListener.log Command line argument: --add-opens=java.rmi/sun.rmi.transport=ALL-UNNAMED
28-Jan-2025 10:05:29.625 INFO [main] org.apache.catalina.startup.VersionLoggerListener.log Command line argument: -Dcatalina.home=C:\Program Files\Apache Software Foundation\Tomcat 10.1
28-Jan-2025 10:05:29.625 INFO [main] org.apache.catalina.startup.VersionLoggerListener.log Command line argument: -Dcatalina.base=C:\Users\Erick.ferreira\Documents\workspace-jdk17\CitMobi2\src
28-Jan-2025 10:05:29.625 INFO [main] org.apache.catalina.startup.VersionLoggerListener.log Command line argument: -Djava.io.tmpdir=C:\Users\Erick.ferreira\Documents\workspace-jdk17\CitMobi2\src\temp
28-Jan-2025 10:05:29.625 INFO [main] org.apache.catalina.startup.VersionLoggerListener.log Command line argument: -Djava.util.logging.config.file=C:\Users\Erick.ferreira\Documents\workspace-jdk17\CitMobi2\src\conf\logging.properties
28-Jan-2025 10:05:29.625 INFO [main] org.apache.catalina.startup.VersionLoggerListener.log Command line argument: -Djava.util.logging.manager=org.apache.juli.ClassLoaderLogManager
28-Jan-2025 10:05:29.625 INFO [main] org.apache.catalina.startup.VersionLoggerListener.log Command line argument: -javaagent:C:\Program Files\JetBrains\IntelliJ IDEA Community Edition 2024.1.4\lib\idea_rt.jar=57120:C:\Program Files\JetBrains\IntelliJ IDEA Community Edition 2024.1.4\bin
28-Jan-2025 10:05:29.625 INFO [main] org.apache.catalina.startup.VersionLoggerListener.log Command line argument: -Dfile.encoding=UTF-8
28-Jan-2025 10:05:29.639 INFO [main] org.apache.catalina.core.AprLifecycleListener.lifecycleEvent The Apache Tomcat Native library which allows using OpenSSL was not found on the java.library.path: [C:\Program Files\Java\jdk-17\bin;C:\Windows\Sun\Java\bin;C:\Windows\system32;C:\Windows;C:\Program Files\Common Files\Oracle\Java\javapath;C:\Python312\Scripts\;C:\Python312\;C:\Program Files (x86)\Common Files\Oracle\Java\javapath;C:\app\TDV.Admin\product\11.2.0\client_1\bin;C:\Windows\system32;C:\Windows;C:\Windows\System32\Wbem;C:\Windows\System32\WindowsPowerShell\v1.0\;C:\Windows\System32\OpenSSH\;C:\Program Files\Git\cmd;C:\Java_Essentials\apache-maven-3.6.3\bin;C:\Program Files\nodejs\;C:\ProgramData\chocolatey\bin;C:\Program Files\dotnet\;C:\Program Files\MySQL\MySQL Shell 8.0\bin\;C:\Users\Erick.ferreira\.console-ninja\.bin;C:\Users\Erick.ferreira\AppData\Local\Microsoft\WindowsApps;C:\Users\Erick.ferreira\AppData\Local\Programs\Microsoft VS Code\bin;C:\Program Files\Java\jdk1.8.0_291\bin;C:\Users\Erick.ferreira\AppData\Roaming\npm;C:\Program Files\JetBrains\IntelliJ IDEA Community Edition 2024.1.4\bin;;C:\Users\Erick.ferreira\.dotnet\tools;.]
28-Jan-2025 10:05:29.965 INFO [main] org.apache.coyote.AbstractProtocol.init Initializing ProtocolHandler ["http-nio-8085"]
28-Jan-2025 10:05:34.345 INFO [main] org.apache.catalina.startup.VersionLoggerListener.log Server version name:   Apache Tomcat/10.1.26
28-Jan-2025 10:05:34.349 INFO [main] org.apache.catalina.startup.VersionLoggerListener.log Server built:          Jul 7 2024 21:02:13 UTC
28-Jan-2025 10:05:34.349 INFO [main] org.apache.catalina.startup.VersionLoggerListener.log Server version number: 10.1.26.0
28-Jan-2025 10:05:34.349 INFO [main] org.apache.catalina.startup.VersionLoggerListener.log OS Name:               Windows 11
28-Jan-2025 10:05:34.350 INFO [main] org.apache.catalina.startup.VersionLoggerListener.log OS Version:            10.0
28-Jan-2025 10:05:34.350 INFO [main] org.apache.catalina.startup.VersionLoggerListener.log Architecture:          amd64
28-Jan-2025 10:05:34.350 INFO [main] org.apache.catalina.startup.VersionLoggerListener.log Java Home:             C:\Program Files\Java\jdk-17
28-Jan-2025 10:05:34.350 INFO [main] org.apache.catalina.startup.VersionLoggerListener.log JVM Version:           17.0.11+7-LTS-207
28-Jan-2025 10:05:34.350 INFO [main] org.apache.catalina.startup.VersionLoggerListener.log JVM Vendor:            Oracle Corporation
28-Jan-2025 10:05:34.350 INFO [main] org.apache.catalina.startup.VersionLoggerListener.log CATALINA_BASE:         C:\Users\Erick.ferreira\Documents\workspace-jdk17\CitMobi2\src
28-Jan-2025 10:05:34.350 INFO [main] org.apache.catalina.startup.VersionLoggerListener.log CATALINA_HOME:         C:\Program Files\Apache Software Foundation\Tomcat 10.1
28-Jan-2025 10:05:34.367 INFO [main] org.apache.catalina.startup.VersionLoggerListener.log Command line argument: --add-opens=java.base/java.lang=ALL-UNNAMED
28-Jan-2025 10:05:34.367 INFO [main] org.apache.catalina.startup.VersionLoggerListener.log Command line argument: --add-opens=java.base/java.io=ALL-UNNAMED
28-Jan-2025 10:05:34.367 INFO [main] org.apache.catalina.startup.VersionLoggerListener.log Command line argument: --add-opens=java.base/java.util=ALL-UNNAMED
28-Jan-2025 10:05:34.367 INFO [main] org.apache.catalina.startup.VersionLoggerListener.log Command line argument: --add-opens=java.base/java.util.concurrent=ALL-UNNAMED
28-Jan-2025 10:05:34.367 INFO [main] org.apache.catalina.startup.VersionLoggerListener.log Command line argument: --add-opens=java.rmi/sun.rmi.transport=ALL-UNNAMED
28-Jan-2025 10:05:34.368 INFO [main] org.apache.catalina.startup.VersionLoggerListener.log Command line argument: -Dcatalina.home=C:\Program Files\Apache Software Foundation\Tomcat 10.1
28-Jan-2025 10:05:34.368 INFO [main] org.apache.catalina.startup.VersionLoggerListener.log Command line argument: -Dcatalina.base=C:\Users\Erick.ferreira\Documents\workspace-jdk17\CitMobi2\src
28-Jan-2025 10:05:34.368 INFO [main] org.apache.catalina.startup.VersionLoggerListener.log Command line argument: -Djava.io.tmpdir=C:\Users\Erick.ferreira\Documents\workspace-jdk17\CitMobi2\src\temp
28-Jan-2025 10:05:34.368 INFO [main] org.apache.catalina.startup.VersionLoggerListener.log Command line argument: -Djava.util.logging.config.file=C:\Users\Erick.ferreira\Documents\workspace-jdk17\CitMobi2\src\conf\logging.properties
28-Jan-2025 10:05:34.368 INFO [main] org.apache.catalina.startup.VersionLoggerListener.log Command line argument: -Djava.util.logging.manager=org.apache.juli.ClassLoaderLogManager
28-Jan-2025 10:05:34.368 INFO [main] org.apache.catalina.startup.VersionLoggerListener.log Command line argument: -javaagent:C:\Program Files\JetBrains\IntelliJ IDEA Community Edition 2024.1.4\lib\idea_rt.jar=57135:C:\Program Files\JetBrains\IntelliJ IDEA Community Edition 2024.1.4\bin
28-Jan-2025 10:05:34.368 INFO [main] org.apache.catalina.startup.VersionLoggerListener.log Command line argument: -Dfile.encoding=UTF-8
28-Jan-2025 10:05:34.378 INFO [main] org.apache.catalina.core.AprLifecycleListener.lifecycleEvent The Apache Tomcat Native library which allows using OpenSSL was not found on the java.library.path: [C:\Program Files\Java\jdk-17\bin;C:\Windows\Sun\Java\bin;C:\Windows\system32;C:\Windows;C:\Program Files\Common Files\Oracle\Java\javapath;C:\Python312\Scripts\;C:\Python312\;C:\Program Files (x86)\Common Files\Oracle\Java\javapath;C:\app\TDV.Admin\product\11.2.0\client_1\bin;C:\Windows\system32;C:\Windows;C:\Windows\System32\Wbem;C:\Windows\System32\WindowsPowerShell\v1.0\;C:\Windows\System32\OpenSSH\;C:\Program Files\Git\cmd;C:\Java_Essentials\apache-maven-3.6.3\bin;C:\Program Files\nodejs\;C:\ProgramData\chocolatey\bin;C:\Program Files\dotnet\;C:\Program Files\MySQL\MySQL Shell 8.0\bin\;C:\Users\Erick.ferreira\.console-ninja\.bin;C:\Users\Erick.ferreira\AppData\Local\Microsoft\WindowsApps;C:\Users\Erick.ferreira\AppData\Local\Programs\Microsoft VS Code\bin;C:\Program Files\Java\jdk1.8.0_291\bin;C:\Users\Erick.ferreira\AppData\Roaming\npm;C:\Program Files\JetBrains\IntelliJ IDEA Community Edition 2024.1.4\bin;;C:\Users\Erick.ferreira\.dotnet\tools;.]
28-Jan-2025 10:05:34.685 INFO [main] org.apache.coyote.AbstractProtocol.init Initializing ProtocolHandler ["http-nio-8085"]
28-Jan-2025 10:05:34.704 INFO [main] org.apache.catalina.startup.Catalina.load Server initialization in [565] milliseconds
28-Jan-2025 10:05:34.761 INFO [main] org.apache.catalina.core.StandardService.startInternal Starting service [Catalina]
28-Jan-2025 10:05:34.761 INFO [main] org.apache.catalina.core.StandardEngine.startInternal Starting Servlet engine: [Apache Tomcat/10.1.26]
28-Jan-2025 10:05:34.778 INFO [main] org.apache.catalina.startup.HostConfig.deployDescriptor Deploying deployment descriptor [C:\Users\Erick.ferreira\Documents\workspace-jdk17\CitMobi2\src\conf\Catalina\localhost\citMobi2.xml]
28-Jan-2025 10:05:41.496 INFO [main] org.apache.jasper.servlet.TldScanner.scanJars At least one JAR was scanned for TLDs yet contained no TLDs. Enable debug logging for this logger for a complete list of JARs that were scanned but no TLDs were found in them. Skipping unneeded JARs during scanning can improve startup time and JSP compilation time.
28-Jan-2025 10:05:51.357 SEVERE [main] org.apache.catalina.startup.HostConfig.deployDescriptor Error deploying deployment descriptor [C:\Users\Erick.ferreira\Documents\workspace-jdk17\CitMobi2\src\conf\Catalina\localhost\citMobi2.xml]
	java.lang.IllegalStateException: Error starting child
		at org.apache.catalina.core.ContainerBase.addChildInternal(ContainerBase.java:602)
		at org.apache.catalina.core.ContainerBase.addChild(ContainerBase.java:571)
		at org.apache.catalina.core.StandardHost.addChild(StandardHost.java:654)
		at org.apache.catalina.startup.HostConfig.deployDescriptor(HostConfig.java:635)
		at org.apache.catalina.startup.HostConfig$DeployDescriptor.run(HostConfig.java:1889)
		at java.base/java.util.concurrent.Executors$RunnableAdapter.call(Executors.java:539)
		at java.base/java.util.concurrent.FutureTask.run(FutureTask.java:264)
		at org.apache.tomcat.util.threads.InlineExecutorService.execute(InlineExecutorService.java:75)
		at java.base/java.util.concurrent.AbstractExecutorService.submit(AbstractExecutorService.java:123)
		at org.apache.catalina.startup.HostConfig.deployDescriptors(HostConfig.java:530)
		at org.apache.catalina.startup.HostConfig.deployApps(HostConfig.java:421)
		at org.apache.catalina.startup.HostConfig.start(HostConfig.java:1629)
		at org.apache.catalina.startup.HostConfig.lifecycleEvent(HostConfig.java:303)
		at org.apache.catalina.util.LifecycleBase.fireLifecycleEvent(LifecycleBase.java:109)
		at org.apache.catalina.util.LifecycleBase.setStateInternal(LifecycleBase.java:385)
		at org.apache.catalina.util.LifecycleBase.setState(LifecycleBase.java:332)
		at org.apache.catalina.core.ContainerBase.startInternal(ContainerBase.java:776)
		at org.apache.catalina.core.StandardHost.startInternal(StandardHost.java:772)
		at org.apache.catalina.util.LifecycleBase.start(LifecycleBase.java:164)
		at org.apache.catalina.core.ContainerBase$StartChild.call(ContainerBase.java:1203)
		at org.apache.catalina.core.ContainerBase$StartChild.call(ContainerBase.java:1193)
		at java.base/java.util.concurrent.FutureTask.run(FutureTask.java:264)
		at org.apache.tomcat.util.threads.InlineExecutorService.execute(InlineExecutorService.java:75)
		at java.base/java.util.concurrent.AbstractExecutorService.submit(AbstractExecutorService.java:145)
		at org.apache.catalina.core.ContainerBase.startInternal(ContainerBase.java:749)
		at org.apache.catalina.core.StandardEngine.startInternal(StandardEngine.java:203)
		at org.apache.catalina.util.LifecycleBase.start(LifecycleBase.java:164)
		at org.apache.catalina.core.StandardService.startInternal(StandardService.java:415)
		at org.apache.catalina.util.LifecycleBase.start(LifecycleBase.java:164)
		at org.apache.catalina.core.StandardServer.startInternal(StandardServer.java:874)
		at org.apache.catalina.util.LifecycleBase.start(LifecycleBase.java:164)
		at org.apache.catalina.startup.Catalina.start(Catalina.java:757)
		at java.base/jdk.internal.reflect.NativeMethodAccessorImpl.invoke0(Native Method)
		at java.base/jdk.internal.reflect.NativeMethodAccessorImpl.invoke(NativeMethodAccessorImpl.java:77)
		at java.base/jdk.internal.reflect.DelegatingMethodAccessorImpl.invoke(DelegatingMethodAccessorImpl.java:43)
		at java.base/java.lang.reflect.Method.invoke(Method.java:568)
		at org.apache.catalina.startup.Bootstrap.start(Bootstrap.java:345)
		at org.apache.catalina.startup.Bootstrap.main(Bootstrap.java:473)
	Caused by: org.apache.catalina.LifecycleException: Failed to start component [StandardEngine[Catalina].StandardHost[localhost].StandardContext[/citMobi2]]
		at org.apache.catalina.util.LifecycleBase.handleSubClassException(LifecycleBase.java:402)
		at org.apache.catalina.util.LifecycleBase.start(LifecycleBase.java:179)
		at org.apache.catalina.core.ContainerBase.addChildInternal(ContainerBase.java:599)
		... 37 more
	Caused by: org.springframework.beans.factory.BeanCreationException: Error creating bean with name 'entityManagerFactory' defined in class path resource [org/springframework/boot/autoconfigure/orm/jpa/HibernateJpaConfiguration.class]: Failed to initialize dependency 'flywayInitializer' of LoadTimeWeaverAware bean 'entityManagerFactory': Error creating bean with name 'flywayInitializer' defined in class path resource [org/springframework/boot/autoconfigure/flyway/FlywayAutoConfiguration$FlywayConfiguration.class]: Migration V1__create_tables.sql failed
--------------------------------------
SQL State  : 42601
Error Code : 0
Message    : ERRO: erro de sintaxe em ou próximo a "GLB_OPERADOR_AGENCIAREGULADORA"
  Posição: 142
Location   : db/migration/V1__create_tables.sql (C:\Users\Erick.ferreira\Documents\workspace-jdk17\CitMobi2\target\classes\db\migration\V1__create_tables.sql)
Line       : 17
Statement  : CREATE TABLE T_GLB_OPERADOR (
    GLB_OPERADOR_CNPJ VARCHAR(18) NOT NULL PRIMARY KEY,
    GLB_OPERADOR_RAZAOSOCIAL VARCHAR(255) NOT NULL
    GLB_OPERADOR_AGENCIAREGULADORA VARCHAR(1) DEFAULT 'S' NOT NULL CHECK (GLB_OPERADOR_AGENCIAREGULADORA IN ('S', 'N')),
    PRIMARY KEY(GLB_OPERADOR_CNPJ)
)

		at org.springframework.beans.factory.support.AbstractBeanFactory.doGetBean(AbstractBeanFactory.java:326)
		at org.springframework.beans.factory.support.AbstractBeanFactory.getBean(AbstractBeanFactory.java:205)
		at org.springframework.context.support.AbstractApplicationContext.finishBeanFactoryInitialization(AbstractApplicationContext.java:954)
		at org.springframework.context.support.AbstractApplicationContext.refresh(AbstractApplicationContext.java:625)
		at org.springframework.boot.web.servlet.context.ServletWebServerApplicationContext.refresh(ServletWebServerApplicationContext.java:146)
		at org.springframework.boot.SpringApplication.refresh(SpringApplication.java:754)
		at org.springframework.boot.SpringApplication.refreshContext(SpringApplication.java:456)
		at org.springframework.boot.SpringApplication.run(SpringApplication.java:335)
		at org.springframework.boot.web.servlet.support.SpringBootServletInitializer.run(SpringBootServletInitializer.java:174)
		at org.springframework.boot.web.servlet.support.SpringBootServletInitializer.createRootApplicationContext(SpringBootServletInitializer.java:154)
		at org.springframework.boot.web.servlet.support.SpringBootServletInitializer.onStartup(SpringBootServletInitializer.java:96)
		at org.springframework.web.SpringServletContainerInitializer.onStartup(SpringServletContainerInitializer.java:171)
		at org.apache.catalina.core.StandardContext.startInternal(StandardContext.java:4414)
		at org.apache.catalina.util.LifecycleBase.start(LifecycleBase.java:164)
		... 38 more
	Caused by: org.springframework.beans.factory.BeanCreationException: Error creating bean with name 'flywayInitializer' defined in class path resource [org/springframework/boot/autoconfigure/flyway/FlywayAutoConfiguration$FlywayConfiguration.class]: Migration V1__create_tables.sql failed
--------------------------------------
SQL State  : 42601
Error Code : 0
Message    : ERRO: erro de sintaxe em ou próximo a "GLB_OPERADOR_AGENCIAREGULADORA"
  Posição: 142
Location   : db/migration/V1__create_tables.sql (C:\Users\Erick.ferreira\Documents\workspace-jdk17\CitMobi2\target\classes\db\migration\V1__create_tables.sql)
Line       : 17
Statement  : CREATE TABLE T_GLB_OPERADOR (
    GLB_OPERADOR_CNPJ VARCHAR(18) NOT NULL PRIMARY KEY,
    GLB_OPERADOR_RAZAOSOCIAL VARCHAR(255) NOT NULL
    GLB_OPERADOR_AGENCIAREGULADORA VARCHAR(1) DEFAULT 'S' NOT NULL CHECK (GLB_OPERADOR_AGENCIAREGULADORA IN ('S', 'N')),
    PRIMARY KEY(GLB_OPERADOR_CNPJ)
)

		at org.springframework.beans.factory.support.AbstractAutowireCapableBeanFactory.initializeBean(AbstractAutowireCapableBeanFactory.java:1806)
		at org.springframework.beans.factory.support.AbstractAutowireCapableBeanFactory.doCreateBean(AbstractAutowireCapableBeanFactory.java:600)
		at org.springframework.beans.factory.support.AbstractAutowireCapableBeanFactory.createBean(AbstractAutowireCapableBeanFactory.java:522)
		at org.springframework.beans.factory.support.AbstractBeanFactory.lambda$doGetBean$0(AbstractBeanFactory.java:337)
		at org.springframework.beans.factory.support.DefaultSingletonBeanRegistry.getSingleton(DefaultSingletonBeanRegistry.java:234)
		at org.springframework.beans.factory.support.AbstractBeanFactory.doGetBean(AbstractBeanFactory.java:335)
		at org.springframework.beans.factory.support.AbstractBeanFactory.getBean(AbstractBeanFactory.java:200)
		at org.springframework.beans.factory.support.AbstractBeanFactory.doGetBean(AbstractBeanFactory.java:313)
		... 51 more
	Caused by: org.flywaydb.core.internal.command.DbMigrate$FlywayMigrateException: Migration V1__create_tables.sql failed
--------------------------------------
SQL State  : 42601
Error Code : 0
Message    : ERRO: erro de sintaxe em ou próximo a "GLB_OPERADOR_AGENCIAREGULADORA"
  Posição: 142
Location   : db/migration/V1__create_tables.sql (C:\Users\Erick.ferreira\Documents\workspace-jdk17\CitMobi2\target\classes\db\migration\V1__create_tables.sql)
Line       : 17
Statement  : CREATE TABLE T_GLB_OPERADOR (
    GLB_OPERADOR_CNPJ VARCHAR(18) NOT NULL PRIMARY KEY,
    GLB_OPERADOR_RAZAOSOCIAL VARCHAR(255) NOT NULL
    GLB_OPERADOR_AGENCIAREGULADORA VARCHAR(1) DEFAULT 'S' NOT NULL CHECK (GLB_OPERADOR_AGENCIAREGULADORA IN ('S', 'N')),
    PRIMARY KEY(GLB_OPERADOR_CNPJ)
)

		at org.flywaydb.core.internal.command.DbMigrate.doMigrateGroup(DbMigrate.java:382)
		at org.flywaydb.core.internal.command.DbMigrate.lambda$applyMigrations$1(DbMigrate.java:272)
		at org.flywaydb.core.internal.jdbc.TransactionalExecutionTemplate.execute(TransactionalExecutionTemplate.java:55)
		at org.flywaydb.core.internal.command.DbMigrate.applyMigrations(DbMigrate.java:271)
		at org.flywaydb.core.internal.command.DbMigrate.migrateGroup(DbMigrate.java:244)
		at org.flywaydb.core.internal.command.DbMigrate.lambda$migrateAll$0(DbMigrate.java:139)
		at org.flywaydb.database.postgresql.PostgreSQLAdvisoryLockTemplate.execute(PostgreSQLAdvisoryLockTemplate.java:73)
		at org.flywaydb.database.postgresql.PostgreSQLAdvisoryLockTemplate.lambda$execute$0(PostgreSQLAdvisoryLockTemplate.java:56)
		at org.flywaydb.core.internal.jdbc.TransactionalExecutionTemplate.execute(TransactionalExecutionTemplate.java:55)
		at org.flywaydb.database.postgresql.PostgreSQLAdvisoryLockTemplate.execute(PostgreSQLAdvisoryLockTemplate.java:56)
		at org.flywaydb.database.postgresql.PostgreSQLConnection.lock(PostgreSQLConnection.java:96)
		at org.flywaydb.core.internal.schemahistory.JdbcTableSchemaHistory.lock(JdbcTableSchemaHistory.java:145)
		at org.flywaydb.core.internal.command.DbMigrate.migrateAll(DbMigrate.java:139)
		at org.flywaydb.core.internal.command.DbMigrate.migrate(DbMigrate.java:97)
		at org.flywaydb.core.Flyway.lambda$migrate$0(Flyway.java:202)
		at org.flywaydb.core.FlywayExecutor.execute(FlywayExecutor.java:205)
		at org.flywaydb.core.Flyway.migrate(Flyway.java:147)
		at org.springframework.boot.autoconfigure.flyway.FlywayMigrationInitializer.afterPropertiesSet(FlywayMigrationInitializer.java:66)
		at org.springframework.beans.factory.support.AbstractAutowireCapableBeanFactory.invokeInitMethods(AbstractAutowireCapableBeanFactory.java:1853)
		at org.springframework.beans.factory.support.AbstractAutowireCapableBeanFactory.initializeBean(AbstractAutowireCapableBeanFactory.java:1802)
		... 58 more
	Caused by: org.flywaydb.core.internal.sqlscript.FlywaySqlScriptException: Migration V1__create_tables.sql failed
--------------------------------------
SQL State  : 42601
Error Code : 0
Message    : ERRO: erro de sintaxe em ou próximo a "GLB_OPERADOR_AGENCIAREGULADORA"
  Posição: 142
Location   : db/migration/V1__create_tables.sql (C:\Users\Erick.ferreira\Documents\workspace-jdk17\CitMobi2\target\classes\db\migration\V1__create_tables.sql)
Line       : 17
Statement  : CREATE TABLE T_GLB_OPERADOR (
    GLB_OPERADOR_CNPJ VARCHAR(18) NOT NULL PRIMARY KEY,
    GLB_OPERADOR_RAZAOSOCIAL VARCHAR(255) NOT NULL
    GLB_OPERADOR_AGENCIAREGULADORA VARCHAR(1) DEFAULT 'S' NOT NULL CHECK (GLB_OPERADOR_AGENCIAREGULADORA IN ('S', 'N')),
    PRIMARY KEY(GLB_OPERADOR_CNPJ)
)

		at org.flywaydb.core.internal.sqlscript.DefaultSqlScriptExecutor.handleException(DefaultSqlScriptExecutor.java:252)
		at org.flywaydb.core.internal.sqlscript.DefaultSqlScriptExecutor.executeStatement(DefaultSqlScriptExecutor.java:214)
		at org.flywaydb.core.internal.sqlscript.DefaultSqlScriptExecutor.execute(DefaultSqlScriptExecutor.java:133)
		at org.flywaydb.core.internal.resolver.sql.SqlMigrationExecutor.executeOnce(SqlMigrationExecutor.java:65)
		at org.flywaydb.core.internal.resolver.sql.SqlMigrationExecutor.lambda$execute$0(SqlMigrationExecutor.java:57)
		at org.flywaydb.core.internal.database.DefaultExecutionStrategy.execute(DefaultExecutionStrategy.java:27)
		at org.flywaydb.core.internal.resolver.sql.SqlMigrationExecutor.execute(SqlMigrationExecutor.java:56)
		at org.flywaydb.core.internal.command.DbMigrate.doMigrateGroup(DbMigrate.java:374)
		... 77 more
	Caused by: org.postgresql.util.PSQLException: ERRO: erro de sintaxe em ou próximo a "GLB_OPERADOR_AGENCIAREGULADORA"
  Posição: 142
		at org.postgresql.core.v3.QueryExecutorImpl.receiveErrorResponse(QueryExecutorImpl.java:2733)
		at org.postgresql.core.v3.QueryExecutorImpl.processResults(QueryExecutorImpl.java:2420)
		at org.postgresql.core.v3.QueryExecutorImpl.execute(QueryExecutorImpl.java:372)
		at org.postgresql.jdbc.PgStatement.executeInternal(PgStatement.java:517)
		at org.postgresql.jdbc.PgStatement.execute(PgStatement.java:434)
		at org.postgresql.jdbc.PgStatement.executeWithFlags(PgStatement.java:356)
		at org.postgresql.jdbc.PgStatement.executeCachedSql(PgStatement.java:341)
		at org.postgresql.jdbc.PgStatement.executeWithFlags(PgStatement.java:317)
		at org.postgresql.jdbc.PgStatement.execute(PgStatement.java:312)
		at com.zaxxer.hikari.pool.ProxyStatement.execute(ProxyStatement.java:94)
		at com.zaxxer.hikari.pool.HikariProxyStatement.execute(HikariProxyStatement.java)
		at org.flywaydb.core.internal.jdbc.JdbcTemplate.executeStatement(JdbcTemplate.java:210)
		at org.flywaydb.core.internal.sqlscript.ParsedSqlStatement.execute(ParsedSqlStatement.java:89)
		at org.flywaydb.core.internal.sqlscript.DefaultSqlScriptExecutor.executeStatement(DefaultSqlScriptExecutor.java:206)
		... 83 more
28-Jan-2025 10:05:51.367 INFO [main] org.apache.catalina.startup.HostConfig.deployDescriptor Deployment of deployment descriptor [C:\Users\Erick.ferreira\Documents\workspace-jdk17\CitMobi2\src\conf\Catalina\localhost\citMobi2.xml] has finished in [16.589] ms
28-Jan-2025 10:05:51.371 INFO [main] org.apache.coyote.AbstractProtocol.start Starting ProtocolHandler ["http-nio-8085"]
28-Jan-2025 10:05:51.402 INFO [main] org.apache.catalina.startup.Catalina.start Server startup in [16697] milliseconds
28-Jan-2025 10:06:27.717 INFO [Thread-3] org.apache.coyote.AbstractProtocol.pause Pausing ProtocolHandler ["http-nio-8085"]
28-Jan-2025 10:06:27.889 INFO [Thread-3] org.apache.catalina.core.StandardService.stopInternal Stopping service [Catalina]
28-Jan-2025 10:06:27.890 INFO [Thread-3] org.apache.coyote.AbstractProtocol.stop Stopping ProtocolHandler ["http-nio-8085"]
28-Jan-2025 10:06:27.894 INFO [Thread-3] org.apache.coyote.AbstractProtocol.destroy Destroying ProtocolHandler ["http-nio-8085"]
28-Jan-2025 10:06:27.898 WARNING [Thread-3] org.apache.catalina.loader.WebappClassLoaderBase.clearReferencesJdbc The web application [citMobi2] registered the JDBC driver [org.postgresql.Driver] but failed to unregister it when the web application was stopped. To prevent a memory leak, the JDBC Driver has been forcibly unregistered.
28-Jan-2025 10:06:29.763 INFO [main] org.apache.catalina.startup.VersionLoggerListener.log Server version name:   Apache Tomcat/10.1.26
28-Jan-2025 10:06:29.767 INFO [main] org.apache.catalina.startup.VersionLoggerListener.log Server built:          Jul 7 2024 21:02:13 UTC
28-Jan-2025 10:06:29.768 INFO [main] org.apache.catalina.startup.VersionLoggerListener.log Server version number: 10.1.26.0
28-Jan-2025 10:06:29.768 INFO [main] org.apache.catalina.startup.VersionLoggerListener.log OS Name:               Windows 11
28-Jan-2025 10:06:29.768 INFO [main] org.apache.catalina.startup.VersionLoggerListener.log OS Version:            10.0
28-Jan-2025 10:06:29.768 INFO [main] org.apache.catalina.startup.VersionLoggerListener.log Architecture:          amd64
28-Jan-2025 10:06:29.768 INFO [main] org.apache.catalina.startup.VersionLoggerListener.log Java Home:             C:\Program Files\Java\jdk-17
28-Jan-2025 10:06:29.768 INFO [main] org.apache.catalina.startup.VersionLoggerListener.log JVM Version:           17.0.11+7-LTS-207
28-Jan-2025 10:06:29.768 INFO [main] org.apache.catalina.startup.VersionLoggerListener.log JVM Vendor:            Oracle Corporation
28-Jan-2025 10:06:29.769 INFO [main] org.apache.catalina.startup.VersionLoggerListener.log CATALINA_BASE:         C:\Users\Erick.ferreira\Documents\workspace-jdk17\CitMobi2\src
28-Jan-2025 10:06:29.769 INFO [main] org.apache.catalina.startup.VersionLoggerListener.log CATALINA_HOME:         C:\Program Files\Apache Software Foundation\Tomcat 10.1
28-Jan-2025 10:06:29.785 INFO [main] org.apache.catalina.startup.VersionLoggerListener.log Command line argument: --add-opens=java.base/java.lang=ALL-UNNAMED
28-Jan-2025 10:06:29.785 INFO [main] org.apache.catalina.startup.VersionLoggerListener.log Command line argument: --add-opens=java.base/java.io=ALL-UNNAMED
28-Jan-2025 10:06:29.785 INFO [main] org.apache.catalina.startup.VersionLoggerListener.log Command line argument: --add-opens=java.base/java.util=ALL-UNNAMED
28-Jan-2025 10:06:29.785 INFO [main] org.apache.catalina.startup.VersionLoggerListener.log Command line argument: --add-opens=java.base/java.util.concurrent=ALL-UNNAMED
28-Jan-2025 10:06:29.785 INFO [main] org.apache.catalina.startup.VersionLoggerListener.log Command line argument: --add-opens=java.rmi/sun.rmi.transport=ALL-UNNAMED
28-Jan-2025 10:06:29.785 INFO [main] org.apache.catalina.startup.VersionLoggerListener.log Command line argument: -Dcatalina.home=C:\Program Files\Apache Software Foundation\Tomcat 10.1
28-Jan-2025 10:06:29.785 INFO [main] org.apache.catalina.startup.VersionLoggerListener.log Command line argument: -Dcatalina.base=C:\Users\Erick.ferreira\Documents\workspace-jdk17\CitMobi2\src
28-Jan-2025 10:06:29.786 INFO [main] org.apache.catalina.startup.VersionLoggerListener.log Command line argument: -Djava.io.tmpdir=C:\Users\Erick.ferreira\Documents\workspace-jdk17\CitMobi2\src\temp
28-Jan-2025 10:06:29.786 INFO [main] org.apache.catalina.startup.VersionLoggerListener.log Command line argument: -Djava.util.logging.config.file=C:\Users\Erick.ferreira\Documents\workspace-jdk17\CitMobi2\src\conf\logging.properties
28-Jan-2025 10:06:29.786 INFO [main] org.apache.catalina.startup.VersionLoggerListener.log Command line argument: -Djava.util.logging.manager=org.apache.juli.ClassLoaderLogManager
28-Jan-2025 10:06:29.786 INFO [main] org.apache.catalina.startup.VersionLoggerListener.log Command line argument: -javaagent:C:\Program Files\JetBrains\IntelliJ IDEA Community Edition 2024.1.4\lib\idea_rt.jar=57192:C:\Program Files\JetBrains\IntelliJ IDEA Community Edition 2024.1.4\bin
28-Jan-2025 10:06:29.786 INFO [main] org.apache.catalina.startup.VersionLoggerListener.log Command line argument: -Dfile.encoding=UTF-8
28-Jan-2025 10:06:29.797 INFO [main] org.apache.catalina.core.AprLifecycleListener.lifecycleEvent The Apache Tomcat Native library which allows using OpenSSL was not found on the java.library.path: [C:\Program Files\Java\jdk-17\bin;C:\Windows\Sun\Java\bin;C:\Windows\system32;C:\Windows;C:\Program Files\Common Files\Oracle\Java\javapath;C:\Python312\Scripts\;C:\Python312\;C:\Program Files (x86)\Common Files\Oracle\Java\javapath;C:\app\TDV.Admin\product\11.2.0\client_1\bin;C:\Windows\system32;C:\Windows;C:\Windows\System32\Wbem;C:\Windows\System32\WindowsPowerShell\v1.0\;C:\Windows\System32\OpenSSH\;C:\Program Files\Git\cmd;C:\Java_Essentials\apache-maven-3.6.3\bin;C:\Program Files\nodejs\;C:\ProgramData\chocolatey\bin;C:\Program Files\dotnet\;C:\Program Files\MySQL\MySQL Shell 8.0\bin\;C:\Users\Erick.ferreira\.console-ninja\.bin;C:\Users\Erick.ferreira\AppData\Local\Microsoft\WindowsApps;C:\Users\Erick.ferreira\AppData\Local\Programs\Microsoft VS Code\bin;C:\Program Files\Java\jdk1.8.0_291\bin;C:\Users\Erick.ferreira\AppData\Roaming\npm;C:\Program Files\JetBrains\IntelliJ IDEA Community Edition 2024.1.4\bin;;C:\Users\Erick.ferreira\.dotnet\tools;.]
28-Jan-2025 10:06:30.091 INFO [main] org.apache.coyote.AbstractProtocol.init Initializing ProtocolHandler ["http-nio-8085"]
28-Jan-2025 10:06:30.115 INFO [main] org.apache.catalina.startup.Catalina.load Server initialization in [578] milliseconds
28-Jan-2025 10:06:30.175 INFO [main] org.apache.catalina.core.StandardService.startInternal Starting service [Catalina]
28-Jan-2025 10:06:30.175 INFO [main] org.apache.catalina.core.StandardEngine.startInternal Starting Servlet engine: [Apache Tomcat/10.1.26]
28-Jan-2025 10:06:30.192 INFO [main] org.apache.catalina.startup.HostConfig.deployDescriptor Deploying deployment descriptor [C:\Users\Erick.ferreira\Documents\workspace-jdk17\CitMobi2\src\conf\Catalina\localhost\citMobi2.xml]
28-Jan-2025 10:06:36.984 INFO [main] org.apache.jasper.servlet.TldScanner.scanJars At least one JAR was scanned for TLDs yet contained no TLDs. Enable debug logging for this logger for a complete list of JARs that were scanned but no TLDs were found in them. Skipping unneeded JARs during scanning can improve startup time and JSP compilation time.
28-Jan-2025 10:06:47.228 SEVERE [main] org.apache.catalina.startup.HostConfig.deployDescriptor Error deploying deployment descriptor [C:\Users\Erick.ferreira\Documents\workspace-jdk17\CitMobi2\src\conf\Catalina\localhost\citMobi2.xml]
	java.lang.IllegalStateException: Error starting child
		at org.apache.catalina.core.ContainerBase.addChildInternal(ContainerBase.java:602)
		at org.apache.catalina.core.ContainerBase.addChild(ContainerBase.java:571)
		at org.apache.catalina.core.StandardHost.addChild(StandardHost.java:654)
		at org.apache.catalina.startup.HostConfig.deployDescriptor(HostConfig.java:635)
		at org.apache.catalina.startup.HostConfig$DeployDescriptor.run(HostConfig.java:1889)
		at java.base/java.util.concurrent.Executors$RunnableAdapter.call(Executors.java:539)
		at java.base/java.util.concurrent.FutureTask.run(FutureTask.java:264)
		at org.apache.tomcat.util.threads.InlineExecutorService.execute(InlineExecutorService.java:75)
		at java.base/java.util.concurrent.AbstractExecutorService.submit(AbstractExecutorService.java:123)
		at org.apache.catalina.startup.HostConfig.deployDescriptors(HostConfig.java:530)
		at org.apache.catalina.startup.HostConfig.deployApps(HostConfig.java:421)
		at org.apache.catalina.startup.HostConfig.start(HostConfig.java:1629)
		at org.apache.catalina.startup.HostConfig.lifecycleEvent(HostConfig.java:303)
		at org.apache.catalina.util.LifecycleBase.fireLifecycleEvent(LifecycleBase.java:109)
		at org.apache.catalina.util.LifecycleBase.setStateInternal(LifecycleBase.java:385)
		at org.apache.catalina.util.LifecycleBase.setState(LifecycleBase.java:332)
		at org.apache.catalina.core.ContainerBase.startInternal(ContainerBase.java:776)
		at org.apache.catalina.core.StandardHost.startInternal(StandardHost.java:772)
		at org.apache.catalina.util.LifecycleBase.start(LifecycleBase.java:164)
		at org.apache.catalina.core.ContainerBase$StartChild.call(ContainerBase.java:1203)
		at org.apache.catalina.core.ContainerBase$StartChild.call(ContainerBase.java:1193)
		at java.base/java.util.concurrent.FutureTask.run(FutureTask.java:264)
		at org.apache.tomcat.util.threads.InlineExecutorService.execute(InlineExecutorService.java:75)
		at java.base/java.util.concurrent.AbstractExecutorService.submit(AbstractExecutorService.java:145)
		at org.apache.catalina.core.ContainerBase.startInternal(ContainerBase.java:749)
		at org.apache.catalina.core.StandardEngine.startInternal(StandardEngine.java:203)
		at org.apache.catalina.util.LifecycleBase.start(LifecycleBase.java:164)
		at org.apache.catalina.core.StandardService.startInternal(StandardService.java:415)
		at org.apache.catalina.util.LifecycleBase.start(LifecycleBase.java:164)
		at org.apache.catalina.core.StandardServer.startInternal(StandardServer.java:874)
		at org.apache.catalina.util.LifecycleBase.start(LifecycleBase.java:164)
		at org.apache.catalina.startup.Catalina.start(Catalina.java:757)
		at java.base/jdk.internal.reflect.NativeMethodAccessorImpl.invoke0(Native Method)
		at java.base/jdk.internal.reflect.NativeMethodAccessorImpl.invoke(NativeMethodAccessorImpl.java:77)
		at java.base/jdk.internal.reflect.DelegatingMethodAccessorImpl.invoke(DelegatingMethodAccessorImpl.java:43)
		at java.base/java.lang.reflect.Method.invoke(Method.java:568)
		at org.apache.catalina.startup.Bootstrap.start(Bootstrap.java:345)
		at org.apache.catalina.startup.Bootstrap.main(Bootstrap.java:473)
	Caused by: org.apache.catalina.LifecycleException: Failed to start component [StandardEngine[Catalina].StandardHost[localhost].StandardContext[/citMobi2]]
		at org.apache.catalina.util.LifecycleBase.handleSubClassException(LifecycleBase.java:402)
		at org.apache.catalina.util.LifecycleBase.start(LifecycleBase.java:179)
		at org.apache.catalina.core.ContainerBase.addChildInternal(ContainerBase.java:599)
		... 37 more
	Caused by: org.springframework.beans.factory.BeanCreationException: Error creating bean with name 'entityManagerFactory' defined in class path resource [org/springframework/boot/autoconfigure/orm/jpa/HibernateJpaConfiguration.class]: Failed to initialize dependency 'flywayInitializer' of LoadTimeWeaverAware bean 'entityManagerFactory': Error creating bean with name 'flywayInitializer' defined in class path resource [org/springframework/boot/autoconfigure/flyway/FlywayAutoConfiguration$FlywayConfiguration.class]: Migration V2__INSERT_MOCK.sql failed
------------------------------------
SQL State  : 42601
Error Code : 0
Message    : ERRO: INSERT tem mais expressões do que colunas alvo
  Posição: 143
Location   : db/migration/V2__INSERT_MOCK.sql (C:\Users\Erick.ferreira\Documents\workspace-jdk17\CitMobi2\target\classes\db\migration\V2__INSERT_MOCK.sql)
Line       : 7
Statement  : -- TO DO:

INSERT INTO T_GLB_OPERADOR(GLB_OPERADOR_CNPJ, GLB_OPERADOR_RAZAOSOCIAL) VALUES ('31974104000120', 'VIACAO METROPOLE PAULISTA S/A', 'N')

		at org.springframework.beans.factory.support.AbstractBeanFactory.doGetBean(AbstractBeanFactory.java:326)
		at org.springframework.beans.factory.support.AbstractBeanFactory.getBean(AbstractBeanFactory.java:205)
		at org.springframework.context.support.AbstractApplicationContext.finishBeanFactoryInitialization(AbstractApplicationContext.java:954)
		at org.springframework.context.support.AbstractApplicationContext.refresh(AbstractApplicationContext.java:625)
		at org.springframework.boot.web.servlet.context.ServletWebServerApplicationContext.refresh(ServletWebServerApplicationContext.java:146)
		at org.springframework.boot.SpringApplication.refresh(SpringApplication.java:754)
		at org.springframework.boot.SpringApplication.refreshContext(SpringApplication.java:456)
		at org.springframework.boot.SpringApplication.run(SpringApplication.java:335)
		at org.springframework.boot.web.servlet.support.SpringBootServletInitializer.run(SpringBootServletInitializer.java:174)
		at org.springframework.boot.web.servlet.support.SpringBootServletInitializer.createRootApplicationContext(SpringBootServletInitializer.java:154)
		at org.springframework.boot.web.servlet.support.SpringBootServletInitializer.onStartup(SpringBootServletInitializer.java:96)
		at org.springframework.web.SpringServletContainerInitializer.onStartup(SpringServletContainerInitializer.java:171)
		at org.apache.catalina.core.StandardContext.startInternal(StandardContext.java:4414)
		at org.apache.catalina.util.LifecycleBase.start(LifecycleBase.java:164)
		... 38 more
	Caused by: org.springframework.beans.factory.BeanCreationException: Error creating bean with name 'flywayInitializer' defined in class path resource [org/springframework/boot/autoconfigure/flyway/FlywayAutoConfiguration$FlywayConfiguration.class]: Migration V2__INSERT_MOCK.sql failed
------------------------------------
SQL State  : 42601
Error Code : 0
Message    : ERRO: INSERT tem mais expressões do que colunas alvo
  Posição: 143
Location   : db/migration/V2__INSERT_MOCK.sql (C:\Users\Erick.ferreira\Documents\workspace-jdk17\CitMobi2\target\classes\db\migration\V2__INSERT_MOCK.sql)
Line       : 7
Statement  : -- TO DO:

INSERT INTO T_GLB_OPERADOR(GLB_OPERADOR_CNPJ, GLB_OPERADOR_RAZAOSOCIAL) VALUES ('31974104000120', 'VIACAO METROPOLE PAULISTA S/A', 'N')

		at org.springframework.beans.factory.support.AbstractAutowireCapableBeanFactory.initializeBean(AbstractAutowireCapableBeanFactory.java:1806)
		at org.springframework.beans.factory.support.AbstractAutowireCapableBeanFactory.doCreateBean(AbstractAutowireCapableBeanFactory.java:600)
		at org.springframework.beans.factory.support.AbstractAutowireCapableBeanFactory.createBean(AbstractAutowireCapableBeanFactory.java:522)
		at org.springframework.beans.factory.support.AbstractBeanFactory.lambda$doGetBean$0(AbstractBeanFactory.java:337)
		at org.springframework.beans.factory.support.DefaultSingletonBeanRegistry.getSingleton(DefaultSingletonBeanRegistry.java:234)
		at org.springframework.beans.factory.support.AbstractBeanFactory.doGetBean(AbstractBeanFactory.java:335)
		at org.springframework.beans.factory.support.AbstractBeanFactory.getBean(AbstractBeanFactory.java:200)
		at org.springframework.beans.factory.support.AbstractBeanFactory.doGetBean(AbstractBeanFactory.java:313)
		... 51 more
	Caused by: org.flywaydb.core.internal.command.DbMigrate$FlywayMigrateException: Migration V2__INSERT_MOCK.sql failed
------------------------------------
SQL State  : 42601
Error Code : 0
Message    : ERRO: INSERT tem mais expressões do que colunas alvo
  Posição: 143
Location   : db/migration/V2__INSERT_MOCK.sql (C:\Users\Erick.ferreira\Documents\workspace-jdk17\CitMobi2\target\classes\db\migration\V2__INSERT_MOCK.sql)
Line       : 7
Statement  : -- TO DO:

INSERT INTO T_GLB_OPERADOR(GLB_OPERADOR_CNPJ, GLB_OPERADOR_RAZAOSOCIAL) VALUES ('31974104000120', 'VIACAO METROPOLE PAULISTA S/A', 'N')

		at org.flywaydb.core.internal.command.DbMigrate.doMigrateGroup(DbMigrate.java:382)
		at org.flywaydb.core.internal.command.DbMigrate.lambda$applyMigrations$1(DbMigrate.java:272)
		at org.flywaydb.core.internal.jdbc.TransactionalExecutionTemplate.execute(TransactionalExecutionTemplate.java:55)
		at org.flywaydb.core.internal.command.DbMigrate.applyMigrations(DbMigrate.java:271)
		at org.flywaydb.core.internal.command.DbMigrate.migrateGroup(DbMigrate.java:244)
		at org.flywaydb.core.internal.command.DbMigrate.lambda$migrateAll$0(DbMigrate.java:139)
		at org.flywaydb.database.postgresql.PostgreSQLAdvisoryLockTemplate.execute(PostgreSQLAdvisoryLockTemplate.java:73)
		at org.flywaydb.database.postgresql.PostgreSQLAdvisoryLockTemplate.lambda$execute$0(PostgreSQLAdvisoryLockTemplate.java:56)
		at org.flywaydb.core.internal.jdbc.TransactionalExecutionTemplate.execute(TransactionalExecutionTemplate.java:55)
		at org.flywaydb.database.postgresql.PostgreSQLAdvisoryLockTemplate.execute(PostgreSQLAdvisoryLockTemplate.java:56)
		at org.flywaydb.database.postgresql.PostgreSQLConnection.lock(PostgreSQLConnection.java:96)
		at org.flywaydb.core.internal.schemahistory.JdbcTableSchemaHistory.lock(JdbcTableSchemaHistory.java:145)
		at org.flywaydb.core.internal.command.DbMigrate.migrateAll(DbMigrate.java:139)
		at org.flywaydb.core.internal.command.DbMigrate.migrate(DbMigrate.java:97)
		at org.flywaydb.core.Flyway.lambda$migrate$0(Flyway.java:202)
		at org.flywaydb.core.FlywayExecutor.execute(FlywayExecutor.java:205)
		at org.flywaydb.core.Flyway.migrate(Flyway.java:147)
		at org.springframework.boot.autoconfigure.flyway.FlywayMigrationInitializer.afterPropertiesSet(FlywayMigrationInitializer.java:66)
		at org.springframework.beans.factory.support.AbstractAutowireCapableBeanFactory.invokeInitMethods(AbstractAutowireCapableBeanFactory.java:1853)
		at org.springframework.beans.factory.support.AbstractAutowireCapableBeanFactory.initializeBean(AbstractAutowireCapableBeanFactory.java:1802)
		... 58 more
	Caused by: org.flywaydb.core.internal.sqlscript.FlywaySqlScriptException: Migration V2__INSERT_MOCK.sql failed
------------------------------------
SQL State  : 42601
Error Code : 0
Message    : ERRO: INSERT tem mais expressões do que colunas alvo
  Posição: 143
Location   : db/migration/V2__INSERT_MOCK.sql (C:\Users\Erick.ferreira\Documents\workspace-jdk17\CitMobi2\target\classes\db\migration\V2__INSERT_MOCK.sql)
Line       : 7
Statement  : -- TO DO:

INSERT INTO T_GLB_OPERADOR(GLB_OPERADOR_CNPJ, GLB_OPERADOR_RAZAOSOCIAL) VALUES ('31974104000120', 'VIACAO METROPOLE PAULISTA S/A', 'N')

		at org.flywaydb.core.internal.sqlscript.DefaultSqlScriptExecutor.handleException(DefaultSqlScriptExecutor.java:252)
		at org.flywaydb.core.internal.sqlscript.DefaultSqlScriptExecutor.executeStatement(DefaultSqlScriptExecutor.java:214)
		at org.flywaydb.core.internal.sqlscript.DefaultSqlScriptExecutor.execute(DefaultSqlScriptExecutor.java:133)
		at org.flywaydb.core.internal.resolver.sql.SqlMigrationExecutor.executeOnce(SqlMigrationExecutor.java:65)
		at org.flywaydb.core.internal.resolver.sql.SqlMigrationExecutor.lambda$execute$0(SqlMigrationExecutor.java:57)
		at org.flywaydb.core.internal.database.DefaultExecutionStrategy.execute(DefaultExecutionStrategy.java:27)
		at org.flywaydb.core.internal.resolver.sql.SqlMigrationExecutor.execute(SqlMigrationExecutor.java:56)
		at org.flywaydb.core.internal.command.DbMigrate.doMigrateGroup(DbMigrate.java:374)
		... 77 more
	Caused by: org.postgresql.util.PSQLException: ERRO: INSERT tem mais expressões do que colunas alvo
  Posição: 143
		at org.postgresql.core.v3.QueryExecutorImpl.receiveErrorResponse(QueryExecutorImpl.java:2733)
		at org.postgresql.core.v3.QueryExecutorImpl.processResults(QueryExecutorImpl.java:2420)
		at org.postgresql.core.v3.QueryExecutorImpl.execute(QueryExecutorImpl.java:372)
		at org.postgresql.jdbc.PgStatement.executeInternal(PgStatement.java:517)
		at org.postgresql.jdbc.PgStatement.execute(PgStatement.java:434)
		at org.postgresql.jdbc.PgStatement.executeWithFlags(PgStatement.java:356)
		at org.postgresql.jdbc.PgStatement.executeCachedSql(PgStatement.java:341)
		at org.postgresql.jdbc.PgStatement.executeWithFlags(PgStatement.java:317)
		at org.postgresql.jdbc.PgStatement.execute(PgStatement.java:312)
		at com.zaxxer.hikari.pool.ProxyStatement.execute(ProxyStatement.java:94)
		at com.zaxxer.hikari.pool.HikariProxyStatement.execute(HikariProxyStatement.java)
		at org.flywaydb.core.internal.jdbc.JdbcTemplate.executeStatement(JdbcTemplate.java:210)
		at org.flywaydb.core.internal.sqlscript.ParsedSqlStatement.execute(ParsedSqlStatement.java:89)
		at org.flywaydb.core.internal.sqlscript.DefaultSqlScriptExecutor.executeStatement(DefaultSqlScriptExecutor.java:206)
		... 83 more
28-Jan-2025 10:06:47.235 INFO [main] org.apache.catalina.startup.HostConfig.deployDescriptor Deployment of deployment descriptor [C:\Users\Erick.ferreira\Documents\workspace-jdk17\CitMobi2\src\conf\Catalina\localhost\citMobi2.xml] has finished in [17.044] ms
28-Jan-2025 10:06:47.239 INFO [main] org.apache.coyote.AbstractProtocol.start Starting ProtocolHandler ["http-nio-8085"]
28-Jan-2025 10:06:47.270 INFO [main] org.apache.catalina.startup.Catalina.start Server startup in [17154] milliseconds
28-Jan-2025 10:08:24.766 INFO [Thread-3] org.apache.coyote.AbstractProtocol.pause Pausing ProtocolHandler ["http-nio-8085"]
28-Jan-2025 10:08:24.943 INFO [Thread-3] org.apache.catalina.core.StandardService.stopInternal Stopping service [Catalina]
28-Jan-2025 10:08:24.944 INFO [Thread-3] org.apache.coyote.AbstractProtocol.stop Stopping ProtocolHandler ["http-nio-8085"]
28-Jan-2025 10:08:24.947 INFO [Thread-3] org.apache.coyote.AbstractProtocol.destroy Destroying ProtocolHandler ["http-nio-8085"]
28-Jan-2025 10:08:24.950 WARNING [Thread-3] org.apache.catalina.loader.WebappClassLoaderBase.clearReferencesJdbc The web application [citMobi2] registered the JDBC driver [org.postgresql.Driver] but failed to unregister it when the web application was stopped. To prevent a memory leak, the JDBC Driver has been forcibly unregistered.
28-Jan-2025 10:08:26.876 INFO [main] org.apache.catalina.startup.VersionLoggerListener.log Server version name:   Apache Tomcat/10.1.26
28-Jan-2025 10:08:26.881 INFO [main] org.apache.catalina.startup.VersionLoggerListener.log Server built:          Jul 7 2024 21:02:13 UTC
28-Jan-2025 10:08:26.881 INFO [main] org.apache.catalina.startup.VersionLoggerListener.log Server version number: 10.1.26.0
28-Jan-2025 10:08:26.882 INFO [main] org.apache.catalina.startup.VersionLoggerListener.log OS Name:               Windows 11
28-Jan-2025 10:08:26.882 INFO [main] org.apache.catalina.startup.VersionLoggerListener.log OS Version:            10.0
28-Jan-2025 10:08:26.882 INFO [main] org.apache.catalina.startup.VersionLoggerListener.log Architecture:          amd64
28-Jan-2025 10:08:26.882 INFO [main] org.apache.catalina.startup.VersionLoggerListener.log Java Home:             C:\Program Files\Java\jdk-17
28-Jan-2025 10:08:26.882 INFO [main] org.apache.catalina.startup.VersionLoggerListener.log JVM Version:           17.0.11+7-LTS-207
28-Jan-2025 10:08:26.882 INFO [main] org.apache.catalina.startup.VersionLoggerListener.log JVM Vendor:            Oracle Corporation
28-Jan-2025 10:08:26.882 INFO [main] org.apache.catalina.startup.VersionLoggerListener.log CATALINA_BASE:         C:\Users\Erick.ferreira\Documents\workspace-jdk17\CitMobi2\src
28-Jan-2025 10:08:26.882 INFO [main] org.apache.catalina.startup.VersionLoggerListener.log CATALINA_HOME:         C:\Program Files\Apache Software Foundation\Tomcat 10.1
28-Jan-2025 10:08:26.898 INFO [main] org.apache.catalina.startup.VersionLoggerListener.log Command line argument: --add-opens=java.base/java.lang=ALL-UNNAMED
28-Jan-2025 10:08:26.898 INFO [main] org.apache.catalina.startup.VersionLoggerListener.log Command line argument: --add-opens=java.base/java.io=ALL-UNNAMED
28-Jan-2025 10:08:26.898 INFO [main] org.apache.catalina.startup.VersionLoggerListener.log Command line argument: --add-opens=java.base/java.util=ALL-UNNAMED
28-Jan-2025 10:08:26.898 INFO [main] org.apache.catalina.startup.VersionLoggerListener.log Command line argument: --add-opens=java.base/java.util.concurrent=ALL-UNNAMED
28-Jan-2025 10:08:26.898 INFO [main] org.apache.catalina.startup.VersionLoggerListener.log Command line argument: --add-opens=java.rmi/sun.rmi.transport=ALL-UNNAMED
28-Jan-2025 10:08:26.898 INFO [main] org.apache.catalina.startup.VersionLoggerListener.log Command line argument: -Dcatalina.home=C:\Program Files\Apache Software Foundation\Tomcat 10.1
28-Jan-2025 10:08:26.898 INFO [main] org.apache.catalina.startup.VersionLoggerListener.log Command line argument: -Dcatalina.base=C:\Users\Erick.ferreira\Documents\workspace-jdk17\CitMobi2\src
28-Jan-2025 10:08:26.898 INFO [main] org.apache.catalina.startup.VersionLoggerListener.log Command line argument: -Djava.io.tmpdir=C:\Users\Erick.ferreira\Documents\workspace-jdk17\CitMobi2\src\temp
28-Jan-2025 10:08:26.898 INFO [main] org.apache.catalina.startup.VersionLoggerListener.log Command line argument: -Djava.util.logging.config.file=C:\Users\Erick.ferreira\Documents\workspace-jdk17\CitMobi2\src\conf\logging.properties
28-Jan-2025 10:08:26.898 INFO [main] org.apache.catalina.startup.VersionLoggerListener.log Command line argument: -Djava.util.logging.manager=org.apache.juli.ClassLoaderLogManager
28-Jan-2025 10:08:26.898 INFO [main] org.apache.catalina.startup.VersionLoggerListener.log Command line argument: -javaagent:C:\Program Files\JetBrains\IntelliJ IDEA Community Edition 2024.1.4\lib\idea_rt.jar=57226:C:\Program Files\JetBrains\IntelliJ IDEA Community Edition 2024.1.4\bin
28-Jan-2025 10:08:26.899 INFO [main] org.apache.catalina.startup.VersionLoggerListener.log Command line argument: -Dfile.encoding=UTF-8
28-Jan-2025 10:08:26.908 INFO [main] org.apache.catalina.core.AprLifecycleListener.lifecycleEvent The Apache Tomcat Native library which allows using OpenSSL was not found on the java.library.path: [C:\Program Files\Java\jdk-17\bin;C:\Windows\Sun\Java\bin;C:\Windows\system32;C:\Windows;C:\Program Files\Common Files\Oracle\Java\javapath;C:\Python312\Scripts\;C:\Python312\;C:\Program Files (x86)\Common Files\Oracle\Java\javapath;C:\app\TDV.Admin\product\11.2.0\client_1\bin;C:\Windows\system32;C:\Windows;C:\Windows\System32\Wbem;C:\Windows\System32\WindowsPowerShell\v1.0\;C:\Windows\System32\OpenSSH\;C:\Program Files\Git\cmd;C:\Java_Essentials\apache-maven-3.6.3\bin;C:\Program Files\nodejs\;C:\ProgramData\chocolatey\bin;C:\Program Files\dotnet\;C:\Program Files\MySQL\MySQL Shell 8.0\bin\;C:\Users\Erick.ferreira\.console-ninja\.bin;C:\Users\Erick.ferreira\AppData\Local\Microsoft\WindowsApps;C:\Users\Erick.ferreira\AppData\Local\Programs\Microsoft VS Code\bin;C:\Program Files\Java\jdk1.8.0_291\bin;C:\Users\Erick.ferreira\AppData\Roaming\npm;C:\Program Files\JetBrains\IntelliJ IDEA Community Edition 2024.1.4\bin;;C:\Users\Erick.ferreira\.dotnet\tools;.]
28-Jan-2025 10:08:27.203 INFO [main] org.apache.coyote.AbstractProtocol.init Initializing ProtocolHandler ["http-nio-8085"]
28-Jan-2025 10:08:27.227 INFO [main] org.apache.catalina.startup.Catalina.load Server initialization in [597] milliseconds
28-Jan-2025 10:08:27.288 INFO [main] org.apache.catalina.core.StandardService.startInternal Starting service [Catalina]
28-Jan-2025 10:08:27.288 INFO [main] org.apache.catalina.core.StandardEngine.startInternal Starting Servlet engine: [Apache Tomcat/10.1.26]
28-Jan-2025 10:08:27.302 INFO [main] org.apache.catalina.startup.HostConfig.deployDescriptor Deploying deployment descriptor [C:\Users\Erick.ferreira\Documents\workspace-jdk17\CitMobi2\src\conf\Catalina\localhost\citMobi2.xml]
28-Jan-2025 10:08:34.052 INFO [main] org.apache.jasper.servlet.TldScanner.scanJars At least one JAR was scanned for TLDs yet contained no TLDs. Enable debug logging for this logger for a complete list of JARs that were scanned but no TLDs were found in them. Skipping unneeded JARs during scanning can improve startup time and JSP compilation time.
28-Jan-2025 10:08:44.302 SEVERE [main] org.apache.catalina.startup.HostConfig.deployDescriptor Error deploying deployment descriptor [C:\Users\Erick.ferreira\Documents\workspace-jdk17\CitMobi2\src\conf\Catalina\localhost\citMobi2.xml]
	java.lang.IllegalStateException: Error starting child
		at org.apache.catalina.core.ContainerBase.addChildInternal(ContainerBase.java:602)
		at org.apache.catalina.core.ContainerBase.addChild(ContainerBase.java:571)
		at org.apache.catalina.core.StandardHost.addChild(StandardHost.java:654)
		at org.apache.catalina.startup.HostConfig.deployDescriptor(HostConfig.java:635)
		at org.apache.catalina.startup.HostConfig$DeployDescriptor.run(HostConfig.java:1889)
		at java.base/java.util.concurrent.Executors$RunnableAdapter.call(Executors.java:539)
		at java.base/java.util.concurrent.FutureTask.run(FutureTask.java:264)
		at org.apache.tomcat.util.threads.InlineExecutorService.execute(InlineExecutorService.java:75)
		at java.base/java.util.concurrent.AbstractExecutorService.submit(AbstractExecutorService.java:123)
		at org.apache.catalina.startup.HostConfig.deployDescriptors(HostConfig.java:530)
		at org.apache.catalina.startup.HostConfig.deployApps(HostConfig.java:421)
		at org.apache.catalina.startup.HostConfig.start(HostConfig.java:1629)
		at org.apache.catalina.startup.HostConfig.lifecycleEvent(HostConfig.java:303)
		at org.apache.catalina.util.LifecycleBase.fireLifecycleEvent(LifecycleBase.java:109)
		at org.apache.catalina.util.LifecycleBase.setStateInternal(LifecycleBase.java:385)
		at org.apache.catalina.util.LifecycleBase.setState(LifecycleBase.java:332)
		at org.apache.catalina.core.ContainerBase.startInternal(ContainerBase.java:776)
		at org.apache.catalina.core.StandardHost.startInternal(StandardHost.java:772)
		at org.apache.catalina.util.LifecycleBase.start(LifecycleBase.java:164)
		at org.apache.catalina.core.ContainerBase$StartChild.call(ContainerBase.java:1203)
		at org.apache.catalina.core.ContainerBase$StartChild.call(ContainerBase.java:1193)
		at java.base/java.util.concurrent.FutureTask.run(FutureTask.java:264)
		at org.apache.tomcat.util.threads.InlineExecutorService.execute(InlineExecutorService.java:75)
		at java.base/java.util.concurrent.AbstractExecutorService.submit(AbstractExecutorService.java:145)
		at org.apache.catalina.core.ContainerBase.startInternal(ContainerBase.java:749)
		at org.apache.catalina.core.StandardEngine.startInternal(StandardEngine.java:203)
		at org.apache.catalina.util.LifecycleBase.start(LifecycleBase.java:164)
		at org.apache.catalina.core.StandardService.startInternal(StandardService.java:415)
		at org.apache.catalina.util.LifecycleBase.start(LifecycleBase.java:164)
		at org.apache.catalina.core.StandardServer.startInternal(StandardServer.java:874)
		at org.apache.catalina.util.LifecycleBase.start(LifecycleBase.java:164)
		at org.apache.catalina.startup.Catalina.start(Catalina.java:757)
		at java.base/jdk.internal.reflect.NativeMethodAccessorImpl.invoke0(Native Method)
		at java.base/jdk.internal.reflect.NativeMethodAccessorImpl.invoke(NativeMethodAccessorImpl.java:77)
		at java.base/jdk.internal.reflect.DelegatingMethodAccessorImpl.invoke(DelegatingMethodAccessorImpl.java:43)
		at java.base/java.lang.reflect.Method.invoke(Method.java:568)
		at org.apache.catalina.startup.Bootstrap.start(Bootstrap.java:345)
		at org.apache.catalina.startup.Bootstrap.main(Bootstrap.java:473)
	Caused by: org.apache.catalina.LifecycleException: Failed to start component [StandardEngine[Catalina].StandardHost[localhost].StandardContext[/citMobi2]]
		at org.apache.catalina.util.LifecycleBase.handleSubClassException(LifecycleBase.java:402)
		at org.apache.catalina.util.LifecycleBase.start(LifecycleBase.java:179)
		at org.apache.catalina.core.ContainerBase.addChildInternal(ContainerBase.java:599)
		... 37 more
	Caused by: org.springframework.beans.factory.BeanCreationException: Error creating bean with name 'entityManagerFactory' defined in class path resource [org/springframework/boot/autoconfigure/orm/jpa/HibernateJpaConfiguration.class]: Failed to initialize dependency 'flywayInitializer' of LoadTimeWeaverAware bean 'entityManagerFactory': Error creating bean with name 'flywayInitializer' defined in class path resource [org/springframework/boot/autoconfigure/flyway/FlywayAutoConfiguration$FlywayConfiguration.class]: Migration V1__create_tables.sql failed
--------------------------------------
SQL State  : 42703
Error Code : 0
Message    : ERRO: coluna "glb_operador_agenciareguladora" não existe
  Posição: 197
Location   : db/migration/V1__create_tables.sql (C:\Users\Erick.ferreira\Documents\workspace-jdk17\CitMobi2\target\classes\db\migration\V1__create_tables.sql)
Line       : 17
Statement  : CREATE TABLE T_GLB_OPERADOR (
    GLB_OPERADOR_CNPJ VARCHAR(18) NOT NULL,
    GLB_OPERADOR_RAZAOSOCIAL VARCHAR(255) NOT NULL,
    GLB_OPERADOR_FLAGREGULADOR VARCHAR(1) DEFAULT 'S' NOT NULL CHECK (GLB_OPERADOR_AGENCIAREGULADORA IN ('S', 'N')),
    PRIMARY KEY (GLB_OPERADOR_CNPJ)
)

		at org.springframework.beans.factory.support.AbstractBeanFactory.doGetBean(AbstractBeanFactory.java:326)
		at org.springframework.beans.factory.support.AbstractBeanFactory.getBean(AbstractBeanFactory.java:205)
		at org.springframework.context.support.AbstractApplicationContext.finishBeanFactoryInitialization(AbstractApplicationContext.java:954)
		at org.springframework.context.support.AbstractApplicationContext.refresh(AbstractApplicationContext.java:625)
		at org.springframework.boot.web.servlet.context.ServletWebServerApplicationContext.refresh(ServletWebServerApplicationContext.java:146)
		at org.springframework.boot.SpringApplication.refresh(SpringApplication.java:754)
		at org.springframework.boot.SpringApplication.refreshContext(SpringApplication.java:456)
		at org.springframework.boot.SpringApplication.run(SpringApplication.java:335)
		at org.springframework.boot.web.servlet.support.SpringBootServletInitializer.run(SpringBootServletInitializer.java:174)
		at org.springframework.boot.web.servlet.support.SpringBootServletInitializer.createRootApplicationContext(SpringBootServletInitializer.java:154)
		at org.springframework.boot.web.servlet.support.SpringBootServletInitializer.onStartup(SpringBootServletInitializer.java:96)
		at org.springframework.web.SpringServletContainerInitializer.onStartup(SpringServletContainerInitializer.java:171)
		at org.apache.catalina.core.StandardContext.startInternal(StandardContext.java:4414)
		at org.apache.catalina.util.LifecycleBase.start(LifecycleBase.java:164)
		... 38 more
	Caused by: org.springframework.beans.factory.BeanCreationException: Error creating bean with name 'flywayInitializer' defined in class path resource [org/springframework/boot/autoconfigure/flyway/FlywayAutoConfiguration$FlywayConfiguration.class]: Migration V1__create_tables.sql failed
--------------------------------------
SQL State  : 42703
Error Code : 0
Message    : ERRO: coluna "glb_operador_agenciareguladora" não existe
  Posição: 197
Location   : db/migration/V1__create_tables.sql (C:\Users\Erick.ferreira\Documents\workspace-jdk17\CitMobi2\target\classes\db\migration\V1__create_tables.sql)
Line       : 17
Statement  : CREATE TABLE T_GLB_OPERADOR (
    GLB_OPERADOR_CNPJ VARCHAR(18) NOT NULL,
    GLB_OPERADOR_RAZAOSOCIAL VARCHAR(255) NOT NULL,
    GLB_OPERADOR_FLAGREGULADOR VARCHAR(1) DEFAULT 'S' NOT NULL CHECK (GLB_OPERADOR_AGENCIAREGULADORA IN ('S', 'N')),
    PRIMARY KEY (GLB_OPERADOR_CNPJ)
)

		at org.springframework.beans.factory.support.AbstractAutowireCapableBeanFactory.initializeBean(AbstractAutowireCapableBeanFactory.java:1806)
		at org.springframework.beans.factory.support.AbstractAutowireCapableBeanFactory.doCreateBean(AbstractAutowireCapableBeanFactory.java:600)
		at org.springframework.beans.factory.support.AbstractAutowireCapableBeanFactory.createBean(AbstractAutowireCapableBeanFactory.java:522)
		at org.springframework.beans.factory.support.AbstractBeanFactory.lambda$doGetBean$0(AbstractBeanFactory.java:337)
		at org.springframework.beans.factory.support.DefaultSingletonBeanRegistry.getSingleton(DefaultSingletonBeanRegistry.java:234)
		at org.springframework.beans.factory.support.AbstractBeanFactory.doGetBean(AbstractBeanFactory.java:335)
		at org.springframework.beans.factory.support.AbstractBeanFactory.getBean(AbstractBeanFactory.java:200)
		at org.springframework.beans.factory.support.AbstractBeanFactory.doGetBean(AbstractBeanFactory.java:313)
		... 51 more
	Caused by: org.flywaydb.core.internal.command.DbMigrate$FlywayMigrateException: Migration V1__create_tables.sql failed
--------------------------------------
SQL State  : 42703
Error Code : 0
Message    : ERRO: coluna "glb_operador_agenciareguladora" não existe
  Posição: 197
Location   : db/migration/V1__create_tables.sql (C:\Users\Erick.ferreira\Documents\workspace-jdk17\CitMobi2\target\classes\db\migration\V1__create_tables.sql)
Line       : 17
Statement  : CREATE TABLE T_GLB_OPERADOR (
    GLB_OPERADOR_CNPJ VARCHAR(18) NOT NULL,
    GLB_OPERADOR_RAZAOSOCIAL VARCHAR(255) NOT NULL,
    GLB_OPERADOR_FLAGREGULADOR VARCHAR(1) DEFAULT 'S' NOT NULL CHECK (GLB_OPERADOR_AGENCIAREGULADORA IN ('S', 'N')),
    PRIMARY KEY (GLB_OPERADOR_CNPJ)
)

		at org.flywaydb.core.internal.command.DbMigrate.doMigrateGroup(DbMigrate.java:382)
		at org.flywaydb.core.internal.command.DbMigrate.lambda$applyMigrations$1(DbMigrate.java:272)
		at org.flywaydb.core.internal.jdbc.TransactionalExecutionTemplate.execute(TransactionalExecutionTemplate.java:55)
		at org.flywaydb.core.internal.command.DbMigrate.applyMigrations(DbMigrate.java:271)
		at org.flywaydb.core.internal.command.DbMigrate.migrateGroup(DbMigrate.java:244)
		at org.flywaydb.core.internal.command.DbMigrate.lambda$migrateAll$0(DbMigrate.java:139)
		at org.flywaydb.database.postgresql.PostgreSQLAdvisoryLockTemplate.execute(PostgreSQLAdvisoryLockTemplate.java:73)
		at org.flywaydb.database.postgresql.PostgreSQLAdvisoryLockTemplate.lambda$execute$0(PostgreSQLAdvisoryLockTemplate.java:56)
		at org.flywaydb.core.internal.jdbc.TransactionalExecutionTemplate.execute(TransactionalExecutionTemplate.java:55)
		at org.flywaydb.database.postgresql.PostgreSQLAdvisoryLockTemplate.execute(PostgreSQLAdvisoryLockTemplate.java:56)
		at org.flywaydb.database.postgresql.PostgreSQLConnection.lock(PostgreSQLConnection.java:96)
		at org.flywaydb.core.internal.schemahistory.JdbcTableSchemaHistory.lock(JdbcTableSchemaHistory.java:145)
		at org.flywaydb.core.internal.command.DbMigrate.migrateAll(DbMigrate.java:139)
		at org.flywaydb.core.internal.command.DbMigrate.migrate(DbMigrate.java:97)
		at org.flywaydb.core.Flyway.lambda$migrate$0(Flyway.java:202)
		at org.flywaydb.core.FlywayExecutor.execute(FlywayExecutor.java:205)
		at org.flywaydb.core.Flyway.migrate(Flyway.java:147)
		at org.springframework.boot.autoconfigure.flyway.FlywayMigrationInitializer.afterPropertiesSet(FlywayMigrationInitializer.java:66)
		at org.springframework.beans.factory.support.AbstractAutowireCapableBeanFactory.invokeInitMethods(AbstractAutowireCapableBeanFactory.java:1853)
		at org.springframework.beans.factory.support.AbstractAutowireCapableBeanFactory.initializeBean(AbstractAutowireCapableBeanFactory.java:1802)
		... 58 more
	Caused by: org.flywaydb.core.internal.sqlscript.FlywaySqlScriptException: Migration V1__create_tables.sql failed
--------------------------------------
SQL State  : 42703
Error Code : 0
Message    : ERRO: coluna "glb_operador_agenciareguladora" não existe
  Posição: 197
Location   : db/migration/V1__create_tables.sql (C:\Users\Erick.ferreira\Documents\workspace-jdk17\CitMobi2\target\classes\db\migration\V1__create_tables.sql)
Line       : 17
Statement  : CREATE TABLE T_GLB_OPERADOR (
    GLB_OPERADOR_CNPJ VARCHAR(18) NOT NULL,
    GLB_OPERADOR_RAZAOSOCIAL VARCHAR(255) NOT NULL,
    GLB_OPERADOR_FLAGREGULADOR VARCHAR(1) DEFAULT 'S' NOT NULL CHECK (GLB_OPERADOR_AGENCIAREGULADORA IN ('S', 'N')),
    PRIMARY KEY (GLB_OPERADOR_CNPJ)
)

		at org.flywaydb.core.internal.sqlscript.DefaultSqlScriptExecutor.handleException(DefaultSqlScriptExecutor.java:252)
		at org.flywaydb.core.internal.sqlscript.DefaultSqlScriptExecutor.executeStatement(DefaultSqlScriptExecutor.java:214)
		at org.flywaydb.core.internal.sqlscript.DefaultSqlScriptExecutor.execute(DefaultSqlScriptExecutor.java:133)
		at org.flywaydb.core.internal.resolver.sql.SqlMigrationExecutor.executeOnce(SqlMigrationExecutor.java:65)
		at org.flywaydb.core.internal.resolver.sql.SqlMigrationExecutor.lambda$execute$0(SqlMigrationExecutor.java:57)
		at org.flywaydb.core.internal.database.DefaultExecutionStrategy.execute(DefaultExecutionStrategy.java:27)
		at org.flywaydb.core.internal.resolver.sql.SqlMigrationExecutor.execute(SqlMigrationExecutor.java:56)
		at org.flywaydb.core.internal.command.DbMigrate.doMigrateGroup(DbMigrate.java:374)
		... 77 more
	Caused by: org.postgresql.util.PSQLException: ERRO: coluna "glb_operador_agenciareguladora" não existe
  Posição: 197
		at org.postgresql.core.v3.QueryExecutorImpl.receiveErrorResponse(QueryExecutorImpl.java:2733)
		at org.postgresql.core.v3.QueryExecutorImpl.processResults(QueryExecutorImpl.java:2420)
		at org.postgresql.core.v3.QueryExecutorImpl.execute(QueryExecutorImpl.java:372)
		at org.postgresql.jdbc.PgStatement.executeInternal(PgStatement.java:517)
		at org.postgresql.jdbc.PgStatement.execute(PgStatement.java:434)
		at org.postgresql.jdbc.PgStatement.executeWithFlags(PgStatement.java:356)
		at org.postgresql.jdbc.PgStatement.executeCachedSql(PgStatement.java:341)
		at org.postgresql.jdbc.PgStatement.executeWithFlags(PgStatement.java:317)
		at org.postgresql.jdbc.PgStatement.execute(PgStatement.java:312)
		at com.zaxxer.hikari.pool.ProxyStatement.execute(ProxyStatement.java:94)
		at com.zaxxer.hikari.pool.HikariProxyStatement.execute(HikariProxyStatement.java)
		at org.flywaydb.core.internal.jdbc.JdbcTemplate.executeStatement(JdbcTemplate.java:210)
		at org.flywaydb.core.internal.sqlscript.ParsedSqlStatement.execute(ParsedSqlStatement.java:89)
		at org.flywaydb.core.internal.sqlscript.DefaultSqlScriptExecutor.executeStatement(DefaultSqlScriptExecutor.java:206)
		... 83 more
28-Jan-2025 10:08:44.311 INFO [main] org.apache.catalina.startup.HostConfig.deployDescriptor Deployment of deployment descriptor [C:\Users\Erick.ferreira\Documents\workspace-jdk17\CitMobi2\src\conf\Catalina\localhost\citMobi2.xml] has finished in [17.008] ms
28-Jan-2025 10:08:44.315 INFO [main] org.apache.coyote.AbstractProtocol.start Starting ProtocolHandler ["http-nio-8085"]
28-Jan-2025 10:08:44.368 INFO [main] org.apache.catalina.startup.Catalina.start Server startup in [17141] milliseconds
28-Jan-2025 10:09:01.669 INFO [Thread-3] org.apache.coyote.AbstractProtocol.pause Pausing ProtocolHandler ["http-nio-8085"]
28-Jan-2025 10:09:01.854 INFO [Thread-3] org.apache.catalina.core.StandardService.stopInternal Stopping service [Catalina]
28-Jan-2025 10:09:01.855 INFO [Thread-3] org.apache.coyote.AbstractProtocol.stop Stopping ProtocolHandler ["http-nio-8085"]
28-Jan-2025 10:09:01.859 INFO [Thread-3] org.apache.coyote.AbstractProtocol.destroy Destroying ProtocolHandler ["http-nio-8085"]
28-Jan-2025 10:09:01.861 WARNING [Thread-3] org.apache.catalina.loader.WebappClassLoaderBase.clearReferencesJdbc The web application [citMobi2] registered the JDBC driver [org.postgresql.Driver] but failed to unregister it when the web application was stopped. To prevent a memory leak, the JDBC Driver has been forcibly unregistered.
28-Jan-2025 10:09:03.791 INFO [main] org.apache.catalina.startup.VersionLoggerListener.log Server version name:   Apache Tomcat/10.1.26
28-Jan-2025 10:09:03.796 INFO [main] org.apache.catalina.startup.VersionLoggerListener.log Server built:          Jul 7 2024 21:02:13 UTC
28-Jan-2025 10:09:03.796 INFO [main] org.apache.catalina.startup.VersionLoggerListener.log Server version number: 10.1.26.0
28-Jan-2025 10:09:03.796 INFO [main] org.apache.catalina.startup.VersionLoggerListener.log OS Name:               Windows 11
28-Jan-2025 10:09:03.796 INFO [main] org.apache.catalina.startup.VersionLoggerListener.log OS Version:            10.0
28-Jan-2025 10:09:03.796 INFO [main] org.apache.catalina.startup.VersionLoggerListener.log Architecture:          amd64
28-Jan-2025 10:09:03.796 INFO [main] org.apache.catalina.startup.VersionLoggerListener.log Java Home:             C:\Program Files\Java\jdk-17
28-Jan-2025 10:09:03.797 INFO [main] org.apache.catalina.startup.VersionLoggerListener.log JVM Version:           17.0.11+7-LTS-207
28-Jan-2025 10:09:03.797 INFO [main] org.apache.catalina.startup.VersionLoggerListener.log JVM Vendor:            Oracle Corporation
28-Jan-2025 10:09:03.797 INFO [main] org.apache.catalina.startup.VersionLoggerListener.log CATALINA_BASE:         C:\Users\Erick.ferreira\Documents\workspace-jdk17\CitMobi2\src
28-Jan-2025 10:09:03.797 INFO [main] org.apache.catalina.startup.VersionLoggerListener.log CATALINA_HOME:         C:\Program Files\Apache Software Foundation\Tomcat 10.1
28-Jan-2025 10:09:03.813 INFO [main] org.apache.catalina.startup.VersionLoggerListener.log Command line argument: --add-opens=java.base/java.lang=ALL-UNNAMED
28-Jan-2025 10:09:03.813 INFO [main] org.apache.catalina.startup.VersionLoggerListener.log Command line argument: --add-opens=java.base/java.io=ALL-UNNAMED
28-Jan-2025 10:09:03.814 INFO [main] org.apache.catalina.startup.VersionLoggerListener.log Command line argument: --add-opens=java.base/java.util=ALL-UNNAMED
28-Jan-2025 10:09:03.814 INFO [main] org.apache.catalina.startup.VersionLoggerListener.log Command line argument: --add-opens=java.base/java.util.concurrent=ALL-UNNAMED
28-Jan-2025 10:09:03.814 INFO [main] org.apache.catalina.startup.VersionLoggerListener.log Command line argument: --add-opens=java.rmi/sun.rmi.transport=ALL-UNNAMED
28-Jan-2025 10:09:03.814 INFO [main] org.apache.catalina.startup.VersionLoggerListener.log Command line argument: -Dcatalina.home=C:\Program Files\Apache Software Foundation\Tomcat 10.1
28-Jan-2025 10:09:03.814 INFO [main] org.apache.catalina.startup.VersionLoggerListener.log Command line argument: -Dcatalina.base=C:\Users\Erick.ferreira\Documents\workspace-jdk17\CitMobi2\src
28-Jan-2025 10:09:03.814 INFO [main] org.apache.catalina.startup.VersionLoggerListener.log Command line argument: -Djava.io.tmpdir=C:\Users\Erick.ferreira\Documents\workspace-jdk17\CitMobi2\src\temp
28-Jan-2025 10:09:03.814 INFO [main] org.apache.catalina.startup.VersionLoggerListener.log Command line argument: -Djava.util.logging.config.file=C:\Users\Erick.ferreira\Documents\workspace-jdk17\CitMobi2\src\conf\logging.properties
28-Jan-2025 10:09:03.814 INFO [main] org.apache.catalina.startup.VersionLoggerListener.log Command line argument: -Djava.util.logging.manager=org.apache.juli.ClassLoaderLogManager
28-Jan-2025 10:09:03.814 INFO [main] org.apache.catalina.startup.VersionLoggerListener.log Command line argument: -javaagent:C:\Program Files\JetBrains\IntelliJ IDEA Community Edition 2024.1.4\lib\idea_rt.jar=57252:C:\Program Files\JetBrains\IntelliJ IDEA Community Edition 2024.1.4\bin
28-Jan-2025 10:09:03.814 INFO [main] org.apache.catalina.startup.VersionLoggerListener.log Command line argument: -Dfile.encoding=UTF-8
28-Jan-2025 10:09:03.824 INFO [main] org.apache.catalina.core.AprLifecycleListener.lifecycleEvent The Apache Tomcat Native library which allows using OpenSSL was not found on the java.library.path: [C:\Program Files\Java\jdk-17\bin;C:\Windows\Sun\Java\bin;C:\Windows\system32;C:\Windows;C:\Program Files\Common Files\Oracle\Java\javapath;C:\Python312\Scripts\;C:\Python312\;C:\Program Files (x86)\Common Files\Oracle\Java\javapath;C:\app\TDV.Admin\product\11.2.0\client_1\bin;C:\Windows\system32;C:\Windows;C:\Windows\System32\Wbem;C:\Windows\System32\WindowsPowerShell\v1.0\;C:\Windows\System32\OpenSSH\;C:\Program Files\Git\cmd;C:\Java_Essentials\apache-maven-3.6.3\bin;C:\Program Files\nodejs\;C:\ProgramData\chocolatey\bin;C:\Program Files\dotnet\;C:\Program Files\MySQL\MySQL Shell 8.0\bin\;C:\Users\Erick.ferreira\.console-ninja\.bin;C:\Users\Erick.ferreira\AppData\Local\Microsoft\WindowsApps;C:\Users\Erick.ferreira\AppData\Local\Programs\Microsoft VS Code\bin;C:\Program Files\Java\jdk1.8.0_291\bin;C:\Users\Erick.ferreira\AppData\Roaming\npm;C:\Program Files\JetBrains\IntelliJ IDEA Community Edition 2024.1.4\bin;;C:\Users\Erick.ferreira\.dotnet\tools;.]
28-Jan-2025 10:09:04.116 INFO [main] org.apache.coyote.AbstractProtocol.init Initializing ProtocolHandler ["http-nio-8085"]
28-Jan-2025 10:09:04.139 INFO [main] org.apache.catalina.startup.Catalina.load Server initialization in [582] milliseconds
28-Jan-2025 10:09:04.205 INFO [main] org.apache.catalina.core.StandardService.startInternal Starting service [Catalina]
28-Jan-2025 10:09:04.205 INFO [main] org.apache.catalina.core.StandardEngine.startInternal Starting Servlet engine: [Apache Tomcat/10.1.26]
28-Jan-2025 10:09:04.222 INFO [main] org.apache.catalina.startup.HostConfig.deployDescriptor Deploying deployment descriptor [C:\Users\Erick.ferreira\Documents\workspace-jdk17\CitMobi2\src\conf\Catalina\localhost\citMobi2.xml]
28-Jan-2025 10:09:11.208 INFO [main] org.apache.jasper.servlet.TldScanner.scanJars At least one JAR was scanned for TLDs yet contained no TLDs. Enable debug logging for this logger for a complete list of JARs that were scanned but no TLDs were found in them. Skipping unneeded JARs during scanning can improve startup time and JSP compilation time.
28-Jan-2025 10:09:22.390 SEVERE [main] org.apache.catalina.startup.HostConfig.deployDescriptor Error deploying deployment descriptor [C:\Users\Erick.ferreira\Documents\workspace-jdk17\CitMobi2\src\conf\Catalina\localhost\citMobi2.xml]
	java.lang.IllegalStateException: Error starting child
		at org.apache.catalina.core.ContainerBase.addChildInternal(ContainerBase.java:602)
		at org.apache.catalina.core.ContainerBase.addChild(ContainerBase.java:571)
		at org.apache.catalina.core.StandardHost.addChild(StandardHost.java:654)
		at org.apache.catalina.startup.HostConfig.deployDescriptor(HostConfig.java:635)
		at org.apache.catalina.startup.HostConfig$DeployDescriptor.run(HostConfig.java:1889)
		at java.base/java.util.concurrent.Executors$RunnableAdapter.call(Executors.java:539)
		at java.base/java.util.concurrent.FutureTask.run(FutureTask.java:264)
		at org.apache.tomcat.util.threads.InlineExecutorService.execute(InlineExecutorService.java:75)
		at java.base/java.util.concurrent.AbstractExecutorService.submit(AbstractExecutorService.java:123)
		at org.apache.catalina.startup.HostConfig.deployDescriptors(HostConfig.java:530)
		at org.apache.catalina.startup.HostConfig.deployApps(HostConfig.java:421)
		at org.apache.catalina.startup.HostConfig.start(HostConfig.java:1629)
		at org.apache.catalina.startup.HostConfig.lifecycleEvent(HostConfig.java:303)
		at org.apache.catalina.util.LifecycleBase.fireLifecycleEvent(LifecycleBase.java:109)
		at org.apache.catalina.util.LifecycleBase.setStateInternal(LifecycleBase.java:385)
		at org.apache.catalina.util.LifecycleBase.setState(LifecycleBase.java:332)
		at org.apache.catalina.core.ContainerBase.startInternal(ContainerBase.java:776)
		at org.apache.catalina.core.StandardHost.startInternal(StandardHost.java:772)
		at org.apache.catalina.util.LifecycleBase.start(LifecycleBase.java:164)
		at org.apache.catalina.core.ContainerBase$StartChild.call(ContainerBase.java:1203)
		at org.apache.catalina.core.ContainerBase$StartChild.call(ContainerBase.java:1193)
		at java.base/java.util.concurrent.FutureTask.run(FutureTask.java:264)
		at org.apache.tomcat.util.threads.InlineExecutorService.execute(InlineExecutorService.java:75)
		at java.base/java.util.concurrent.AbstractExecutorService.submit(AbstractExecutorService.java:145)
		at org.apache.catalina.core.ContainerBase.startInternal(ContainerBase.java:749)
		at org.apache.catalina.core.StandardEngine.startInternal(StandardEngine.java:203)
		at org.apache.catalina.util.LifecycleBase.start(LifecycleBase.java:164)
		at org.apache.catalina.core.StandardService.startInternal(StandardService.java:415)
		at org.apache.catalina.util.LifecycleBase.start(LifecycleBase.java:164)
		at org.apache.catalina.core.StandardServer.startInternal(StandardServer.java:874)
		at org.apache.catalina.util.LifecycleBase.start(LifecycleBase.java:164)
		at org.apache.catalina.startup.Catalina.start(Catalina.java:757)
		at java.base/jdk.internal.reflect.NativeMethodAccessorImpl.invoke0(Native Method)
		at java.base/jdk.internal.reflect.NativeMethodAccessorImpl.invoke(NativeMethodAccessorImpl.java:77)
		at java.base/jdk.internal.reflect.DelegatingMethodAccessorImpl.invoke(DelegatingMethodAccessorImpl.java:43)
		at java.base/java.lang.reflect.Method.invoke(Method.java:568)
		at org.apache.catalina.startup.Bootstrap.start(Bootstrap.java:345)
		at org.apache.catalina.startup.Bootstrap.main(Bootstrap.java:473)
	Caused by: org.apache.catalina.LifecycleException: Failed to start component [StandardEngine[Catalina].StandardHost[localhost].StandardContext[/citMobi2]]
		at org.apache.catalina.util.LifecycleBase.handleSubClassException(LifecycleBase.java:402)
		at org.apache.catalina.util.LifecycleBase.start(LifecycleBase.java:179)
		at org.apache.catalina.core.ContainerBase.addChildInternal(ContainerBase.java:599)
		... 37 more
	Caused by: org.springframework.beans.factory.BeanCreationException: Error creating bean with name 'entityManagerFactory' defined in class path resource [org/springframework/boot/autoconfigure/orm/jpa/HibernateJpaConfiguration.class]: Failed to initialize dependency 'flywayInitializer' of LoadTimeWeaverAware bean 'entityManagerFactory': Error creating bean with name 'flywayInitializer' defined in class path resource [org/springframework/boot/autoconfigure/flyway/FlywayAutoConfiguration$FlywayConfiguration.class]: Migration V2__INSERT_MOCK.sql failed
------------------------------------
SQL State  : 23505
Error Code : 0
Message    : ERRO: duplicar valor da chave viola a restrição de unicidade "t_lin_linha_pkey"
  Detalhe: Chave (lin_linha_id, lin_linha_atendimento, glb_municipio_cod)=(9051, 10, 3550308) já existe.
Location   : db/migration/V2__INSERT_MOCK.sql (C:\Users\Erick.ferreira\Documents\workspace-jdk17\CitMobi2\target\classes\db\migration\V2__INSERT_MOCK.sql)
Line       : 41
Statement  : INSERT INTO T_LIN_LINHA (LIN_LINHA_ID, LIN_LINHA_ATENDIMENTO, GLB_MUNICIPIO_COD, LIN_LINHA_DESCRICAO, LIN_LINHA_FLAGINTERMUNICIPAL, LIN_LINHA_FLAGATENDEMETRO, LIN_LINHA_FLAGATENDETREM, LIN_LINHA_FLAGATIVA)
VALUES('9051', '10', 3550308, 'TERM. PINHEIROS - LAPA', 'N', 'N', 'N', 'S')

		at org.springframework.beans.factory.support.AbstractBeanFactory.doGetBean(AbstractBeanFactory.java:326)
		at org.springframework.beans.factory.support.AbstractBeanFactory.getBean(AbstractBeanFactory.java:205)
		at org.springframework.context.support.AbstractApplicationContext.finishBeanFactoryInitialization(AbstractApplicationContext.java:954)
		at org.springframework.context.support.AbstractApplicationContext.refresh(AbstractApplicationContext.java:625)
		at org.springframework.boot.web.servlet.context.ServletWebServerApplicationContext.refresh(ServletWebServerApplicationContext.java:146)
		at org.springframework.boot.SpringApplication.refresh(SpringApplication.java:754)
		at org.springframework.boot.SpringApplication.refreshContext(SpringApplication.java:456)
		at org.springframework.boot.SpringApplication.run(SpringApplication.java:335)
		at org.springframework.boot.web.servlet.support.SpringBootServletInitializer.run(SpringBootServletInitializer.java:174)
		at org.springframework.boot.web.servlet.support.SpringBootServletInitializer.createRootApplicationContext(SpringBootServletInitializer.java:154)
		at org.springframework.boot.web.servlet.support.SpringBootServletInitializer.onStartup(SpringBootServletInitializer.java:96)
		at org.springframework.web.SpringServletContainerInitializer.onStartup(SpringServletContainerInitializer.java:171)
		at org.apache.catalina.core.StandardContext.startInternal(StandardContext.java:4414)
		at org.apache.catalina.util.LifecycleBase.start(LifecycleBase.java:164)
		... 38 more
	Caused by: org.springframework.beans.factory.BeanCreationException: Error creating bean with name 'flywayInitializer' defined in class path resource [org/springframework/boot/autoconfigure/flyway/FlywayAutoConfiguration$FlywayConfiguration.class]: Migration V2__INSERT_MOCK.sql failed
------------------------------------
SQL State  : 23505
Error Code : 0
Message    : ERRO: duplicar valor da chave viola a restrição de unicidade "t_lin_linha_pkey"
  Detalhe: Chave (lin_linha_id, lin_linha_atendimento, glb_municipio_cod)=(9051, 10, 3550308) já existe.
Location   : db/migration/V2__INSERT_MOCK.sql (C:\Users\Erick.ferreira\Documents\workspace-jdk17\CitMobi2\target\classes\db\migration\V2__INSERT_MOCK.sql)
Line       : 41
Statement  : INSERT INTO T_LIN_LINHA (LIN_LINHA_ID, LIN_LINHA_ATENDIMENTO, GLB_MUNICIPIO_COD, LIN_LINHA_DESCRICAO, LIN_LINHA_FLAGINTERMUNICIPAL, LIN_LINHA_FLAGATENDEMETRO, LIN_LINHA_FLAGATENDETREM, LIN_LINHA_FLAGATIVA)
VALUES('9051', '10', 3550308, 'TERM. PINHEIROS - LAPA', 'N', 'N', 'N', 'S')

		at org.springframework.beans.factory.support.AbstractAutowireCapableBeanFactory.initializeBean(AbstractAutowireCapableBeanFactory.java:1806)
		at org.springframework.beans.factory.support.AbstractAutowireCapableBeanFactory.doCreateBean(AbstractAutowireCapableBeanFactory.java:600)
		at org.springframework.beans.factory.support.AbstractAutowireCapableBeanFactory.createBean(AbstractAutowireCapableBeanFactory.java:522)
		at org.springframework.beans.factory.support.AbstractBeanFactory.lambda$doGetBean$0(AbstractBeanFactory.java:337)
		at org.springframework.beans.factory.support.DefaultSingletonBeanRegistry.getSingleton(DefaultSingletonBeanRegistry.java:234)
		at org.springframework.beans.factory.support.AbstractBeanFactory.doGetBean(AbstractBeanFactory.java:335)
		at org.springframework.beans.factory.support.AbstractBeanFactory.getBean(AbstractBeanFactory.java:200)
		at org.springframework.beans.factory.support.AbstractBeanFactory.doGetBean(AbstractBeanFactory.java:313)
		... 51 more
	Caused by: org.flywaydb.core.internal.command.DbMigrate$FlywayMigrateException: Migration V2__INSERT_MOCK.sql failed
------------------------------------
SQL State  : 23505
Error Code : 0
Message    : ERRO: duplicar valor da chave viola a restrição de unicidade "t_lin_linha_pkey"
  Detalhe: Chave (lin_linha_id, lin_linha_atendimento, glb_municipio_cod)=(9051, 10, 3550308) já existe.
Location   : db/migration/V2__INSERT_MOCK.sql (C:\Users\Erick.ferreira\Documents\workspace-jdk17\CitMobi2\target\classes\db\migration\V2__INSERT_MOCK.sql)
Line       : 41
Statement  : INSERT INTO T_LIN_LINHA (LIN_LINHA_ID, LIN_LINHA_ATENDIMENTO, GLB_MUNICIPIO_COD, LIN_LINHA_DESCRICAO, LIN_LINHA_FLAGINTERMUNICIPAL, LIN_LINHA_FLAGATENDEMETRO, LIN_LINHA_FLAGATENDETREM, LIN_LINHA_FLAGATIVA)
VALUES('9051', '10', 3550308, 'TERM. PINHEIROS - LAPA', 'N', 'N', 'N', 'S')

		at org.flywaydb.core.internal.command.DbMigrate.doMigrateGroup(DbMigrate.java:382)
		at org.flywaydb.core.internal.command.DbMigrate.lambda$applyMigrations$1(DbMigrate.java:272)
		at org.flywaydb.core.internal.jdbc.TransactionalExecutionTemplate.execute(TransactionalExecutionTemplate.java:55)
		at org.flywaydb.core.internal.command.DbMigrate.applyMigrations(DbMigrate.java:271)
		at org.flywaydb.core.internal.command.DbMigrate.migrateGroup(DbMigrate.java:244)
		at org.flywaydb.core.internal.command.DbMigrate.lambda$migrateAll$0(DbMigrate.java:139)
		at org.flywaydb.database.postgresql.PostgreSQLAdvisoryLockTemplate.execute(PostgreSQLAdvisoryLockTemplate.java:73)
		at org.flywaydb.database.postgresql.PostgreSQLAdvisoryLockTemplate.lambda$execute$0(PostgreSQLAdvisoryLockTemplate.java:56)
		at org.flywaydb.core.internal.jdbc.TransactionalExecutionTemplate.execute(TransactionalExecutionTemplate.java:55)
		at org.flywaydb.database.postgresql.PostgreSQLAdvisoryLockTemplate.execute(PostgreSQLAdvisoryLockTemplate.java:56)
		at org.flywaydb.database.postgresql.PostgreSQLConnection.lock(PostgreSQLConnection.java:96)
		at org.flywaydb.core.internal.schemahistory.JdbcTableSchemaHistory.lock(JdbcTableSchemaHistory.java:145)
		at org.flywaydb.core.internal.command.DbMigrate.migrateAll(DbMigrate.java:139)
		at org.flywaydb.core.internal.command.DbMigrate.migrate(DbMigrate.java:97)
		at org.flywaydb.core.Flyway.lambda$migrate$0(Flyway.java:202)
		at org.flywaydb.core.FlywayExecutor.execute(FlywayExecutor.java:205)
		at org.flywaydb.core.Flyway.migrate(Flyway.java:147)
		at org.springframework.boot.autoconfigure.flyway.FlywayMigrationInitializer.afterPropertiesSet(FlywayMigrationInitializer.java:66)
		at org.springframework.beans.factory.support.AbstractAutowireCapableBeanFactory.invokeInitMethods(AbstractAutowireCapableBeanFactory.java:1853)
		at org.springframework.beans.factory.support.AbstractAutowireCapableBeanFactory.initializeBean(AbstractAutowireCapableBeanFactory.java:1802)
		... 58 more
	Caused by: org.flywaydb.core.internal.sqlscript.FlywaySqlScriptException: Migration V2__INSERT_MOCK.sql failed
------------------------------------
SQL State  : 23505
Error Code : 0
Message    : ERRO: duplicar valor da chave viola a restrição de unicidade "t_lin_linha_pkey"
  Detalhe: Chave (lin_linha_id, lin_linha_atendimento, glb_municipio_cod)=(9051, 10, 3550308) já existe.
Location   : db/migration/V2__INSERT_MOCK.sql (C:\Users\Erick.ferreira\Documents\workspace-jdk17\CitMobi2\target\classes\db\migration\V2__INSERT_MOCK.sql)
Line       : 41
Statement  : INSERT INTO T_LIN_LINHA (LIN_LINHA_ID, LIN_LINHA_ATENDIMENTO, GLB_MUNICIPIO_COD, LIN_LINHA_DESCRICAO, LIN_LINHA_FLAGINTERMUNICIPAL, LIN_LINHA_FLAGATENDEMETRO, LIN_LINHA_FLAGATENDETREM, LIN_LINHA_FLAGATIVA)
VALUES('9051', '10', 3550308, 'TERM. PINHEIROS - LAPA', 'N', 'N', 'N', 'S')

		at org.flywaydb.core.internal.sqlscript.DefaultSqlScriptExecutor.handleException(DefaultSqlScriptExecutor.java:252)
		at org.flywaydb.core.internal.sqlscript.DefaultSqlScriptExecutor.executeStatement(DefaultSqlScriptExecutor.java:214)
		at org.flywaydb.core.internal.sqlscript.DefaultSqlScriptExecutor.execute(DefaultSqlScriptExecutor.java:133)
		at org.flywaydb.core.internal.resolver.sql.SqlMigrationExecutor.executeOnce(SqlMigrationExecutor.java:65)
		at org.flywaydb.core.internal.resolver.sql.SqlMigrationExecutor.lambda$execute$0(SqlMigrationExecutor.java:57)
		at org.flywaydb.core.internal.database.DefaultExecutionStrategy.execute(DefaultExecutionStrategy.java:27)
		at org.flywaydb.core.internal.resolver.sql.SqlMigrationExecutor.execute(SqlMigrationExecutor.java:56)
		at org.flywaydb.core.internal.command.DbMigrate.doMigrateGroup(DbMigrate.java:374)
		... 77 more
	Caused by: org.postgresql.util.PSQLException: ERRO: duplicar valor da chave viola a restrição de unicidade "t_lin_linha_pkey"
  Detalhe: Chave (lin_linha_id, lin_linha_atendimento, glb_municipio_cod)=(9051, 10, 3550308) já existe.
		at org.postgresql.core.v3.QueryExecutorImpl.receiveErrorResponse(QueryExecutorImpl.java:2733)
		at org.postgresql.core.v3.QueryExecutorImpl.processResults(QueryExecutorImpl.java:2420)
		at org.postgresql.core.v3.QueryExecutorImpl.execute(QueryExecutorImpl.java:372)
		at org.postgresql.jdbc.PgStatement.executeInternal(PgStatement.java:517)
		at org.postgresql.jdbc.PgStatement.execute(PgStatement.java:434)
		at org.postgresql.jdbc.PgStatement.executeWithFlags(PgStatement.java:356)
		at org.postgresql.jdbc.PgStatement.executeCachedSql(PgStatement.java:341)
		at org.postgresql.jdbc.PgStatement.executeWithFlags(PgStatement.java:317)
		at org.postgresql.jdbc.PgStatement.execute(PgStatement.java:312)
		at com.zaxxer.hikari.pool.ProxyStatement.execute(ProxyStatement.java:94)
		at com.zaxxer.hikari.pool.HikariProxyStatement.execute(HikariProxyStatement.java)
		at org.flywaydb.core.internal.jdbc.JdbcTemplate.executeStatement(JdbcTemplate.java:210)
		at org.flywaydb.core.internal.sqlscript.ParsedSqlStatement.execute(ParsedSqlStatement.java:89)
		at org.flywaydb.core.internal.sqlscript.DefaultSqlScriptExecutor.executeStatement(DefaultSqlScriptExecutor.java:206)
		... 83 more
28-Jan-2025 10:09:22.394 INFO [main] org.apache.catalina.startup.HostConfig.deployDescriptor Deployment of deployment descriptor [C:\Users\Erick.ferreira\Documents\workspace-jdk17\CitMobi2\src\conf\Catalina\localhost\citMobi2.xml] has finished in [18.172] ms
28-Jan-2025 10:09:22.398 INFO [main] org.apache.coyote.AbstractProtocol.start Starting ProtocolHandler ["http-nio-8085"]
28-Jan-2025 10:09:22.433 INFO [main] org.apache.catalina.startup.Catalina.start Server startup in [18293] milliseconds
28-Jan-2025 10:11:14.790 INFO [Thread-3] org.apache.coyote.AbstractProtocol.pause Pausing ProtocolHandler ["http-nio-8085"]
28-Jan-2025 10:11:14.958 INFO [Thread-3] org.apache.catalina.core.StandardService.stopInternal Stopping service [Catalina]
28-Jan-2025 10:11:14.959 INFO [Thread-3] org.apache.coyote.AbstractProtocol.stop Stopping ProtocolHandler ["http-nio-8085"]
28-Jan-2025 10:11:14.963 INFO [Thread-3] org.apache.coyote.AbstractProtocol.destroy Destroying ProtocolHandler ["http-nio-8085"]
28-Jan-2025 10:11:14.965 WARNING [Thread-3] org.apache.catalina.loader.WebappClassLoaderBase.clearReferencesJdbc The web application [citMobi2] registered the JDBC driver [org.postgresql.Driver] but failed to unregister it when the web application was stopped. To prevent a memory leak, the JDBC Driver has been forcibly unregistered.
28-Jan-2025 10:11:16.824 INFO [main] org.apache.catalina.startup.VersionLoggerListener.log Server version name:   Apache Tomcat/10.1.26
28-Jan-2025 10:11:16.828 INFO [main] org.apache.catalina.startup.VersionLoggerListener.log Server built:          Jul 7 2024 21:02:13 UTC
28-Jan-2025 10:11:16.828 INFO [main] org.apache.catalina.startup.VersionLoggerListener.log Server version number: 10.1.26.0
28-Jan-2025 10:11:16.828 INFO [main] org.apache.catalina.startup.VersionLoggerListener.log OS Name:               Windows 11
28-Jan-2025 10:11:16.829 INFO [main] org.apache.catalina.startup.VersionLoggerListener.log OS Version:            10.0
28-Jan-2025 10:11:16.829 INFO [main] org.apache.catalina.startup.VersionLoggerListener.log Architecture:          amd64
28-Jan-2025 10:11:16.829 INFO [main] org.apache.catalina.startup.VersionLoggerListener.log Java Home:             C:\Program Files\Java\jdk-17
28-Jan-2025 10:11:16.829 INFO [main] org.apache.catalina.startup.VersionLoggerListener.log JVM Version:           17.0.11+7-LTS-207
28-Jan-2025 10:11:16.829 INFO [main] org.apache.catalina.startup.VersionLoggerListener.log JVM Vendor:            Oracle Corporation
28-Jan-2025 10:11:16.829 INFO [main] org.apache.catalina.startup.VersionLoggerListener.log CATALINA_BASE:         C:\Users\Erick.ferreira\Documents\workspace-jdk17\CitMobi2\src
28-Jan-2025 10:11:16.829 INFO [main] org.apache.catalina.startup.VersionLoggerListener.log CATALINA_HOME:         C:\Program Files\Apache Software Foundation\Tomcat 10.1
28-Jan-2025 10:11:16.846 INFO [main] org.apache.catalina.startup.VersionLoggerListener.log Command line argument: --add-opens=java.base/java.lang=ALL-UNNAMED
28-Jan-2025 10:11:16.846 INFO [main] org.apache.catalina.startup.VersionLoggerListener.log Command line argument: --add-opens=java.base/java.io=ALL-UNNAMED
28-Jan-2025 10:11:16.846 INFO [main] org.apache.catalina.startup.VersionLoggerListener.log Command line argument: --add-opens=java.base/java.util=ALL-UNNAMED
28-Jan-2025 10:11:16.846 INFO [main] org.apache.catalina.startup.VersionLoggerListener.log Command line argument: --add-opens=java.base/java.util.concurrent=ALL-UNNAMED
28-Jan-2025 10:11:16.846 INFO [main] org.apache.catalina.startup.VersionLoggerListener.log Command line argument: --add-opens=java.rmi/sun.rmi.transport=ALL-UNNAMED
28-Jan-2025 10:11:16.846 INFO [main] org.apache.catalina.startup.VersionLoggerListener.log Command line argument: -Dcatalina.home=C:\Program Files\Apache Software Foundation\Tomcat 10.1
28-Jan-2025 10:11:16.846 INFO [main] org.apache.catalina.startup.VersionLoggerListener.log Command line argument: -Dcatalina.base=C:\Users\Erick.ferreira\Documents\workspace-jdk17\CitMobi2\src
28-Jan-2025 10:11:16.847 INFO [main] org.apache.catalina.startup.VersionLoggerListener.log Command line argument: -Djava.io.tmpdir=C:\Users\Erick.ferreira\Documents\workspace-jdk17\CitMobi2\src\temp
28-Jan-2025 10:11:16.847 INFO [main] org.apache.catalina.startup.VersionLoggerListener.log Command line argument: -Djava.util.logging.config.file=C:\Users\Erick.ferreira\Documents\workspace-jdk17\CitMobi2\src\conf\logging.properties
28-Jan-2025 10:11:16.847 INFO [main] org.apache.catalina.startup.VersionLoggerListener.log Command line argument: -Djava.util.logging.manager=org.apache.juli.ClassLoaderLogManager
28-Jan-2025 10:11:16.847 INFO [main] org.apache.catalina.startup.VersionLoggerListener.log Command line argument: -javaagent:C:\Program Files\JetBrains\IntelliJ IDEA Community Edition 2024.1.4\lib\idea_rt.jar=57292:C:\Program Files\JetBrains\IntelliJ IDEA Community Edition 2024.1.4\bin
28-Jan-2025 10:11:16.847 INFO [main] org.apache.catalina.startup.VersionLoggerListener.log Command line argument: -Dfile.encoding=UTF-8
28-Jan-2025 10:11:16.855 INFO [main] org.apache.catalina.core.AprLifecycleListener.lifecycleEvent The Apache Tomcat Native library which allows using OpenSSL was not found on the java.library.path: [C:\Program Files\Java\jdk-17\bin;C:\Windows\Sun\Java\bin;C:\Windows\system32;C:\Windows;C:\Program Files\Common Files\Oracle\Java\javapath;C:\Python312\Scripts\;C:\Python312\;C:\Program Files (x86)\Common Files\Oracle\Java\javapath;C:\app\TDV.Admin\product\11.2.0\client_1\bin;C:\Windows\system32;C:\Windows;C:\Windows\System32\Wbem;C:\Windows\System32\WindowsPowerShell\v1.0\;C:\Windows\System32\OpenSSH\;C:\Program Files\Git\cmd;C:\Java_Essentials\apache-maven-3.6.3\bin;C:\Program Files\nodejs\;C:\ProgramData\chocolatey\bin;C:\Program Files\dotnet\;C:\Program Files\MySQL\MySQL Shell 8.0\bin\;C:\Users\Erick.ferreira\.console-ninja\.bin;C:\Users\Erick.ferreira\AppData\Local\Microsoft\WindowsApps;C:\Users\Erick.ferreira\AppData\Local\Programs\Microsoft VS Code\bin;C:\Program Files\Java\jdk1.8.0_291\bin;C:\Users\Erick.ferreira\AppData\Roaming\npm;C:\Program Files\JetBrains\IntelliJ IDEA Community Edition 2024.1.4\bin;;C:\Users\Erick.ferreira\.dotnet\tools;.]
28-Jan-2025 10:11:17.154 INFO [main] org.apache.coyote.AbstractProtocol.init Initializing ProtocolHandler ["http-nio-8085"]
28-Jan-2025 10:11:17.177 INFO [main] org.apache.catalina.startup.Catalina.load Server initialization in [565] milliseconds
28-Jan-2025 10:11:17.240 INFO [main] org.apache.catalina.core.StandardService.startInternal Starting service [Catalina]
28-Jan-2025 10:11:17.240 INFO [main] org.apache.catalina.core.StandardEngine.startInternal Starting Servlet engine: [Apache Tomcat/10.1.26]
28-Jan-2025 10:11:17.259 INFO [main] org.apache.catalina.startup.HostConfig.deployDescriptor Deploying deployment descriptor [C:\Users\Erick.ferreira\Documents\workspace-jdk17\CitMobi2\src\conf\Catalina\localhost\citMobi2.xml]
28-Jan-2025 10:11:23.966 INFO [main] org.apache.jasper.servlet.TldScanner.scanJars At least one JAR was scanned for TLDs yet contained no TLDs. Enable debug logging for this logger for a complete list of JARs that were scanned but no TLDs were found in them. Skipping unneeded JARs during scanning can improve startup time and JSP compilation time.
28-Jan-2025 10:11:33.773 SEVERE [main] org.apache.catalina.startup.HostConfig.deployDescriptor Error deploying deployment descriptor [C:\Users\Erick.ferreira\Documents\workspace-jdk17\CitMobi2\src\conf\Catalina\localhost\citMobi2.xml]
	java.lang.IllegalStateException: Error starting child
		at org.apache.catalina.core.ContainerBase.addChildInternal(ContainerBase.java:602)
		at org.apache.catalina.core.ContainerBase.addChild(ContainerBase.java:571)
		at org.apache.catalina.core.StandardHost.addChild(StandardHost.java:654)
		at org.apache.catalina.startup.HostConfig.deployDescriptor(HostConfig.java:635)
		at org.apache.catalina.startup.HostConfig$DeployDescriptor.run(HostConfig.java:1889)
		at java.base/java.util.concurrent.Executors$RunnableAdapter.call(Executors.java:539)
		at java.base/java.util.concurrent.FutureTask.run(FutureTask.java:264)
		at org.apache.tomcat.util.threads.InlineExecutorService.execute(InlineExecutorService.java:75)
		at java.base/java.util.concurrent.AbstractExecutorService.submit(AbstractExecutorService.java:123)
		at org.apache.catalina.startup.HostConfig.deployDescriptors(HostConfig.java:530)
		at org.apache.catalina.startup.HostConfig.deployApps(HostConfig.java:421)
		at org.apache.catalina.startup.HostConfig.start(HostConfig.java:1629)
		at org.apache.catalina.startup.HostConfig.lifecycleEvent(HostConfig.java:303)
		at org.apache.catalina.util.LifecycleBase.fireLifecycleEvent(LifecycleBase.java:109)
		at org.apache.catalina.util.LifecycleBase.setStateInternal(LifecycleBase.java:385)
		at org.apache.catalina.util.LifecycleBase.setState(LifecycleBase.java:332)
		at org.apache.catalina.core.ContainerBase.startInternal(ContainerBase.java:776)
		at org.apache.catalina.core.StandardHost.startInternal(StandardHost.java:772)
		at org.apache.catalina.util.LifecycleBase.start(LifecycleBase.java:164)
		at org.apache.catalina.core.ContainerBase$StartChild.call(ContainerBase.java:1203)
		at org.apache.catalina.core.ContainerBase$StartChild.call(ContainerBase.java:1193)
		at java.base/java.util.concurrent.FutureTask.run(FutureTask.java:264)
		at org.apache.tomcat.util.threads.InlineExecutorService.execute(InlineExecutorService.java:75)
		at java.base/java.util.concurrent.AbstractExecutorService.submit(AbstractExecutorService.java:145)
		at org.apache.catalina.core.ContainerBase.startInternal(ContainerBase.java:749)
		at org.apache.catalina.core.StandardEngine.startInternal(StandardEngine.java:203)
		at org.apache.catalina.util.LifecycleBase.start(LifecycleBase.java:164)
		at org.apache.catalina.core.StandardService.startInternal(StandardService.java:415)
		at org.apache.catalina.util.LifecycleBase.start(LifecycleBase.java:164)
		at org.apache.catalina.core.StandardServer.startInternal(StandardServer.java:874)
		at org.apache.catalina.util.LifecycleBase.start(LifecycleBase.java:164)
		at org.apache.catalina.startup.Catalina.start(Catalina.java:757)
		at java.base/jdk.internal.reflect.NativeMethodAccessorImpl.invoke0(Native Method)
		at java.base/jdk.internal.reflect.NativeMethodAccessorImpl.invoke(NativeMethodAccessorImpl.java:77)
		at java.base/jdk.internal.reflect.DelegatingMethodAccessorImpl.invoke(DelegatingMethodAccessorImpl.java:43)
		at java.base/java.lang.reflect.Method.invoke(Method.java:568)
		at org.apache.catalina.startup.Bootstrap.start(Bootstrap.java:345)
		at org.apache.catalina.startup.Bootstrap.main(Bootstrap.java:473)
	Caused by: org.apache.catalina.LifecycleException: Failed to start component [StandardEngine[Catalina].StandardHost[localhost].StandardContext[/citMobi2]]
		at org.apache.catalina.util.LifecycleBase.handleSubClassException(LifecycleBase.java:402)
		at org.apache.catalina.util.LifecycleBase.start(LifecycleBase.java:179)
		at org.apache.catalina.core.ContainerBase.addChildInternal(ContainerBase.java:599)
		... 37 more
	Caused by: org.springframework.beans.factory.BeanCreationException: Error creating bean with name 'entityManagerFactory' defined in class path resource [org/springframework/boot/autoconfigure/orm/jpa/HibernateJpaConfiguration.class]: Failed to initialize dependency 'flywayInitializer' of LoadTimeWeaverAware bean 'entityManagerFactory': Error creating bean with name 'flywayInitializer' defined in class path resource [org/springframework/boot/autoconfigure/flyway/FlywayAutoConfiguration$FlywayConfiguration.class]: Migration V2__INSERT_MOCK.sql failed
------------------------------------
SQL State  : 42P01
Error Code : 0
Message    : ERRO: relação "t_lin_operador" não existe
  Posição: 45
Location   : db/migration/V2__INSERT_MOCK.sql (C:\Users\Erick.ferreira\Documents\workspace-jdk17\CitMobi2\target\classes\db\migration\V2__INSERT_MOCK.sql)
Line       : 45
Statement  : -- Mock data for Linha operador
INSERT INTO T_LIN_OPERADOR (GLB_OPERADOR_CNPJ, LIN_LINHA_ID, LIN_LINHA_ATENDIMENTO, GLB_MUNICIPIO_COD)
VALUES('31974104000120', '3301', '10', 3550308)

		at org.springframework.beans.factory.support.AbstractBeanFactory.doGetBean(AbstractBeanFactory.java:326)
		at org.springframework.beans.factory.support.AbstractBeanFactory.getBean(AbstractBeanFactory.java:205)
		at org.springframework.context.support.AbstractApplicationContext.finishBeanFactoryInitialization(AbstractApplicationContext.java:954)
		at org.springframework.context.support.AbstractApplicationContext.refresh(AbstractApplicationContext.java:625)
		at org.springframework.boot.web.servlet.context.ServletWebServerApplicationContext.refresh(ServletWebServerApplicationContext.java:146)
		at org.springframework.boot.SpringApplication.refresh(SpringApplication.java:754)
		at org.springframework.boot.SpringApplication.refreshContext(SpringApplication.java:456)
		at org.springframework.boot.SpringApplication.run(SpringApplication.java:335)
		at org.springframework.boot.web.servlet.support.SpringBootServletInitializer.run(SpringBootServletInitializer.java:174)
		at org.springframework.boot.web.servlet.support.SpringBootServletInitializer.createRootApplicationContext(SpringBootServletInitializer.java:154)
		at org.springframework.boot.web.servlet.support.SpringBootServletInitializer.onStartup(SpringBootServletInitializer.java:96)
		at org.springframework.web.SpringServletContainerInitializer.onStartup(SpringServletContainerInitializer.java:171)
		at org.apache.catalina.core.StandardContext.startInternal(StandardContext.java:4414)
		at org.apache.catalina.util.LifecycleBase.start(LifecycleBase.java:164)
		... 38 more
	Caused by: org.springframework.beans.factory.BeanCreationException: Error creating bean with name 'flywayInitializer' defined in class path resource [org/springframework/boot/autoconfigure/flyway/FlywayAutoConfiguration$FlywayConfiguration.class]: Migration V2__INSERT_MOCK.sql failed
------------------------------------
SQL State  : 42P01
Error Code : 0
Message    : ERRO: relação "t_lin_operador" não existe
  Posição: 45
Location   : db/migration/V2__INSERT_MOCK.sql (C:\Users\Erick.ferreira\Documents\workspace-jdk17\CitMobi2\target\classes\db\migration\V2__INSERT_MOCK.sql)
Line       : 45
Statement  : -- Mock data for Linha operador
INSERT INTO T_LIN_OPERADOR (GLB_OPERADOR_CNPJ, LIN_LINHA_ID, LIN_LINHA_ATENDIMENTO, GLB_MUNICIPIO_COD)
VALUES('31974104000120', '3301', '10', 3550308)

		at org.springframework.beans.factory.support.AbstractAutowireCapableBeanFactory.initializeBean(AbstractAutowireCapableBeanFactory.java:1806)
		at org.springframework.beans.factory.support.AbstractAutowireCapableBeanFactory.doCreateBean(AbstractAutowireCapableBeanFactory.java:600)
		at org.springframework.beans.factory.support.AbstractAutowireCapableBeanFactory.createBean(AbstractAutowireCapableBeanFactory.java:522)
		at org.springframework.beans.factory.support.AbstractBeanFactory.lambda$doGetBean$0(AbstractBeanFactory.java:337)
		at org.springframework.beans.factory.support.DefaultSingletonBeanRegistry.getSingleton(DefaultSingletonBeanRegistry.java:234)
		at org.springframework.beans.factory.support.AbstractBeanFactory.doGetBean(AbstractBeanFactory.java:335)
		at org.springframework.beans.factory.support.AbstractBeanFactory.getBean(AbstractBeanFactory.java:200)
		at org.springframework.beans.factory.support.AbstractBeanFactory.doGetBean(AbstractBeanFactory.java:313)
		... 51 more
	Caused by: org.flywaydb.core.internal.command.DbMigrate$FlywayMigrateException: Migration V2__INSERT_MOCK.sql failed
------------------------------------
SQL State  : 42P01
Error Code : 0
Message    : ERRO: relação "t_lin_operador" não existe
  Posição: 45
Location   : db/migration/V2__INSERT_MOCK.sql (C:\Users\Erick.ferreira\Documents\workspace-jdk17\CitMobi2\target\classes\db\migration\V2__INSERT_MOCK.sql)
Line       : 45
Statement  : -- Mock data for Linha operador
INSERT INTO T_LIN_OPERADOR (GLB_OPERADOR_CNPJ, LIN_LINHA_ID, LIN_LINHA_ATENDIMENTO, GLB_MUNICIPIO_COD)
VALUES('31974104000120', '3301', '10', 3550308)

		at org.flywaydb.core.internal.command.DbMigrate.doMigrateGroup(DbMigrate.java:382)
		at org.flywaydb.core.internal.command.DbMigrate.lambda$applyMigrations$1(DbMigrate.java:272)
		at org.flywaydb.core.internal.jdbc.TransactionalExecutionTemplate.execute(TransactionalExecutionTemplate.java:55)
		at org.flywaydb.core.internal.command.DbMigrate.applyMigrations(DbMigrate.java:271)
		at org.flywaydb.core.internal.command.DbMigrate.migrateGroup(DbMigrate.java:244)
		at org.flywaydb.core.internal.command.DbMigrate.lambda$migrateAll$0(DbMigrate.java:139)
		at org.flywaydb.database.postgresql.PostgreSQLAdvisoryLockTemplate.execute(PostgreSQLAdvisoryLockTemplate.java:73)
		at org.flywaydb.database.postgresql.PostgreSQLAdvisoryLockTemplate.lambda$execute$0(PostgreSQLAdvisoryLockTemplate.java:56)
		at org.flywaydb.core.internal.jdbc.TransactionalExecutionTemplate.execute(TransactionalExecutionTemplate.java:55)
		at org.flywaydb.database.postgresql.PostgreSQLAdvisoryLockTemplate.execute(PostgreSQLAdvisoryLockTemplate.java:56)
		at org.flywaydb.database.postgresql.PostgreSQLConnection.lock(PostgreSQLConnection.java:96)
		at org.flywaydb.core.internal.schemahistory.JdbcTableSchemaHistory.lock(JdbcTableSchemaHistory.java:145)
		at org.flywaydb.core.internal.command.DbMigrate.migrateAll(DbMigrate.java:139)
		at org.flywaydb.core.internal.command.DbMigrate.migrate(DbMigrate.java:97)
		at org.flywaydb.core.Flyway.lambda$migrate$0(Flyway.java:202)
		at org.flywaydb.core.FlywayExecutor.execute(FlywayExecutor.java:205)
		at org.flywaydb.core.Flyway.migrate(Flyway.java:147)
		at org.springframework.boot.autoconfigure.flyway.FlywayMigrationInitializer.afterPropertiesSet(FlywayMigrationInitializer.java:66)
		at org.springframework.beans.factory.support.AbstractAutowireCapableBeanFactory.invokeInitMethods(AbstractAutowireCapableBeanFactory.java:1853)
		at org.springframework.beans.factory.support.AbstractAutowireCapableBeanFactory.initializeBean(AbstractAutowireCapableBeanFactory.java:1802)
		... 58 more
	Caused by: org.flywaydb.core.internal.sqlscript.FlywaySqlScriptException: Migration V2__INSERT_MOCK.sql failed
------------------------------------
SQL State  : 42P01
Error Code : 0
Message    : ERRO: relação "t_lin_operador" não existe
  Posição: 45
Location   : db/migration/V2__INSERT_MOCK.sql (C:\Users\Erick.ferreira\Documents\workspace-jdk17\CitMobi2\target\classes\db\migration\V2__INSERT_MOCK.sql)
Line       : 45
Statement  : -- Mock data for Linha operador
INSERT INTO T_LIN_OPERADOR (GLB_OPERADOR_CNPJ, LIN_LINHA_ID, LIN_LINHA_ATENDIMENTO, GLB_MUNICIPIO_COD)
VALUES('31974104000120', '3301', '10', 3550308)

		at org.flywaydb.core.internal.sqlscript.DefaultSqlScriptExecutor.handleException(DefaultSqlScriptExecutor.java:252)
		at org.flywaydb.core.internal.sqlscript.DefaultSqlScriptExecutor.executeStatement(DefaultSqlScriptExecutor.java:214)
		at org.flywaydb.core.internal.sqlscript.DefaultSqlScriptExecutor.execute(DefaultSqlScriptExecutor.java:133)
		at org.flywaydb.core.internal.resolver.sql.SqlMigrationExecutor.executeOnce(SqlMigrationExecutor.java:65)
		at org.flywaydb.core.internal.resolver.sql.SqlMigrationExecutor.lambda$execute$0(SqlMigrationExecutor.java:57)
		at org.flywaydb.core.internal.database.DefaultExecutionStrategy.execute(DefaultExecutionStrategy.java:27)
		at org.flywaydb.core.internal.resolver.sql.SqlMigrationExecutor.execute(SqlMigrationExecutor.java:56)
		at org.flywaydb.core.internal.command.DbMigrate.doMigrateGroup(DbMigrate.java:374)
		... 77 more
	Caused by: org.postgresql.util.PSQLException: ERRO: relação "t_lin_operador" não existe
  Posição: 45
		at org.postgresql.core.v3.QueryExecutorImpl.receiveErrorResponse(QueryExecutorImpl.java:2733)
		at org.postgresql.core.v3.QueryExecutorImpl.processResults(QueryExecutorImpl.java:2420)
		at org.postgresql.core.v3.QueryExecutorImpl.execute(QueryExecutorImpl.java:372)
		at org.postgresql.jdbc.PgStatement.executeInternal(PgStatement.java:517)
		at org.postgresql.jdbc.PgStatement.execute(PgStatement.java:434)
		at org.postgresql.jdbc.PgStatement.executeWithFlags(PgStatement.java:356)
		at org.postgresql.jdbc.PgStatement.executeCachedSql(PgStatement.java:341)
		at org.postgresql.jdbc.PgStatement.executeWithFlags(PgStatement.java:317)
		at org.postgresql.jdbc.PgStatement.execute(PgStatement.java:312)
		at com.zaxxer.hikari.pool.ProxyStatement.execute(ProxyStatement.java:94)
		at com.zaxxer.hikari.pool.HikariProxyStatement.execute(HikariProxyStatement.java)
		at org.flywaydb.core.internal.jdbc.JdbcTemplate.executeStatement(JdbcTemplate.java:210)
		at org.flywaydb.core.internal.sqlscript.ParsedSqlStatement.execute(ParsedSqlStatement.java:89)
		at org.flywaydb.core.internal.sqlscript.DefaultSqlScriptExecutor.executeStatement(DefaultSqlScriptExecutor.java:206)
		... 83 more
28-Jan-2025 10:11:33.780 INFO [main] org.apache.catalina.startup.HostConfig.deployDescriptor Deployment of deployment descriptor [C:\Users\Erick.ferreira\Documents\workspace-jdk17\CitMobi2\src\conf\Catalina\localhost\citMobi2.xml] has finished in [16.521] ms
28-Jan-2025 10:11:33.785 INFO [main] org.apache.coyote.AbstractProtocol.start Starting ProtocolHandler ["http-nio-8085"]
28-Jan-2025 10:11:33.817 INFO [main] org.apache.catalina.startup.Catalina.start Server startup in [16640] milliseconds
28-Jan-2025 10:11:57.349 INFO [Thread-3] org.apache.coyote.AbstractProtocol.pause Pausing ProtocolHandler ["http-nio-8085"]
28-Jan-2025 10:11:57.531 INFO [Thread-3] org.apache.catalina.core.StandardService.stopInternal Stopping service [Catalina]
28-Jan-2025 10:11:57.532 INFO [Thread-3] org.apache.coyote.AbstractProtocol.stop Stopping ProtocolHandler ["http-nio-8085"]
28-Jan-2025 10:11:57.537 INFO [Thread-3] org.apache.coyote.AbstractProtocol.destroy Destroying ProtocolHandler ["http-nio-8085"]
28-Jan-2025 10:11:57.542 WARNING [Thread-3] org.apache.catalina.loader.WebappClassLoaderBase.clearReferencesJdbc The web application [citMobi2] registered the JDBC driver [org.postgresql.Driver] but failed to unregister it when the web application was stopped. To prevent a memory leak, the JDBC Driver has been forcibly unregistered.
28-Jan-2025 10:11:59.476 INFO [main] org.apache.catalina.startup.VersionLoggerListener.log Server version name:   Apache Tomcat/10.1.26
28-Jan-2025 10:11:59.481 INFO [main] org.apache.catalina.startup.VersionLoggerListener.log Server built:          Jul 7 2024 21:02:13 UTC
28-Jan-2025 10:11:59.482 INFO [main] org.apache.catalina.startup.VersionLoggerListener.log Server version number: 10.1.26.0
28-Jan-2025 10:11:59.482 INFO [main] org.apache.catalina.startup.VersionLoggerListener.log OS Name:               Windows 11
28-Jan-2025 10:11:59.482 INFO [main] org.apache.catalina.startup.VersionLoggerListener.log OS Version:            10.0
28-Jan-2025 10:11:59.482 INFO [main] org.apache.catalina.startup.VersionLoggerListener.log Architecture:          amd64
28-Jan-2025 10:11:59.482 INFO [main] org.apache.catalina.startup.VersionLoggerListener.log Java Home:             C:\Program Files\Java\jdk-17
28-Jan-2025 10:11:59.482 INFO [main] org.apache.catalina.startup.VersionLoggerListener.log JVM Version:           17.0.11+7-LTS-207
28-Jan-2025 10:11:59.482 INFO [main] org.apache.catalina.startup.VersionLoggerListener.log JVM Vendor:            Oracle Corporation
28-Jan-2025 10:11:59.482 INFO [main] org.apache.catalina.startup.VersionLoggerListener.log CATALINA_BASE:         C:\Users\Erick.ferreira\Documents\workspace-jdk17\CitMobi2\src
28-Jan-2025 10:11:59.482 INFO [main] org.apache.catalina.startup.VersionLoggerListener.log CATALINA_HOME:         C:\Program Files\Apache Software Foundation\Tomcat 10.1
28-Jan-2025 10:11:59.500 INFO [main] org.apache.catalina.startup.VersionLoggerListener.log Command line argument: --add-opens=java.base/java.lang=ALL-UNNAMED
28-Jan-2025 10:11:59.500 INFO [main] org.apache.catalina.startup.VersionLoggerListener.log Command line argument: --add-opens=java.base/java.io=ALL-UNNAMED
28-Jan-2025 10:11:59.500 INFO [main] org.apache.catalina.startup.VersionLoggerListener.log Command line argument: --add-opens=java.base/java.util=ALL-UNNAMED
28-Jan-2025 10:11:59.500 INFO [main] org.apache.catalina.startup.VersionLoggerListener.log Command line argument: --add-opens=java.base/java.util.concurrent=ALL-UNNAMED
28-Jan-2025 10:11:59.500 INFO [main] org.apache.catalina.startup.VersionLoggerListener.log Command line argument: --add-opens=java.rmi/sun.rmi.transport=ALL-UNNAMED
28-Jan-2025 10:11:59.500 INFO [main] org.apache.catalina.startup.VersionLoggerListener.log Command line argument: -Dcatalina.home=C:\Program Files\Apache Software Foundation\Tomcat 10.1
28-Jan-2025 10:11:59.500 INFO [main] org.apache.catalina.startup.VersionLoggerListener.log Command line argument: -Dcatalina.base=C:\Users\Erick.ferreira\Documents\workspace-jdk17\CitMobi2\src
28-Jan-2025 10:11:59.500 INFO [main] org.apache.catalina.startup.VersionLoggerListener.log Command line argument: -Djava.io.tmpdir=C:\Users\Erick.ferreira\Documents\workspace-jdk17\CitMobi2\src\temp
28-Jan-2025 10:11:59.501 INFO [main] org.apache.catalina.startup.VersionLoggerListener.log Command line argument: -Djava.util.logging.config.file=C:\Users\Erick.ferreira\Documents\workspace-jdk17\CitMobi2\src\conf\logging.properties
28-Jan-2025 10:11:59.501 INFO [main] org.apache.catalina.startup.VersionLoggerListener.log Command line argument: -Djava.util.logging.manager=org.apache.juli.ClassLoaderLogManager
28-Jan-2025 10:11:59.501 INFO [main] org.apache.catalina.startup.VersionLoggerListener.log Command line argument: -javaagent:C:\Program Files\JetBrains\IntelliJ IDEA Community Edition 2024.1.4\lib\idea_rt.jar=57320:C:\Program Files\JetBrains\IntelliJ IDEA Community Edition 2024.1.4\bin
28-Jan-2025 10:11:59.501 INFO [main] org.apache.catalina.startup.VersionLoggerListener.log Command line argument: -Dfile.encoding=UTF-8
28-Jan-2025 10:11:59.509 INFO [main] org.apache.catalina.core.AprLifecycleListener.lifecycleEvent The Apache Tomcat Native library which allows using OpenSSL was not found on the java.library.path: [C:\Program Files\Java\jdk-17\bin;C:\Windows\Sun\Java\bin;C:\Windows\system32;C:\Windows;C:\Program Files\Common Files\Oracle\Java\javapath;C:\Python312\Scripts\;C:\Python312\;C:\Program Files (x86)\Common Files\Oracle\Java\javapath;C:\app\TDV.Admin\product\11.2.0\client_1\bin;C:\Windows\system32;C:\Windows;C:\Windows\System32\Wbem;C:\Windows\System32\WindowsPowerShell\v1.0\;C:\Windows\System32\OpenSSH\;C:\Program Files\Git\cmd;C:\Java_Essentials\apache-maven-3.6.3\bin;C:\Program Files\nodejs\;C:\ProgramData\chocolatey\bin;C:\Program Files\dotnet\;C:\Program Files\MySQL\MySQL Shell 8.0\bin\;C:\Users\Erick.ferreira\.console-ninja\.bin;C:\Users\Erick.ferreira\AppData\Local\Microsoft\WindowsApps;C:\Users\Erick.ferreira\AppData\Local\Programs\Microsoft VS Code\bin;C:\Program Files\Java\jdk1.8.0_291\bin;C:\Users\Erick.ferreira\AppData\Roaming\npm;C:\Program Files\JetBrains\IntelliJ IDEA Community Edition 2024.1.4\bin;;C:\Users\Erick.ferreira\.dotnet\tools;.]
28-Jan-2025 10:11:59.805 INFO [main] org.apache.coyote.AbstractProtocol.init Initializing ProtocolHandler ["http-nio-8085"]
28-Jan-2025 10:11:59.828 INFO [main] org.apache.catalina.startup.Catalina.load Server initialization in [567] milliseconds
28-Jan-2025 10:11:59.891 INFO [main] org.apache.catalina.core.StandardService.startInternal Starting service [Catalina]
28-Jan-2025 10:11:59.891 INFO [main] org.apache.catalina.core.StandardEngine.startInternal Starting Servlet engine: [Apache Tomcat/10.1.26]
28-Jan-2025 10:11:59.907 INFO [main] org.apache.catalina.startup.HostConfig.deployDescriptor Deploying deployment descriptor [C:\Users\Erick.ferreira\Documents\workspace-jdk17\CitMobi2\src\conf\Catalina\localhost\citMobi2.xml]
28-Jan-2025 10:12:06.791 INFO [main] org.apache.jasper.servlet.TldScanner.scanJars At least one JAR was scanned for TLDs yet contained no TLDs. Enable debug logging for this logger for a complete list of JARs that were scanned but no TLDs were found in them. Skipping unneeded JARs during scanning can improve startup time and JSP compilation time.
28-Jan-2025 10:12:20.373 SEVERE [main] org.apache.catalina.startup.HostConfig.deployDescriptor Error deploying deployment descriptor [C:\Users\Erick.ferreira\Documents\workspace-jdk17\CitMobi2\src\conf\Catalina\localhost\citMobi2.xml]
	java.lang.IllegalStateException: Error starting child
		at org.apache.catalina.core.ContainerBase.addChildInternal(ContainerBase.java:602)
		at org.apache.catalina.core.ContainerBase.addChild(ContainerBase.java:571)
		at org.apache.catalina.core.StandardHost.addChild(StandardHost.java:654)
		at org.apache.catalina.startup.HostConfig.deployDescriptor(HostConfig.java:635)
		at org.apache.catalina.startup.HostConfig$DeployDescriptor.run(HostConfig.java:1889)
		at java.base/java.util.concurrent.Executors$RunnableAdapter.call(Executors.java:539)
		at java.base/java.util.concurrent.FutureTask.run(FutureTask.java:264)
		at org.apache.tomcat.util.threads.InlineExecutorService.execute(InlineExecutorService.java:75)
		at java.base/java.util.concurrent.AbstractExecutorService.submit(AbstractExecutorService.java:123)
		at org.apache.catalina.startup.HostConfig.deployDescriptors(HostConfig.java:530)
		at org.apache.catalina.startup.HostConfig.deployApps(HostConfig.java:421)
		at org.apache.catalina.startup.HostConfig.start(HostConfig.java:1629)
		at org.apache.catalina.startup.HostConfig.lifecycleEvent(HostConfig.java:303)
		at org.apache.catalina.util.LifecycleBase.fireLifecycleEvent(LifecycleBase.java:109)
		at org.apache.catalina.util.LifecycleBase.setStateInternal(LifecycleBase.java:385)
		at org.apache.catalina.util.LifecycleBase.setState(LifecycleBase.java:332)
		at org.apache.catalina.core.ContainerBase.startInternal(ContainerBase.java:776)
		at org.apache.catalina.core.StandardHost.startInternal(StandardHost.java:772)
		at org.apache.catalina.util.LifecycleBase.start(LifecycleBase.java:164)
		at org.apache.catalina.core.ContainerBase$StartChild.call(ContainerBase.java:1203)
		at org.apache.catalina.core.ContainerBase$StartChild.call(ContainerBase.java:1193)
		at java.base/java.util.concurrent.FutureTask.run(FutureTask.java:264)
		at org.apache.tomcat.util.threads.InlineExecutorService.execute(InlineExecutorService.java:75)
		at java.base/java.util.concurrent.AbstractExecutorService.submit(AbstractExecutorService.java:145)
		at org.apache.catalina.core.ContainerBase.startInternal(ContainerBase.java:749)
		at org.apache.catalina.core.StandardEngine.startInternal(StandardEngine.java:203)
		at org.apache.catalina.util.LifecycleBase.start(LifecycleBase.java:164)
		at org.apache.catalina.core.StandardService.startInternal(StandardService.java:415)
		at org.apache.catalina.util.LifecycleBase.start(LifecycleBase.java:164)
		at org.apache.catalina.core.StandardServer.startInternal(StandardServer.java:874)
		at org.apache.catalina.util.LifecycleBase.start(LifecycleBase.java:164)
		at org.apache.catalina.startup.Catalina.start(Catalina.java:757)
		at java.base/jdk.internal.reflect.NativeMethodAccessorImpl.invoke0(Native Method)
		at java.base/jdk.internal.reflect.NativeMethodAccessorImpl.invoke(NativeMethodAccessorImpl.java:77)
		at java.base/jdk.internal.reflect.DelegatingMethodAccessorImpl.invoke(DelegatingMethodAccessorImpl.java:43)
		at java.base/java.lang.reflect.Method.invoke(Method.java:568)
		at org.apache.catalina.startup.Bootstrap.start(Bootstrap.java:345)
		at org.apache.catalina.startup.Bootstrap.main(Bootstrap.java:473)
	Caused by: org.apache.catalina.LifecycleException: Failed to start component [StandardEngine[Catalina].StandardHost[localhost].StandardContext[/citMobi2]]
		at org.apache.catalina.util.LifecycleBase.handleSubClassException(LifecycleBase.java:402)
		at org.apache.catalina.util.LifecycleBase.start(LifecycleBase.java:179)
		at org.apache.catalina.core.ContainerBase.addChildInternal(ContainerBase.java:599)
		... 37 more
	Caused by: org.springframework.beans.factory.BeanCreationException: Error creating bean with name 'entityManagerFactory' defined in class path resource [org/springframework/boot/autoconfigure/orm/jpa/HibernateJpaConfiguration.class]: An association that targets entity 'neo.com.br.CitMobi.models.linha.Parada' from entity 'neo.com.br.CitMobi.models.linha.Rota' has 1 '@JoinColumn's but the primary key has 2 columns
		at org.springframework.beans.factory.support.AbstractAutowireCapableBeanFactory.initializeBean(AbstractAutowireCapableBeanFactory.java:1806)
		at org.springframework.beans.factory.support.AbstractAutowireCapableBeanFactory.doCreateBean(AbstractAutowireCapableBeanFactory.java:600)
		at org.springframework.beans.factory.support.AbstractAutowireCapableBeanFactory.createBean(AbstractAutowireCapableBeanFactory.java:522)
		at org.springframework.beans.factory.support.AbstractBeanFactory.lambda$doGetBean$0(AbstractBeanFactory.java:337)
		at org.springframework.beans.factory.support.DefaultSingletonBeanRegistry.getSingleton(DefaultSingletonBeanRegistry.java:234)
		at org.springframework.beans.factory.support.AbstractBeanFactory.doGetBean(AbstractBeanFactory.java:335)
		at org.springframework.beans.factory.support.AbstractBeanFactory.getBean(AbstractBeanFactory.java:205)
		at org.springframework.context.support.AbstractApplicationContext.finishBeanFactoryInitialization(AbstractApplicationContext.java:954)
		at org.springframework.context.support.AbstractApplicationContext.refresh(AbstractApplicationContext.java:625)
		at org.springframework.boot.web.servlet.context.ServletWebServerApplicationContext.refresh(ServletWebServerApplicationContext.java:146)
		at org.springframework.boot.SpringApplication.refresh(SpringApplication.java:754)
		at org.springframework.boot.SpringApplication.refreshContext(SpringApplication.java:456)
		at org.springframework.boot.SpringApplication.run(SpringApplication.java:335)
		at org.springframework.boot.web.servlet.support.SpringBootServletInitializer.run(SpringBootServletInitializer.java:174)
		at org.springframework.boot.web.servlet.support.SpringBootServletInitializer.createRootApplicationContext(SpringBootServletInitializer.java:154)
		at org.springframework.boot.web.servlet.support.SpringBootServletInitializer.onStartup(SpringBootServletInitializer.java:96)
		at org.springframework.web.SpringServletContainerInitializer.onStartup(SpringServletContainerInitializer.java:171)
		at org.apache.catalina.core.StandardContext.startInternal(StandardContext.java:4414)
		at org.apache.catalina.util.LifecycleBase.start(LifecycleBase.java:164)
		... 38 more
	Caused by: org.hibernate.AnnotationException: An association that targets entity 'neo.com.br.CitMobi.models.linha.Parada' from entity 'neo.com.br.CitMobi.models.linha.Rota' has 1 '@JoinColumn's but the primary key has 2 columns
		at org.hibernate.boot.model.internal.TableBinder.bindImplicitPrimaryKeyReference(TableBinder.java:605)
		at org.hibernate.boot.model.internal.TableBinder.bindExplicitColumns(TableBinder.java:586)
		at org.hibernate.boot.model.internal.TableBinder.bindForeignKey(TableBinder.java:567)
		at org.hibernate.boot.model.internal.ToOneFkSecondPass.doSecondPass(ToOneFkSecondPass.java:123)
		at org.hibernate.boot.internal.InFlightMetadataCollectorImpl.processFkSecondPassesInOrder(InFlightMetadataCollectorImpl.java:1850)
		at org.hibernate.boot.internal.InFlightMetadataCollectorImpl.processSecondPasses(InFlightMetadataCollectorImpl.java:1764)
		at org.hibernate.boot.model.process.spi.MetadataBuildingProcess.complete(MetadataBuildingProcess.java:334)
		at org.hibernate.jpa.boot.internal.EntityManagerFactoryBuilderImpl.metadata(EntityManagerFactoryBuilderImpl.java:1431)
		at org.hibernate.jpa.boot.internal.EntityManagerFactoryBuilderImpl.build(EntityManagerFactoryBuilderImpl.java:1502)
		at org.springframework.orm.jpa.vendor.SpringHibernateJpaPersistenceProvider.createContainerEntityManagerFactory(SpringHibernateJpaPersistenceProvider.java:75)
		at org.springframework.orm.jpa.LocalContainerEntityManagerFactoryBean.createNativeEntityManagerFactory(LocalContainerEntityManagerFactoryBean.java:390)
		at org.springframework.orm.jpa.AbstractEntityManagerFactoryBean.buildNativeEntityManagerFactory(AbstractEntityManagerFactoryBean.java:409)
		at org.springframework.orm.jpa.AbstractEntityManagerFactoryBean.afterPropertiesSet(AbstractEntityManagerFactoryBean.java:396)
		at org.springframework.orm.jpa.LocalContainerEntityManagerFactoryBean.afterPropertiesSet(LocalContainerEntityManagerFactoryBean.java:366)
		at org.springframework.beans.factory.support.AbstractAutowireCapableBeanFactory.invokeInitMethods(AbstractAutowireCapableBeanFactory.java:1853)
		at org.springframework.beans.factory.support.AbstractAutowireCapableBeanFactory.initializeBean(AbstractAutowireCapableBeanFactory.java:1802)
		... 56 more
28-Jan-2025 10:12:20.381 INFO [main] org.apache.catalina.startup.HostConfig.deployDescriptor Deployment of deployment descriptor [C:\Users\Erick.ferreira\Documents\workspace-jdk17\CitMobi2\src\conf\Catalina\localhost\citMobi2.xml] has finished in [20.475] ms
28-Jan-2025 10:12:20.385 INFO [main] org.apache.coyote.AbstractProtocol.start Starting ProtocolHandler ["http-nio-8085"]
28-Jan-2025 10:12:20.420 INFO [main] org.apache.catalina.startup.Catalina.start Server startup in [20591] milliseconds
28-Jan-2025 10:14:02.487 INFO [Thread-3] org.apache.coyote.AbstractProtocol.pause Pausing ProtocolHandler ["http-nio-8085"]
28-Jan-2025 10:14:02.702 INFO [Thread-3] org.apache.catalina.core.StandardService.stopInternal Stopping service [Catalina]
28-Jan-2025 10:14:02.703 INFO [Thread-3] org.apache.coyote.AbstractProtocol.stop Stopping ProtocolHandler ["http-nio-8085"]
28-Jan-2025 10:14:02.708 INFO [Thread-3] org.apache.coyote.AbstractProtocol.destroy Destroying ProtocolHandler ["http-nio-8085"]
28-Jan-2025 10:14:02.712 WARNING [Thread-3] org.apache.catalina.loader.WebappClassLoaderBase.clearReferencesJdbc The web application [citMobi2] registered the JDBC driver [org.postgresql.Driver] but failed to unregister it when the web application was stopped. To prevent a memory leak, the JDBC Driver has been forcibly unregistered.
28-Jan-2025 10:14:32.768 INFO [main] org.apache.catalina.startup.VersionLoggerListener.log Server version name:   Apache Tomcat/10.1.26
28-Jan-2025 10:14:32.773 INFO [main] org.apache.catalina.startup.VersionLoggerListener.log Server built:          Jul 7 2024 21:02:13 UTC
28-Jan-2025 10:14:32.773 INFO [main] org.apache.catalina.startup.VersionLoggerListener.log Server version number: 10.1.26.0
28-Jan-2025 10:14:32.773 INFO [main] org.apache.catalina.startup.VersionLoggerListener.log OS Name:               Windows 11
28-Jan-2025 10:14:32.773 INFO [main] org.apache.catalina.startup.VersionLoggerListener.log OS Version:            10.0
28-Jan-2025 10:14:32.773 INFO [main] org.apache.catalina.startup.VersionLoggerListener.log Architecture:          amd64
28-Jan-2025 10:14:32.773 INFO [main] org.apache.catalina.startup.VersionLoggerListener.log Java Home:             C:\Program Files\Java\jdk-17
28-Jan-2025 10:14:32.773 INFO [main] org.apache.catalina.startup.VersionLoggerListener.log JVM Version:           17.0.11+7-LTS-207
28-Jan-2025 10:14:32.773 INFO [main] org.apache.catalina.startup.VersionLoggerListener.log JVM Vendor:            Oracle Corporation
28-Jan-2025 10:14:32.773 INFO [main] org.apache.catalina.startup.VersionLoggerListener.log CATALINA_BASE:         C:\Users\Erick.ferreira\Documents\workspace-jdk17\CitMobi2\src
28-Jan-2025 10:14:32.773 INFO [main] org.apache.catalina.startup.VersionLoggerListener.log CATALINA_HOME:         C:\Program Files\Apache Software Foundation\Tomcat 10.1
28-Jan-2025 10:14:32.792 INFO [main] org.apache.catalina.startup.VersionLoggerListener.log Command line argument: --add-opens=java.base/java.lang=ALL-UNNAMED
28-Jan-2025 10:14:32.792 INFO [main] org.apache.catalina.startup.VersionLoggerListener.log Command line argument: --add-opens=java.base/java.io=ALL-UNNAMED
28-Jan-2025 10:14:32.792 INFO [main] org.apache.catalina.startup.VersionLoggerListener.log Command line argument: --add-opens=java.base/java.util=ALL-UNNAMED
28-Jan-2025 10:14:32.792 INFO [main] org.apache.catalina.startup.VersionLoggerListener.log Command line argument: --add-opens=java.base/java.util.concurrent=ALL-UNNAMED
28-Jan-2025 10:14:32.792 INFO [main] org.apache.catalina.startup.VersionLoggerListener.log Command line argument: --add-opens=java.rmi/sun.rmi.transport=ALL-UNNAMED
28-Jan-2025 10:14:32.792 INFO [main] org.apache.catalina.startup.VersionLoggerListener.log Command line argument: -Dcatalina.home=C:\Program Files\Apache Software Foundation\Tomcat 10.1
28-Jan-2025 10:14:32.792 INFO [main] org.apache.catalina.startup.VersionLoggerListener.log Command line argument: -Dcatalina.base=C:\Users\Erick.ferreira\Documents\workspace-jdk17\CitMobi2\src
28-Jan-2025 10:14:32.792 INFO [main] org.apache.catalina.startup.VersionLoggerListener.log Command line argument: -Djava.io.tmpdir=C:\Users\Erick.ferreira\Documents\workspace-jdk17\CitMobi2\src\temp
28-Jan-2025 10:14:32.792 INFO [main] org.apache.catalina.startup.VersionLoggerListener.log Command line argument: -Djava.util.logging.config.file=C:\Users\Erick.ferreira\Documents\workspace-jdk17\CitMobi2\src\conf\logging.properties
28-Jan-2025 10:14:32.792 INFO [main] org.apache.catalina.startup.VersionLoggerListener.log Command line argument: -Djava.util.logging.manager=org.apache.juli.ClassLoaderLogManager
28-Jan-2025 10:14:32.793 INFO [main] org.apache.catalina.startup.VersionLoggerListener.log Command line argument: -javaagent:C:\Program Files\JetBrains\IntelliJ IDEA Community Edition 2024.1.4\lib\idea_rt.jar=62995:C:\Program Files\JetBrains\IntelliJ IDEA Community Edition 2024.1.4\bin
28-Jan-2025 10:14:32.793 INFO [main] org.apache.catalina.startup.VersionLoggerListener.log Command line argument: -Dfile.encoding=UTF-8
28-Jan-2025 10:14:32.803 INFO [main] org.apache.catalina.core.AprLifecycleListener.lifecycleEvent The Apache Tomcat Native library which allows using OpenSSL was not found on the java.library.path: [C:\Program Files\Java\jdk-17\bin;C:\Windows\Sun\Java\bin;C:\Windows\system32;C:\Windows;C:\Program Files\Common Files\Oracle\Java\javapath;C:\Python312\Scripts\;C:\Python312\;C:\Program Files (x86)\Common Files\Oracle\Java\javapath;C:\app\TDV.Admin\product\11.2.0\client_1\bin;C:\Windows\system32;C:\Windows;C:\Windows\System32\Wbem;C:\Windows\System32\WindowsPowerShell\v1.0\;C:\Windows\System32\OpenSSH\;C:\Program Files\Git\cmd;C:\Java_Essentials\apache-maven-3.6.3\bin;C:\Program Files\nodejs\;C:\ProgramData\chocolatey\bin;C:\Program Files\dotnet\;C:\Program Files\MySQL\MySQL Shell 8.0\bin\;C:\Users\Erick.ferreira\.console-ninja\.bin;C:\Users\Erick.ferreira\AppData\Local\Microsoft\WindowsApps;C:\Users\Erick.ferreira\AppData\Local\Programs\Microsoft VS Code\bin;C:\Program Files\Java\jdk1.8.0_291\bin;C:\Users\Erick.ferreira\AppData\Roaming\npm;C:\Program Files\JetBrains\IntelliJ IDEA Community Edition 2024.1.4\bin;;C:\Users\Erick.ferreira\.dotnet\tools;.]
28-Jan-2025 10:14:33.092 INFO [main] org.apache.coyote.AbstractProtocol.init Initializing ProtocolHandler ["http-nio-8085"]
28-Jan-2025 10:14:33.118 INFO [main] org.apache.catalina.startup.Catalina.load Server initialization in [582] milliseconds
28-Jan-2025 10:14:33.190 INFO [main] org.apache.catalina.core.StandardService.startInternal Starting service [Catalina]
28-Jan-2025 10:14:33.190 INFO [main] org.apache.catalina.core.StandardEngine.startInternal Starting Servlet engine: [Apache Tomcat/10.1.26]
28-Jan-2025 10:14:33.208 INFO [main] org.apache.catalina.startup.HostConfig.deployDescriptor Deploying deployment descriptor [C:\Users\Erick.ferreira\Documents\workspace-jdk17\CitMobi2\src\conf\Catalina\localhost\citMobi2.xml]
28-Jan-2025 10:14:39.872 INFO [main] org.apache.jasper.servlet.TldScanner.scanJars At least one JAR was scanned for TLDs yet contained no TLDs. Enable debug logging for this logger for a complete list of JARs that were scanned but no TLDs were found in them. Skipping unneeded JARs during scanning can improve startup time and JSP compilation time.
28-Jan-2025 10:14:53.795 SEVERE [main] org.apache.catalina.startup.HostConfig.deployDescriptor Error deploying deployment descriptor [C:\Users\Erick.ferreira\Documents\workspace-jdk17\CitMobi2\src\conf\Catalina\localhost\citMobi2.xml]
	java.lang.IllegalStateException: Error starting child
		at org.apache.catalina.core.ContainerBase.addChildInternal(ContainerBase.java:602)
		at org.apache.catalina.core.ContainerBase.addChild(ContainerBase.java:571)
		at org.apache.catalina.core.StandardHost.addChild(StandardHost.java:654)
		at org.apache.catalina.startup.HostConfig.deployDescriptor(HostConfig.java:635)
		at org.apache.catalina.startup.HostConfig$DeployDescriptor.run(HostConfig.java:1889)
		at java.base/java.util.concurrent.Executors$RunnableAdapter.call(Executors.java:539)
		at java.base/java.util.concurrent.FutureTask.run(FutureTask.java:264)
		at org.apache.tomcat.util.threads.InlineExecutorService.execute(InlineExecutorService.java:75)
		at java.base/java.util.concurrent.AbstractExecutorService.submit(AbstractExecutorService.java:123)
		at org.apache.catalina.startup.HostConfig.deployDescriptors(HostConfig.java:530)
		at org.apache.catalina.startup.HostConfig.deployApps(HostConfig.java:421)
		at org.apache.catalina.startup.HostConfig.start(HostConfig.java:1629)
		at org.apache.catalina.startup.HostConfig.lifecycleEvent(HostConfig.java:303)
		at org.apache.catalina.util.LifecycleBase.fireLifecycleEvent(LifecycleBase.java:109)
		at org.apache.catalina.util.LifecycleBase.setStateInternal(LifecycleBase.java:385)
		at org.apache.catalina.util.LifecycleBase.setState(LifecycleBase.java:332)
		at org.apache.catalina.core.ContainerBase.startInternal(ContainerBase.java:776)
		at org.apache.catalina.core.StandardHost.startInternal(StandardHost.java:772)
		at org.apache.catalina.util.LifecycleBase.start(LifecycleBase.java:164)
		at org.apache.catalina.core.ContainerBase$StartChild.call(ContainerBase.java:1203)
		at org.apache.catalina.core.ContainerBase$StartChild.call(ContainerBase.java:1193)
		at java.base/java.util.concurrent.FutureTask.run(FutureTask.java:264)
		at org.apache.tomcat.util.threads.InlineExecutorService.execute(InlineExecutorService.java:75)
		at java.base/java.util.concurrent.AbstractExecutorService.submit(AbstractExecutorService.java:145)
		at org.apache.catalina.core.ContainerBase.startInternal(ContainerBase.java:749)
		at org.apache.catalina.core.StandardEngine.startInternal(StandardEngine.java:203)
		at org.apache.catalina.util.LifecycleBase.start(LifecycleBase.java:164)
		at org.apache.catalina.core.StandardService.startInternal(StandardService.java:415)
		at org.apache.catalina.util.LifecycleBase.start(LifecycleBase.java:164)
		at org.apache.catalina.core.StandardServer.startInternal(StandardServer.java:874)
		at org.apache.catalina.util.LifecycleBase.start(LifecycleBase.java:164)
		at org.apache.catalina.startup.Catalina.start(Catalina.java:757)
		at java.base/jdk.internal.reflect.NativeMethodAccessorImpl.invoke0(Native Method)
		at java.base/jdk.internal.reflect.NativeMethodAccessorImpl.invoke(NativeMethodAccessorImpl.java:77)
		at java.base/jdk.internal.reflect.DelegatingMethodAccessorImpl.invoke(DelegatingMethodAccessorImpl.java:43)
		at java.base/java.lang.reflect.Method.invoke(Method.java:568)
		at org.apache.catalina.startup.Bootstrap.start(Bootstrap.java:345)
		at org.apache.catalina.startup.Bootstrap.main(Bootstrap.java:473)
	Caused by: org.apache.catalina.LifecycleException: Failed to start component [StandardEngine[Catalina].StandardHost[localhost].StandardContext[/citMobi2]]
		at org.apache.catalina.util.LifecycleBase.handleSubClassException(LifecycleBase.java:402)
		at org.apache.catalina.util.LifecycleBase.start(LifecycleBase.java:179)
		at org.apache.catalina.core.ContainerBase.addChildInternal(ContainerBase.java:599)
		... 37 more
	Caused by: org.springframework.beans.factory.BeanCreationException: Error creating bean with name 'entityManagerFactory' defined in class path resource [org/springframework/boot/autoconfigure/orm/jpa/HibernateJpaConfiguration.class]: Association 'neo.com.br.CitMobi.models.linha.Itinerario.rota' targets the type 'java.util.List' which is not an '@Entity' type
		at org.springframework.beans.factory.support.AbstractAutowireCapableBeanFactory.initializeBean(AbstractAutowireCapableBeanFactory.java:1806)
		at org.springframework.beans.factory.support.AbstractAutowireCapableBeanFactory.doCreateBean(AbstractAutowireCapableBeanFactory.java:600)
		at org.springframework.beans.factory.support.AbstractAutowireCapableBeanFactory.createBean(AbstractAutowireCapableBeanFactory.java:522)
		at org.springframework.beans.factory.support.AbstractBeanFactory.lambda$doGetBean$0(AbstractBeanFactory.java:337)
		at org.springframework.beans.factory.support.DefaultSingletonBeanRegistry.getSingleton(DefaultSingletonBeanRegistry.java:234)
		at org.springframework.beans.factory.support.AbstractBeanFactory.doGetBean(AbstractBeanFactory.java:335)
		at org.springframework.beans.factory.support.AbstractBeanFactory.getBean(AbstractBeanFactory.java:205)
		at org.springframework.context.support.AbstractApplicationContext.finishBeanFactoryInitialization(AbstractApplicationContext.java:954)
		at org.springframework.context.support.AbstractApplicationContext.refresh(AbstractApplicationContext.java:625)
		at org.springframework.boot.web.servlet.context.ServletWebServerApplicationContext.refresh(ServletWebServerApplicationContext.java:146)
		at org.springframework.boot.SpringApplication.refresh(SpringApplication.java:754)
		at org.springframework.boot.SpringApplication.refreshContext(SpringApplication.java:456)
		at org.springframework.boot.SpringApplication.run(SpringApplication.java:335)
		at org.springframework.boot.web.servlet.support.SpringBootServletInitializer.run(SpringBootServletInitializer.java:174)
		at org.springframework.boot.web.servlet.support.SpringBootServletInitializer.createRootApplicationContext(SpringBootServletInitializer.java:154)
		at org.springframework.boot.web.servlet.support.SpringBootServletInitializer.onStartup(SpringBootServletInitializer.java:96)
		at org.springframework.web.SpringServletContainerInitializer.onStartup(SpringServletContainerInitializer.java:171)
		at org.apache.catalina.core.StandardContext.startInternal(StandardContext.java:4414)
		at org.apache.catalina.util.LifecycleBase.start(LifecycleBase.java:164)
		... 38 more
	Caused by: org.hibernate.AnnotationException: Association 'neo.com.br.CitMobi.models.linha.Itinerario.rota' targets the type 'java.util.List' which is not an '@Entity' type
		at org.hibernate.boot.model.internal.ToOneFkSecondPass.doSecondPass(ToOneFkSecondPass.java:110)
		at org.hibernate.boot.internal.InFlightMetadataCollectorImpl.processEndOfQueue(InFlightMetadataCollectorImpl.java:1906)
		at org.hibernate.boot.internal.InFlightMetadataCollectorImpl.processFkSecondPassesInOrder(InFlightMetadataCollectorImpl.java:1855)
		at org.hibernate.boot.internal.InFlightMetadataCollectorImpl.processSecondPasses(InFlightMetadataCollectorImpl.java:1764)
		at org.hibernate.boot.model.process.spi.MetadataBuildingProcess.complete(MetadataBuildingProcess.java:334)
		at org.hibernate.jpa.boot.internal.EntityManagerFactoryBuilderImpl.metadata(EntityManagerFactoryBuilderImpl.java:1431)
		at org.hibernate.jpa.boot.internal.EntityManagerFactoryBuilderImpl.build(EntityManagerFactoryBuilderImpl.java:1502)
		at org.springframework.orm.jpa.vendor.SpringHibernateJpaPersistenceProvider.createContainerEntityManagerFactory(SpringHibernateJpaPersistenceProvider.java:75)
		at org.springframework.orm.jpa.LocalContainerEntityManagerFactoryBean.createNativeEntityManagerFactory(LocalContainerEntityManagerFactoryBean.java:390)
		at org.springframework.orm.jpa.AbstractEntityManagerFactoryBean.buildNativeEntityManagerFactory(AbstractEntityManagerFactoryBean.java:409)
		at org.springframework.orm.jpa.AbstractEntityManagerFactoryBean.afterPropertiesSet(AbstractEntityManagerFactoryBean.java:396)
		at org.springframework.orm.jpa.LocalContainerEntityManagerFactoryBean.afterPropertiesSet(LocalContainerEntityManagerFactoryBean.java:366)
		at org.springframework.beans.factory.support.AbstractAutowireCapableBeanFactory.invokeInitMethods(AbstractAutowireCapableBeanFactory.java:1853)
		at org.springframework.beans.factory.support.AbstractAutowireCapableBeanFactory.initializeBean(AbstractAutowireCapableBeanFactory.java:1802)
		... 56 more
28-Jan-2025 10:14:53.803 INFO [main] org.apache.catalina.startup.HostConfig.deployDescriptor Deployment of deployment descriptor [C:\Users\Erick.ferreira\Documents\workspace-jdk17\CitMobi2\src\conf\Catalina\localhost\citMobi2.xml] has finished in [20.594] ms
28-Jan-2025 10:14:53.807 INFO [main] org.apache.coyote.AbstractProtocol.start Starting ProtocolHandler ["http-nio-8085"]
28-Jan-2025 10:14:53.842 INFO [main] org.apache.catalina.startup.Catalina.start Server startup in [20723] milliseconds
28-Jan-2025 10:18:01.842 INFO [Thread-3] org.apache.coyote.AbstractProtocol.pause Pausing ProtocolHandler ["http-nio-8085"]
28-Jan-2025 10:18:02.013 INFO [Thread-3] org.apache.catalina.core.StandardService.stopInternal Stopping service [Catalina]
28-Jan-2025 10:18:02.014 INFO [Thread-3] org.apache.coyote.AbstractProtocol.stop Stopping ProtocolHandler ["http-nio-8085"]
28-Jan-2025 10:18:02.019 INFO [Thread-3] org.apache.coyote.AbstractProtocol.destroy Destroying ProtocolHandler ["http-nio-8085"]
28-Jan-2025 10:18:02.021 WARNING [Thread-3] org.apache.catalina.loader.WebappClassLoaderBase.clearReferencesJdbc The web application [citMobi2] registered the JDBC driver [org.postgresql.Driver] but failed to unregister it when the web application was stopped. To prevent a memory leak, the JDBC Driver has been forcibly unregistered.
28-Jan-2025 10:21:06.253 INFO [main] org.apache.catalina.startup.VersionLoggerListener.log Server version name:   Apache Tomcat/10.1.26
28-Jan-2025 10:21:06.258 INFO [main] org.apache.catalina.startup.VersionLoggerListener.log Server built:          Jul 7 2024 21:02:13 UTC
28-Jan-2025 10:21:06.259 INFO [main] org.apache.catalina.startup.VersionLoggerListener.log Server version number: 10.1.26.0
28-Jan-2025 10:21:06.259 INFO [main] org.apache.catalina.startup.VersionLoggerListener.log OS Name:               Windows 11
28-Jan-2025 10:21:06.259 INFO [main] org.apache.catalina.startup.VersionLoggerListener.log OS Version:            10.0
28-Jan-2025 10:21:06.259 INFO [main] org.apache.catalina.startup.VersionLoggerListener.log Architecture:          amd64
28-Jan-2025 10:21:06.259 INFO [main] org.apache.catalina.startup.VersionLoggerListener.log Java Home:             C:\Program Files\Java\jdk-17
28-Jan-2025 10:21:06.259 INFO [main] org.apache.catalina.startup.VersionLoggerListener.log JVM Version:           17.0.11+7-LTS-207
28-Jan-2025 10:21:06.259 INFO [main] org.apache.catalina.startup.VersionLoggerListener.log JVM Vendor:            Oracle Corporation
28-Jan-2025 10:21:06.260 INFO [main] org.apache.catalina.startup.VersionLoggerListener.log CATALINA_BASE:         C:\Users\Erick.ferreira\Documents\workspace-jdk17\CitMobi2\src
28-Jan-2025 10:21:06.260 INFO [main] org.apache.catalina.startup.VersionLoggerListener.log CATALINA_HOME:         C:\Program Files\Apache Software Foundation\Tomcat 10.1
28-Jan-2025 10:21:06.275 INFO [main] org.apache.catalina.startup.VersionLoggerListener.log Command line argument: --add-opens=java.base/java.lang=ALL-UNNAMED
28-Jan-2025 10:21:06.275 INFO [main] org.apache.catalina.startup.VersionLoggerListener.log Command line argument: --add-opens=java.base/java.io=ALL-UNNAMED
28-Jan-2025 10:21:06.275 INFO [main] org.apache.catalina.startup.VersionLoggerListener.log Command line argument: --add-opens=java.base/java.util=ALL-UNNAMED
28-Jan-2025 10:21:06.275 INFO [main] org.apache.catalina.startup.VersionLoggerListener.log Command line argument: --add-opens=java.base/java.util.concurrent=ALL-UNNAMED
28-Jan-2025 10:21:06.275 INFO [main] org.apache.catalina.startup.VersionLoggerListener.log Command line argument: --add-opens=java.rmi/sun.rmi.transport=ALL-UNNAMED
28-Jan-2025 10:21:06.276 INFO [main] org.apache.catalina.startup.VersionLoggerListener.log Command line argument: -Dcatalina.home=C:\Program Files\Apache Software Foundation\Tomcat 10.1
28-Jan-2025 10:21:06.276 INFO [main] org.apache.catalina.startup.VersionLoggerListener.log Command line argument: -Dcatalina.base=C:\Users\Erick.ferreira\Documents\workspace-jdk17\CitMobi2\src
28-Jan-2025 10:21:06.276 INFO [main] org.apache.catalina.startup.VersionLoggerListener.log Command line argument: -Djava.io.tmpdir=C:\Users\Erick.ferreira\Documents\workspace-jdk17\CitMobi2\src\temp
28-Jan-2025 10:21:06.276 INFO [main] org.apache.catalina.startup.VersionLoggerListener.log Command line argument: -Djava.util.logging.config.file=C:\Users\Erick.ferreira\Documents\workspace-jdk17\CitMobi2\src\conf\logging.properties
28-Jan-2025 10:21:06.276 INFO [main] org.apache.catalina.startup.VersionLoggerListener.log Command line argument: -Djava.util.logging.manager=org.apache.juli.ClassLoaderLogManager
28-Jan-2025 10:21:06.276 INFO [main] org.apache.catalina.startup.VersionLoggerListener.log Command line argument: -javaagent:C:\Program Files\JetBrains\IntelliJ IDEA Community Edition 2024.1.4\lib\idea_rt.jar=63059:C:\Program Files\JetBrains\IntelliJ IDEA Community Edition 2024.1.4\bin
28-Jan-2025 10:21:06.276 INFO [main] org.apache.catalina.startup.VersionLoggerListener.log Command line argument: -Dfile.encoding=UTF-8
28-Jan-2025 10:21:06.284 INFO [main] org.apache.catalina.core.AprLifecycleListener.lifecycleEvent The Apache Tomcat Native library which allows using OpenSSL was not found on the java.library.path: [C:\Program Files\Java\jdk-17\bin;C:\Windows\Sun\Java\bin;C:\Windows\system32;C:\Windows;C:\Program Files\Common Files\Oracle\Java\javapath;C:\Python312\Scripts\;C:\Python312\;C:\Program Files (x86)\Common Files\Oracle\Java\javapath;C:\app\TDV.Admin\product\11.2.0\client_1\bin;C:\Windows\system32;C:\Windows;C:\Windows\System32\Wbem;C:\Windows\System32\WindowsPowerShell\v1.0\;C:\Windows\System32\OpenSSH\;C:\Program Files\Git\cmd;C:\Java_Essentials\apache-maven-3.6.3\bin;C:\Program Files\nodejs\;C:\ProgramData\chocolatey\bin;C:\Program Files\dotnet\;C:\Program Files\MySQL\MySQL Shell 8.0\bin\;C:\Users\Erick.ferreira\.console-ninja\.bin;C:\Users\Erick.ferreira\AppData\Local\Microsoft\WindowsApps;C:\Users\Erick.ferreira\AppData\Local\Programs\Microsoft VS Code\bin;C:\Program Files\Java\jdk1.8.0_291\bin;C:\Users\Erick.ferreira\AppData\Roaming\npm;C:\Program Files\JetBrains\IntelliJ IDEA Community Edition 2024.1.4\bin;;C:\Users\Erick.ferreira\.dotnet\tools;.]
28-Jan-2025 10:21:06.559 INFO [main] org.apache.coyote.AbstractProtocol.init Initializing ProtocolHandler ["http-nio-8085"]
28-Jan-2025 10:21:06.589 INFO [main] org.apache.catalina.startup.Catalina.load Server initialization in [578] milliseconds
28-Jan-2025 10:21:06.661 INFO [main] org.apache.catalina.core.StandardService.startInternal Starting service [Catalina]
28-Jan-2025 10:21:06.661 INFO [main] org.apache.catalina.core.StandardEngine.startInternal Starting Servlet engine: [Apache Tomcat/10.1.26]
28-Jan-2025 10:21:06.678 INFO [main] org.apache.catalina.startup.HostConfig.deployDescriptor Deploying deployment descriptor [C:\Users\Erick.ferreira\Documents\workspace-jdk17\CitMobi2\src\conf\Catalina\localhost\citMobi2.xml]
28-Jan-2025 10:21:13.272 INFO [main] org.apache.jasper.servlet.TldScanner.scanJars At least one JAR was scanned for TLDs yet contained no TLDs. Enable debug logging for this logger for a complete list of JARs that were scanned but no TLDs were found in them. Skipping unneeded JARs during scanning can improve startup time and JSP compilation time.
28-Jan-2025 10:21:27.667 SEVERE [main] org.apache.catalina.startup.HostConfig.deployDescriptor Error deploying deployment descriptor [C:\Users\Erick.ferreira\Documents\workspace-jdk17\CitMobi2\src\conf\Catalina\localhost\citMobi2.xml]
	java.lang.IllegalStateException: Error starting child
		at org.apache.catalina.core.ContainerBase.addChildInternal(ContainerBase.java:602)
		at org.apache.catalina.core.ContainerBase.addChild(ContainerBase.java:571)
		at org.apache.catalina.core.StandardHost.addChild(StandardHost.java:654)
		at org.apache.catalina.startup.HostConfig.deployDescriptor(HostConfig.java:635)
		at org.apache.catalina.startup.HostConfig$DeployDescriptor.run(HostConfig.java:1889)
		at java.base/java.util.concurrent.Executors$RunnableAdapter.call(Executors.java:539)
		at java.base/java.util.concurrent.FutureTask.run(FutureTask.java:264)
		at org.apache.tomcat.util.threads.InlineExecutorService.execute(InlineExecutorService.java:75)
		at java.base/java.util.concurrent.AbstractExecutorService.submit(AbstractExecutorService.java:123)
		at org.apache.catalina.startup.HostConfig.deployDescriptors(HostConfig.java:530)
		at org.apache.catalina.startup.HostConfig.deployApps(HostConfig.java:421)
		at org.apache.catalina.startup.HostConfig.start(HostConfig.java:1629)
		at org.apache.catalina.startup.HostConfig.lifecycleEvent(HostConfig.java:303)
		at org.apache.catalina.util.LifecycleBase.fireLifecycleEvent(LifecycleBase.java:109)
		at org.apache.catalina.util.LifecycleBase.setStateInternal(LifecycleBase.java:385)
		at org.apache.catalina.util.LifecycleBase.setState(LifecycleBase.java:332)
		at org.apache.catalina.core.ContainerBase.startInternal(ContainerBase.java:776)
		at org.apache.catalina.core.StandardHost.startInternal(StandardHost.java:772)
		at org.apache.catalina.util.LifecycleBase.start(LifecycleBase.java:164)
		at org.apache.catalina.core.ContainerBase$StartChild.call(ContainerBase.java:1203)
		at org.apache.catalina.core.ContainerBase$StartChild.call(ContainerBase.java:1193)
		at java.base/java.util.concurrent.FutureTask.run(FutureTask.java:264)
		at org.apache.tomcat.util.threads.InlineExecutorService.execute(InlineExecutorService.java:75)
		at java.base/java.util.concurrent.AbstractExecutorService.submit(AbstractExecutorService.java:145)
		at org.apache.catalina.core.ContainerBase.startInternal(ContainerBase.java:749)
		at org.apache.catalina.core.StandardEngine.startInternal(StandardEngine.java:203)
		at org.apache.catalina.util.LifecycleBase.start(LifecycleBase.java:164)
		at org.apache.catalina.core.StandardService.startInternal(StandardService.java:415)
		at org.apache.catalina.util.LifecycleBase.start(LifecycleBase.java:164)
		at org.apache.catalina.core.StandardServer.startInternal(StandardServer.java:874)
		at org.apache.catalina.util.LifecycleBase.start(LifecycleBase.java:164)
		at org.apache.catalina.startup.Catalina.start(Catalina.java:757)
		at java.base/jdk.internal.reflect.NativeMethodAccessorImpl.invoke0(Native Method)
		at java.base/jdk.internal.reflect.NativeMethodAccessorImpl.invoke(NativeMethodAccessorImpl.java:77)
		at java.base/jdk.internal.reflect.DelegatingMethodAccessorImpl.invoke(DelegatingMethodAccessorImpl.java:43)
		at java.base/java.lang.reflect.Method.invoke(Method.java:568)
		at org.apache.catalina.startup.Bootstrap.start(Bootstrap.java:345)
		at org.apache.catalina.startup.Bootstrap.main(Bootstrap.java:473)
	Caused by: org.apache.catalina.LifecycleException: Failed to start component [StandardEngine[Catalina].StandardHost[localhost].StandardContext[/citMobi2]]
		at org.apache.catalina.util.LifecycleBase.handleSubClassException(LifecycleBase.java:402)
		at org.apache.catalina.util.LifecycleBase.start(LifecycleBase.java:179)
		at org.apache.catalina.core.ContainerBase.addChildInternal(ContainerBase.java:599)
		... 37 more
	Caused by: org.springframework.beans.factory.BeanCreationException: Error creating bean with name 'entityManagerFactory' defined in class path resource [org/springframework/boot/autoconfigure/orm/jpa/HibernateJpaConfiguration.class]: Association 'neo.com.br.CitMobi.models.linha.Itinerario.rota' is 'mappedBy' another entity and may not specify the '@JoinColumn'
		at org.springframework.beans.factory.support.AbstractAutowireCapableBeanFactory.initializeBean(AbstractAutowireCapableBeanFactory.java:1806)
		at org.springframework.beans.factory.support.AbstractAutowireCapableBeanFactory.doCreateBean(AbstractAutowireCapableBeanFactory.java:600)
		at org.springframework.beans.factory.support.AbstractAutowireCapableBeanFactory.createBean(AbstractAutowireCapableBeanFactory.java:522)
		at org.springframework.beans.factory.support.AbstractBeanFactory.lambda$doGetBean$0(AbstractBeanFactory.java:337)
		at org.springframework.beans.factory.support.DefaultSingletonBeanRegistry.getSingleton(DefaultSingletonBeanRegistry.java:234)
		at org.springframework.beans.factory.support.AbstractBeanFactory.doGetBean(AbstractBeanFactory.java:335)
		at org.springframework.beans.factory.support.AbstractBeanFactory.getBean(AbstractBeanFactory.java:205)
		at org.springframework.context.support.AbstractApplicationContext.finishBeanFactoryInitialization(AbstractApplicationContext.java:954)
		at org.springframework.context.support.AbstractApplicationContext.refresh(AbstractApplicationContext.java:625)
		at org.springframework.boot.web.servlet.context.ServletWebServerApplicationContext.refresh(ServletWebServerApplicationContext.java:146)
		at org.springframework.boot.SpringApplication.refresh(SpringApplication.java:754)
		at org.springframework.boot.SpringApplication.refreshContext(SpringApplication.java:456)
		at org.springframework.boot.SpringApplication.run(SpringApplication.java:335)
		at org.springframework.boot.web.servlet.support.SpringBootServletInitializer.run(SpringBootServletInitializer.java:174)
		at org.springframework.boot.web.servlet.support.SpringBootServletInitializer.createRootApplicationContext(SpringBootServletInitializer.java:154)
		at org.springframework.boot.web.servlet.support.SpringBootServletInitializer.onStartup(SpringBootServletInitializer.java:96)
		at org.springframework.web.SpringServletContainerInitializer.onStartup(SpringServletContainerInitializer.java:171)
		at org.apache.catalina.core.StandardContext.startInternal(StandardContext.java:4414)
		at org.apache.catalina.util.LifecycleBase.start(LifecycleBase.java:164)
		... 38 more
	Caused by: org.hibernate.AnnotationException: Association 'neo.com.br.CitMobi.models.linha.Itinerario.rota' is 'mappedBy' another entity and may not specify the '@JoinColumn'
		at org.hibernate.boot.model.internal.CollectionBinder.detectMappedByProblem(CollectionBinder.java:1278)
		at org.hibernate.boot.model.internal.CollectionBinder.bind(CollectionBinder.java:1192)
		at org.hibernate.boot.model.internal.CollectionBinder.bindCollection(CollectionBinder.java:370)
		at org.hibernate.boot.model.internal.PropertyBinder.bindProperty(PropertyBinder.java:887)
		at org.hibernate.boot.model.internal.PropertyBinder.buildProperty(PropertyBinder.java:801)
		at org.hibernate.boot.model.internal.PropertyBinder.processElementAnnotations(PropertyBinder.java:722)
		at org.hibernate.boot.model.internal.EntityBinder.processIdPropertiesIfNotAlready(EntityBinder.java:1088)
		at org.hibernate.boot.model.internal.EntityBinder.handleIdentifier(EntityBinder.java:416)
		at org.hibernate.boot.model.internal.EntityBinder.bindEntityClass(EntityBinder.java:248)
		at org.hibernate.boot.model.internal.AnnotationBinder.bindClass(AnnotationBinder.java:399)
		at org.hibernate.boot.model.source.internal.annotations.AnnotationMetadataSourceProcessorImpl.processEntityHierarchies(AnnotationMetadataSourceProcessorImpl.java:259)
		at org.hibernate.boot.model.process.spi.MetadataBuildingProcess$1.processEntityHierarchies(MetadataBuildingProcess.java:281)
		at org.hibernate.boot.model.process.spi.MetadataBuildingProcess.complete(MetadataBuildingProcess.java:324)
		at org.hibernate.jpa.boot.internal.EntityManagerFactoryBuilderImpl.metadata(EntityManagerFactoryBuilderImpl.java:1431)
		at org.hibernate.jpa.boot.internal.EntityManagerFactoryBuilderImpl.build(EntityManagerFactoryBuilderImpl.java:1502)
		at org.springframework.orm.jpa.vendor.SpringHibernateJpaPersistenceProvider.createContainerEntityManagerFactory(SpringHibernateJpaPersistenceProvider.java:75)
		at org.springframework.orm.jpa.LocalContainerEntityManagerFactoryBean.createNativeEntityManagerFactory(LocalContainerEntityManagerFactoryBean.java:390)
		at org.springframework.orm.jpa.AbstractEntityManagerFactoryBean.buildNativeEntityManagerFactory(AbstractEntityManagerFactoryBean.java:409)
		at org.springframework.orm.jpa.AbstractEntityManagerFactoryBean.afterPropertiesSet(AbstractEntityManagerFactoryBean.java:396)
		at org.springframework.orm.jpa.LocalContainerEntityManagerFactoryBean.afterPropertiesSet(LocalContainerEntityManagerFactoryBean.java:366)
		at org.springframework.beans.factory.support.AbstractAutowireCapableBeanFactory.invokeInitMethods(AbstractAutowireCapableBeanFactory.java:1853)
		at org.springframework.beans.factory.support.AbstractAutowireCapableBeanFactory.initializeBean(AbstractAutowireCapableBeanFactory.java:1802)
		... 56 more
28-Jan-2025 10:21:27.673 INFO [main] org.apache.catalina.startup.HostConfig.deployDescriptor Deployment of deployment descriptor [C:\Users\Erick.ferreira\Documents\workspace-jdk17\CitMobi2\src\conf\Catalina\localhost\citMobi2.xml] has finished in [20.994] ms
28-Jan-2025 10:21:27.677 INFO [main] org.apache.coyote.AbstractProtocol.start Starting ProtocolHandler ["http-nio-8085"]
28-Jan-2025 10:21:27.714 INFO [main] org.apache.catalina.startup.Catalina.start Server startup in [21124] milliseconds
28-Jan-2025 10:23:44.534 INFO [Thread-3] org.apache.coyote.AbstractProtocol.pause Pausing ProtocolHandler ["http-nio-8085"]
28-Jan-2025 10:23:44.712 INFO [Thread-3] org.apache.catalina.core.StandardService.stopInternal Stopping service [Catalina]
28-Jan-2025 10:23:44.713 INFO [Thread-3] org.apache.coyote.AbstractProtocol.stop Stopping ProtocolHandler ["http-nio-8085"]
28-Jan-2025 10:23:44.717 INFO [Thread-3] org.apache.coyote.AbstractProtocol.destroy Destroying ProtocolHandler ["http-nio-8085"]
28-Jan-2025 10:23:44.720 WARNING [Thread-3] org.apache.catalina.loader.WebappClassLoaderBase.clearReferencesJdbc The web application [citMobi2] registered the JDBC driver [org.postgresql.Driver] but failed to unregister it when the web application was stopped. To prevent a memory leak, the JDBC Driver has been forcibly unregistered.
28-Jan-2025 10:23:48.872 INFO [main] org.apache.catalina.startup.VersionLoggerListener.log Server version name:   Apache Tomcat/10.1.26
28-Jan-2025 10:23:48.877 INFO [main] org.apache.catalina.startup.VersionLoggerListener.log Server built:          Jul 7 2024 21:02:13 UTC
28-Jan-2025 10:23:48.877 INFO [main] org.apache.catalina.startup.VersionLoggerListener.log Server version number: 10.1.26.0
28-Jan-2025 10:23:48.877 INFO [main] org.apache.catalina.startup.VersionLoggerListener.log OS Name:               Windows 11
28-Jan-2025 10:23:48.877 INFO [main] org.apache.catalina.startup.VersionLoggerListener.log OS Version:            10.0
28-Jan-2025 10:23:48.877 INFO [main] org.apache.catalina.startup.VersionLoggerListener.log Architecture:          amd64
28-Jan-2025 10:23:48.878 INFO [main] org.apache.catalina.startup.VersionLoggerListener.log Java Home:             C:\Program Files\Java\jdk-17
28-Jan-2025 10:23:48.878 INFO [main] org.apache.catalina.startup.VersionLoggerListener.log JVM Version:           17.0.11+7-LTS-207
28-Jan-2025 10:23:48.878 INFO [main] org.apache.catalina.startup.VersionLoggerListener.log JVM Vendor:            Oracle Corporation
28-Jan-2025 10:23:48.878 INFO [main] org.apache.catalina.startup.VersionLoggerListener.log CATALINA_BASE:         C:\Users\Erick.ferreira\Documents\workspace-jdk17\CitMobi2\src
28-Jan-2025 10:23:48.878 INFO [main] org.apache.catalina.startup.VersionLoggerListener.log CATALINA_HOME:         C:\Program Files\Apache Software Foundation\Tomcat 10.1
28-Jan-2025 10:23:48.895 INFO [main] org.apache.catalina.startup.VersionLoggerListener.log Command line argument: --add-opens=java.base/java.lang=ALL-UNNAMED
28-Jan-2025 10:23:48.895 INFO [main] org.apache.catalina.startup.VersionLoggerListener.log Command line argument: --add-opens=java.base/java.io=ALL-UNNAMED
28-Jan-2025 10:23:48.895 INFO [main] org.apache.catalina.startup.VersionLoggerListener.log Command line argument: --add-opens=java.base/java.util=ALL-UNNAMED
28-Jan-2025 10:23:48.895 INFO [main] org.apache.catalina.startup.VersionLoggerListener.log Command line argument: --add-opens=java.base/java.util.concurrent=ALL-UNNAMED
28-Jan-2025 10:23:48.895 INFO [main] org.apache.catalina.startup.VersionLoggerListener.log Command line argument: --add-opens=java.rmi/sun.rmi.transport=ALL-UNNAMED
28-Jan-2025 10:23:48.895 INFO [main] org.apache.catalina.startup.VersionLoggerListener.log Command line argument: -Dcatalina.home=C:\Program Files\Apache Software Foundation\Tomcat 10.1
28-Jan-2025 10:23:48.896 INFO [main] org.apache.catalina.startup.VersionLoggerListener.log Command line argument: -Dcatalina.base=C:\Users\Erick.ferreira\Documents\workspace-jdk17\CitMobi2\src
28-Jan-2025 10:23:48.896 INFO [main] org.apache.catalina.startup.VersionLoggerListener.log Command line argument: -Djava.io.tmpdir=C:\Users\Erick.ferreira\Documents\workspace-jdk17\CitMobi2\src\temp
28-Jan-2025 10:23:48.896 INFO [main] org.apache.catalina.startup.VersionLoggerListener.log Command line argument: -Djava.util.logging.config.file=C:\Users\Erick.ferreira\Documents\workspace-jdk17\CitMobi2\src\conf\logging.properties
28-Jan-2025 10:23:48.896 INFO [main] org.apache.catalina.startup.VersionLoggerListener.log Command line argument: -Djava.util.logging.manager=org.apache.juli.ClassLoaderLogManager
28-Jan-2025 10:23:48.896 INFO [main] org.apache.catalina.startup.VersionLoggerListener.log Command line argument: -javaagent:C:\Program Files\JetBrains\IntelliJ IDEA Community Edition 2024.1.4\lib\idea_rt.jar=63083:C:\Program Files\JetBrains\IntelliJ IDEA Community Edition 2024.1.4\bin
28-Jan-2025 10:23:48.896 INFO [main] org.apache.catalina.startup.VersionLoggerListener.log Command line argument: -Dfile.encoding=UTF-8
28-Jan-2025 10:23:48.907 INFO [main] org.apache.catalina.core.AprLifecycleListener.lifecycleEvent The Apache Tomcat Native library which allows using OpenSSL was not found on the java.library.path: [C:\Program Files\Java\jdk-17\bin;C:\Windows\Sun\Java\bin;C:\Windows\system32;C:\Windows;C:\Program Files\Common Files\Oracle\Java\javapath;C:\Python312\Scripts\;C:\Python312\;C:\Program Files (x86)\Common Files\Oracle\Java\javapath;C:\app\TDV.Admin\product\11.2.0\client_1\bin;C:\Windows\system32;C:\Windows;C:\Windows\System32\Wbem;C:\Windows\System32\WindowsPowerShell\v1.0\;C:\Windows\System32\OpenSSH\;C:\Program Files\Git\cmd;C:\Java_Essentials\apache-maven-3.6.3\bin;C:\Program Files\nodejs\;C:\ProgramData\chocolatey\bin;C:\Program Files\dotnet\;C:\Program Files\MySQL\MySQL Shell 8.0\bin\;C:\Users\Erick.ferreira\.console-ninja\.bin;C:\Users\Erick.ferreira\AppData\Local\Microsoft\WindowsApps;C:\Users\Erick.ferreira\AppData\Local\Programs\Microsoft VS Code\bin;C:\Program Files\Java\jdk1.8.0_291\bin;C:\Users\Erick.ferreira\AppData\Roaming\npm;C:\Program Files\JetBrains\IntelliJ IDEA Community Edition 2024.1.4\bin;;C:\Users\Erick.ferreira\.dotnet\tools;.]
28-Jan-2025 10:23:49.183 INFO [main] org.apache.coyote.AbstractProtocol.init Initializing ProtocolHandler ["http-nio-8085"]
28-Jan-2025 10:23:49.212 INFO [main] org.apache.catalina.startup.Catalina.load Server initialization in [536] milliseconds
28-Jan-2025 10:23:49.271 INFO [main] org.apache.catalina.core.StandardService.startInternal Starting service [Catalina]
28-Jan-2025 10:23:49.272 INFO [main] org.apache.catalina.core.StandardEngine.startInternal Starting Servlet engine: [Apache Tomcat/10.1.26]
28-Jan-2025 10:23:49.287 INFO [main] org.apache.catalina.startup.HostConfig.deployDescriptor Deploying deployment descriptor [C:\Users\Erick.ferreira\Documents\workspace-jdk17\CitMobi2\src\conf\Catalina\localhost\citMobi2.xml]
28-Jan-2025 10:23:56.300 INFO [main] org.apache.jasper.servlet.TldScanner.scanJars At least one JAR was scanned for TLDs yet contained no TLDs. Enable debug logging for this logger for a complete list of JARs that were scanned but no TLDs were found in them. Skipping unneeded JARs during scanning can improve startup time and JSP compilation time.
28-Jan-2025 10:24:10.634 SEVERE [main] org.apache.catalina.startup.HostConfig.deployDescriptor Error deploying deployment descriptor [C:\Users\Erick.ferreira\Documents\workspace-jdk17\CitMobi2\src\conf\Catalina\localhost\citMobi2.xml]
	java.lang.IllegalStateException: Error starting child
		at org.apache.catalina.core.ContainerBase.addChildInternal(ContainerBase.java:602)
		at org.apache.catalina.core.ContainerBase.addChild(ContainerBase.java:571)
		at org.apache.catalina.core.StandardHost.addChild(StandardHost.java:654)
		at org.apache.catalina.startup.HostConfig.deployDescriptor(HostConfig.java:635)
		at org.apache.catalina.startup.HostConfig$DeployDescriptor.run(HostConfig.java:1889)
		at java.base/java.util.concurrent.Executors$RunnableAdapter.call(Executors.java:539)
		at java.base/java.util.concurrent.FutureTask.run(FutureTask.java:264)
		at org.apache.tomcat.util.threads.InlineExecutorService.execute(InlineExecutorService.java:75)
		at java.base/java.util.concurrent.AbstractExecutorService.submit(AbstractExecutorService.java:123)
		at org.apache.catalina.startup.HostConfig.deployDescriptors(HostConfig.java:530)
		at org.apache.catalina.startup.HostConfig.deployApps(HostConfig.java:421)
		at org.apache.catalina.startup.HostConfig.start(HostConfig.java:1629)
		at org.apache.catalina.startup.HostConfig.lifecycleEvent(HostConfig.java:303)
		at org.apache.catalina.util.LifecycleBase.fireLifecycleEvent(LifecycleBase.java:109)
		at org.apache.catalina.util.LifecycleBase.setStateInternal(LifecycleBase.java:385)
		at org.apache.catalina.util.LifecycleBase.setState(LifecycleBase.java:332)
		at org.apache.catalina.core.ContainerBase.startInternal(ContainerBase.java:776)
		at org.apache.catalina.core.StandardHost.startInternal(StandardHost.java:772)
		at org.apache.catalina.util.LifecycleBase.start(LifecycleBase.java:164)
		at org.apache.catalina.core.ContainerBase$StartChild.call(ContainerBase.java:1203)
		at org.apache.catalina.core.ContainerBase$StartChild.call(ContainerBase.java:1193)
		at java.base/java.util.concurrent.FutureTask.run(FutureTask.java:264)
		at org.apache.tomcat.util.threads.InlineExecutorService.execute(InlineExecutorService.java:75)
		at java.base/java.util.concurrent.AbstractExecutorService.submit(AbstractExecutorService.java:145)
		at org.apache.catalina.core.ContainerBase.startInternal(ContainerBase.java:749)
		at org.apache.catalina.core.StandardEngine.startInternal(StandardEngine.java:203)
		at org.apache.catalina.util.LifecycleBase.start(LifecycleBase.java:164)
		at org.apache.catalina.core.StandardService.startInternal(StandardService.java:415)
		at org.apache.catalina.util.LifecycleBase.start(LifecycleBase.java:164)
		at org.apache.catalina.core.StandardServer.startInternal(StandardServer.java:874)
		at org.apache.catalina.util.LifecycleBase.start(LifecycleBase.java:164)
		at org.apache.catalina.startup.Catalina.start(Catalina.java:757)
		at java.base/jdk.internal.reflect.NativeMethodAccessorImpl.invoke0(Native Method)
		at java.base/jdk.internal.reflect.NativeMethodAccessorImpl.invoke(NativeMethodAccessorImpl.java:77)
		at java.base/jdk.internal.reflect.DelegatingMethodAccessorImpl.invoke(DelegatingMethodAccessorImpl.java:43)
		at java.base/java.lang.reflect.Method.invoke(Method.java:568)
		at org.apache.catalina.startup.Bootstrap.start(Bootstrap.java:345)
		at org.apache.catalina.startup.Bootstrap.main(Bootstrap.java:473)
	Caused by: org.apache.catalina.LifecycleException: Failed to start component [StandardEngine[Catalina].StandardHost[localhost].StandardContext[/citMobi2]]
		at org.apache.catalina.util.LifecycleBase.handleSubClassException(LifecycleBase.java:402)
		at org.apache.catalina.util.LifecycleBase.start(LifecycleBase.java:179)
		at org.apache.catalina.core.ContainerBase.addChildInternal(ContainerBase.java:599)
		... 37 more
	Caused by: org.springframework.beans.factory.BeanCreationException: Error creating bean with name 'entityManagerFactory' defined in class path resource [org/springframework/boot/autoconfigure/orm/jpa/HibernateJpaConfiguration.class]: Association 'neo.com.br.CitMobi.models.linha.Itinerario.rota' is 'mappedBy' another entity and may not specify the '@JoinColumn'
		at org.springframework.beans.factory.support.AbstractAutowireCapableBeanFactory.initializeBean(AbstractAutowireCapableBeanFactory.java:1806)
		at org.springframework.beans.factory.support.AbstractAutowireCapableBeanFactory.doCreateBean(AbstractAutowireCapableBeanFactory.java:600)
		at org.springframework.beans.factory.support.AbstractAutowireCapableBeanFactory.createBean(AbstractAutowireCapableBeanFactory.java:522)
		at org.springframework.beans.factory.support.AbstractBeanFactory.lambda$doGetBean$0(AbstractBeanFactory.java:337)
		at org.springframework.beans.factory.support.DefaultSingletonBeanRegistry.getSingleton(DefaultSingletonBeanRegistry.java:234)
		at org.springframework.beans.factory.support.AbstractBeanFactory.doGetBean(AbstractBeanFactory.java:335)
		at org.springframework.beans.factory.support.AbstractBeanFactory.getBean(AbstractBeanFactory.java:205)
		at org.springframework.context.support.AbstractApplicationContext.finishBeanFactoryInitialization(AbstractApplicationContext.java:954)
		at org.springframework.context.support.AbstractApplicationContext.refresh(AbstractApplicationContext.java:625)
		at org.springframework.boot.web.servlet.context.ServletWebServerApplicationContext.refresh(ServletWebServerApplicationContext.java:146)
		at org.springframework.boot.SpringApplication.refresh(SpringApplication.java:754)
		at org.springframework.boot.SpringApplication.refreshContext(SpringApplication.java:456)
		at org.springframework.boot.SpringApplication.run(SpringApplication.java:335)
		at org.springframework.boot.web.servlet.support.SpringBootServletInitializer.run(SpringBootServletInitializer.java:174)
		at org.springframework.boot.web.servlet.support.SpringBootServletInitializer.createRootApplicationContext(SpringBootServletInitializer.java:154)
		at org.springframework.boot.web.servlet.support.SpringBootServletInitializer.onStartup(SpringBootServletInitializer.java:96)
		at org.springframework.web.SpringServletContainerInitializer.onStartup(SpringServletContainerInitializer.java:171)
		at org.apache.catalina.core.StandardContext.startInternal(StandardContext.java:4414)
		at org.apache.catalina.util.LifecycleBase.start(LifecycleBase.java:164)
		... 38 more
	Caused by: org.hibernate.AnnotationException: Association 'neo.com.br.CitMobi.models.linha.Itinerario.rota' is 'mappedBy' another entity and may not specify the '@JoinColumn'
		at org.hibernate.boot.model.internal.CollectionBinder.detectMappedByProblem(CollectionBinder.java:1278)
		at org.hibernate.boot.model.internal.CollectionBinder.bind(CollectionBinder.java:1192)
		at org.hibernate.boot.model.internal.CollectionBinder.bindCollection(CollectionBinder.java:370)
		at org.hibernate.boot.model.internal.PropertyBinder.bindProperty(PropertyBinder.java:887)
		at org.hibernate.boot.model.internal.PropertyBinder.buildProperty(PropertyBinder.java:801)
		at org.hibernate.boot.model.internal.PropertyBinder.processElementAnnotations(PropertyBinder.java:722)
		at org.hibernate.boot.model.internal.EntityBinder.processIdPropertiesIfNotAlready(EntityBinder.java:1088)
		at org.hibernate.boot.model.internal.EntityBinder.handleIdentifier(EntityBinder.java:416)
		at org.hibernate.boot.model.internal.EntityBinder.bindEntityClass(EntityBinder.java:248)
		at org.hibernate.boot.model.internal.AnnotationBinder.bindClass(AnnotationBinder.java:399)
		at org.hibernate.boot.model.source.internal.annotations.AnnotationMetadataSourceProcessorImpl.processEntityHierarchies(AnnotationMetadataSourceProcessorImpl.java:259)
		at org.hibernate.boot.model.process.spi.MetadataBuildingProcess$1.processEntityHierarchies(MetadataBuildingProcess.java:281)
		at org.hibernate.boot.model.process.spi.MetadataBuildingProcess.complete(MetadataBuildingProcess.java:324)
		at org.hibernate.jpa.boot.internal.EntityManagerFactoryBuilderImpl.metadata(EntityManagerFactoryBuilderImpl.java:1431)
		at org.hibernate.jpa.boot.internal.EntityManagerFactoryBuilderImpl.build(EntityManagerFactoryBuilderImpl.java:1502)
		at org.springframework.orm.jpa.vendor.SpringHibernateJpaPersistenceProvider.createContainerEntityManagerFactory(SpringHibernateJpaPersistenceProvider.java:75)
		at org.springframework.orm.jpa.LocalContainerEntityManagerFactoryBean.createNativeEntityManagerFactory(LocalContainerEntityManagerFactoryBean.java:390)
		at org.springframework.orm.jpa.AbstractEntityManagerFactoryBean.buildNativeEntityManagerFactory(AbstractEntityManagerFactoryBean.java:409)
		at org.springframework.orm.jpa.AbstractEntityManagerFactoryBean.afterPropertiesSet(AbstractEntityManagerFactoryBean.java:396)
		at org.springframework.orm.jpa.LocalContainerEntityManagerFactoryBean.afterPropertiesSet(LocalContainerEntityManagerFactoryBean.java:366)
		at org.springframework.beans.factory.support.AbstractAutowireCapableBeanFactory.invokeInitMethods(AbstractAutowireCapableBeanFactory.java:1853)
		at org.springframework.beans.factory.support.AbstractAutowireCapableBeanFactory.initializeBean(AbstractAutowireCapableBeanFactory.java:1802)
		... 56 more
28-Jan-2025 10:24:10.639 INFO [main] org.apache.catalina.startup.HostConfig.deployDescriptor Deployment of deployment descriptor [C:\Users\Erick.ferreira\Documents\workspace-jdk17\CitMobi2\src\conf\Catalina\localhost\citMobi2.xml] has finished in [21.352] ms
28-Jan-2025 10:24:10.644 INFO [main] org.apache.coyote.AbstractProtocol.start Starting ProtocolHandler ["http-nio-8085"]
28-Jan-2025 10:24:10.681 INFO [main] org.apache.catalina.startup.Catalina.start Server startup in [21468] milliseconds
28-Jan-2025 10:25:33.800 INFO [Thread-3] org.apache.coyote.AbstractProtocol.pause Pausing ProtocolHandler ["http-nio-8085"]
28-Jan-2025 10:25:33.980 INFO [Thread-3] org.apache.catalina.core.StandardService.stopInternal Stopping service [Catalina]
28-Jan-2025 10:25:33.981 INFO [Thread-3] org.apache.coyote.AbstractProtocol.stop Stopping ProtocolHandler ["http-nio-8085"]
28-Jan-2025 10:25:33.985 INFO [Thread-3] org.apache.coyote.AbstractProtocol.destroy Destroying ProtocolHandler ["http-nio-8085"]
28-Jan-2025 10:25:33.988 WARNING [Thread-3] org.apache.catalina.loader.WebappClassLoaderBase.clearReferencesJdbc The web application [citMobi2] registered the JDBC driver [org.postgresql.Driver] but failed to unregister it when the web application was stopped. To prevent a memory leak, the JDBC Driver has been forcibly unregistered.
28-Jan-2025 10:25:37.913 INFO [main] org.apache.catalina.startup.VersionLoggerListener.log Server version name:   Apache Tomcat/10.1.26
28-Jan-2025 10:25:37.918 INFO [main] org.apache.catalina.startup.VersionLoggerListener.log Server built:          Jul 7 2024 21:02:13 UTC
28-Jan-2025 10:25:37.918 INFO [main] org.apache.catalina.startup.VersionLoggerListener.log Server version number: 10.1.26.0
28-Jan-2025 10:25:37.918 INFO [main] org.apache.catalina.startup.VersionLoggerListener.log OS Name:               Windows 11
28-Jan-2025 10:25:37.918 INFO [main] org.apache.catalina.startup.VersionLoggerListener.log OS Version:            10.0
28-Jan-2025 10:25:37.918 INFO [main] org.apache.catalina.startup.VersionLoggerListener.log Architecture:          amd64
28-Jan-2025 10:25:37.918 INFO [main] org.apache.catalina.startup.VersionLoggerListener.log Java Home:             C:\Program Files\Java\jdk-17
28-Jan-2025 10:25:37.918 INFO [main] org.apache.catalina.startup.VersionLoggerListener.log JVM Version:           17.0.11+7-LTS-207
28-Jan-2025 10:25:37.918 INFO [main] org.apache.catalina.startup.VersionLoggerListener.log JVM Vendor:            Oracle Corporation
28-Jan-2025 10:25:37.919 INFO [main] org.apache.catalina.startup.VersionLoggerListener.log CATALINA_BASE:         C:\Users\Erick.ferreira\Documents\workspace-jdk17\CitMobi2\src
28-Jan-2025 10:25:37.919 INFO [main] org.apache.catalina.startup.VersionLoggerListener.log CATALINA_HOME:         C:\Program Files\Apache Software Foundation\Tomcat 10.1
28-Jan-2025 10:25:37.933 INFO [main] org.apache.catalina.startup.VersionLoggerListener.log Command line argument: --add-opens=java.base/java.lang=ALL-UNNAMED
28-Jan-2025 10:25:37.934 INFO [main] org.apache.catalina.startup.VersionLoggerListener.log Command line argument: --add-opens=java.base/java.io=ALL-UNNAMED
28-Jan-2025 10:25:37.934 INFO [main] org.apache.catalina.startup.VersionLoggerListener.log Command line argument: --add-opens=java.base/java.util=ALL-UNNAMED
28-Jan-2025 10:25:37.934 INFO [main] org.apache.catalina.startup.VersionLoggerListener.log Command line argument: --add-opens=java.base/java.util.concurrent=ALL-UNNAMED
28-Jan-2025 10:25:37.934 INFO [main] org.apache.catalina.startup.VersionLoggerListener.log Command line argument: --add-opens=java.rmi/sun.rmi.transport=ALL-UNNAMED
28-Jan-2025 10:25:37.934 INFO [main] org.apache.catalina.startup.VersionLoggerListener.log Command line argument: -Dcatalina.home=C:\Program Files\Apache Software Foundation\Tomcat 10.1
28-Jan-2025 10:25:37.934 INFO [main] org.apache.catalina.startup.VersionLoggerListener.log Command line argument: -Dcatalina.base=C:\Users\Erick.ferreira\Documents\workspace-jdk17\CitMobi2\src
28-Jan-2025 10:25:37.934 INFO [main] org.apache.catalina.startup.VersionLoggerListener.log Command line argument: -Djava.io.tmpdir=C:\Users\Erick.ferreira\Documents\workspace-jdk17\CitMobi2\src\temp
28-Jan-2025 10:25:37.934 INFO [main] org.apache.catalina.startup.VersionLoggerListener.log Command line argument: -Djava.util.logging.config.file=C:\Users\Erick.ferreira\Documents\workspace-jdk17\CitMobi2\src\conf\logging.properties
28-Jan-2025 10:25:37.934 INFO [main] org.apache.catalina.startup.VersionLoggerListener.log Command line argument: -Djava.util.logging.manager=org.apache.juli.ClassLoaderLogManager
28-Jan-2025 10:25:37.934 INFO [main] org.apache.catalina.startup.VersionLoggerListener.log Command line argument: -javaagent:C:\Program Files\JetBrains\IntelliJ IDEA Community Edition 2024.1.4\lib\idea_rt.jar=63108:C:\Program Files\JetBrains\IntelliJ IDEA Community Edition 2024.1.4\bin
28-Jan-2025 10:25:37.934 INFO [main] org.apache.catalina.startup.VersionLoggerListener.log Command line argument: -Dfile.encoding=UTF-8
28-Jan-2025 10:25:37.943 INFO [main] org.apache.catalina.core.AprLifecycleListener.lifecycleEvent The Apache Tomcat Native library which allows using OpenSSL was not found on the java.library.path: [C:\Program Files\Java\jdk-17\bin;C:\Windows\Sun\Java\bin;C:\Windows\system32;C:\Windows;C:\Program Files\Common Files\Oracle\Java\javapath;C:\Python312\Scripts\;C:\Python312\;C:\Program Files (x86)\Common Files\Oracle\Java\javapath;C:\app\TDV.Admin\product\11.2.0\client_1\bin;C:\Windows\system32;C:\Windows;C:\Windows\System32\Wbem;C:\Windows\System32\WindowsPowerShell\v1.0\;C:\Windows\System32\OpenSSH\;C:\Program Files\Git\cmd;C:\Java_Essentials\apache-maven-3.6.3\bin;C:\Program Files\nodejs\;C:\ProgramData\chocolatey\bin;C:\Program Files\dotnet\;C:\Program Files\MySQL\MySQL Shell 8.0\bin\;C:\Users\Erick.ferreira\.console-ninja\.bin;C:\Users\Erick.ferreira\AppData\Local\Microsoft\WindowsApps;C:\Users\Erick.ferreira\AppData\Local\Programs\Microsoft VS Code\bin;C:\Program Files\Java\jdk1.8.0_291\bin;C:\Users\Erick.ferreira\AppData\Roaming\npm;C:\Program Files\JetBrains\IntelliJ IDEA Community Edition 2024.1.4\bin;;C:\Users\Erick.ferreira\.dotnet\tools;.]
28-Jan-2025 10:25:38.229 INFO [main] org.apache.coyote.AbstractProtocol.init Initializing ProtocolHandler ["http-nio-8085"]
28-Jan-2025 10:25:38.251 INFO [main] org.apache.catalina.startup.Catalina.load Server initialization in [550] milliseconds
28-Jan-2025 10:25:38.310 INFO [main] org.apache.catalina.core.StandardService.startInternal Starting service [Catalina]
28-Jan-2025 10:25:38.310 INFO [main] org.apache.catalina.core.StandardEngine.startInternal Starting Servlet engine: [Apache Tomcat/10.1.26]
28-Jan-2025 10:25:38.334 INFO [main] org.apache.catalina.startup.HostConfig.deployDescriptor Deploying deployment descriptor [C:\Users\Erick.ferreira\Documents\workspace-jdk17\CitMobi2\src\conf\Catalina\localhost\citMobi2.xml]
28-Jan-2025 10:25:45.620 INFO [main] org.apache.jasper.servlet.TldScanner.scanJars At least one JAR was scanned for TLDs yet contained no TLDs. Enable debug logging for this logger for a complete list of JARs that were scanned but no TLDs were found in them. Skipping unneeded JARs during scanning can improve startup time and JSP compilation time.
28-Jan-2025 10:26:00.114 SEVERE [main] org.apache.catalina.startup.HostConfig.deployDescriptor Error deploying deployment descriptor [C:\Users\Erick.ferreira\Documents\workspace-jdk17\CitMobi2\src\conf\Catalina\localhost\citMobi2.xml]
	java.lang.IllegalStateException: Error starting child
		at org.apache.catalina.core.ContainerBase.addChildInternal(ContainerBase.java:602)
		at org.apache.catalina.core.ContainerBase.addChild(ContainerBase.java:571)
		at org.apache.catalina.core.StandardHost.addChild(StandardHost.java:654)
		at org.apache.catalina.startup.HostConfig.deployDescriptor(HostConfig.java:635)
		at org.apache.catalina.startup.HostConfig$DeployDescriptor.run(HostConfig.java:1889)
		at java.base/java.util.concurrent.Executors$RunnableAdapter.call(Executors.java:539)
		at java.base/java.util.concurrent.FutureTask.run(FutureTask.java:264)
		at org.apache.tomcat.util.threads.InlineExecutorService.execute(InlineExecutorService.java:75)
		at java.base/java.util.concurrent.AbstractExecutorService.submit(AbstractExecutorService.java:123)
		at org.apache.catalina.startup.HostConfig.deployDescriptors(HostConfig.java:530)
		at org.apache.catalina.startup.HostConfig.deployApps(HostConfig.java:421)
		at org.apache.catalina.startup.HostConfig.start(HostConfig.java:1629)
		at org.apache.catalina.startup.HostConfig.lifecycleEvent(HostConfig.java:303)
		at org.apache.catalina.util.LifecycleBase.fireLifecycleEvent(LifecycleBase.java:109)
		at org.apache.catalina.util.LifecycleBase.setStateInternal(LifecycleBase.java:385)
		at org.apache.catalina.util.LifecycleBase.setState(LifecycleBase.java:332)
		at org.apache.catalina.core.ContainerBase.startInternal(ContainerBase.java:776)
		at org.apache.catalina.core.StandardHost.startInternal(StandardHost.java:772)
		at org.apache.catalina.util.LifecycleBase.start(LifecycleBase.java:164)
		at org.apache.catalina.core.ContainerBase$StartChild.call(ContainerBase.java:1203)
		at org.apache.catalina.core.ContainerBase$StartChild.call(ContainerBase.java:1193)
		at java.base/java.util.concurrent.FutureTask.run(FutureTask.java:264)
		at org.apache.tomcat.util.threads.InlineExecutorService.execute(InlineExecutorService.java:75)
		at java.base/java.util.concurrent.AbstractExecutorService.submit(AbstractExecutorService.java:145)
		at org.apache.catalina.core.ContainerBase.startInternal(ContainerBase.java:749)
		at org.apache.catalina.core.StandardEngine.startInternal(StandardEngine.java:203)
		at org.apache.catalina.util.LifecycleBase.start(LifecycleBase.java:164)
		at org.apache.catalina.core.StandardService.startInternal(StandardService.java:415)
		at org.apache.catalina.util.LifecycleBase.start(LifecycleBase.java:164)
		at org.apache.catalina.core.StandardServer.startInternal(StandardServer.java:874)
		at org.apache.catalina.util.LifecycleBase.start(LifecycleBase.java:164)
		at org.apache.catalina.startup.Catalina.start(Catalina.java:757)
		at java.base/jdk.internal.reflect.NativeMethodAccessorImpl.invoke0(Native Method)
		at java.base/jdk.internal.reflect.NativeMethodAccessorImpl.invoke(NativeMethodAccessorImpl.java:77)
		at java.base/jdk.internal.reflect.DelegatingMethodAccessorImpl.invoke(DelegatingMethodAccessorImpl.java:43)
		at java.base/java.lang.reflect.Method.invoke(Method.java:568)
		at org.apache.catalina.startup.Bootstrap.start(Bootstrap.java:345)
		at org.apache.catalina.startup.Bootstrap.main(Bootstrap.java:473)
	Caused by: org.apache.catalina.LifecycleException: Failed to start component [StandardEngine[Catalina].StandardHost[localhost].StandardContext[/citMobi2]]
		at org.apache.catalina.util.LifecycleBase.handleSubClassException(LifecycleBase.java:402)
		at org.apache.catalina.util.LifecycleBase.start(LifecycleBase.java:179)
		at org.apache.catalina.core.ContainerBase.addChildInternal(ContainerBase.java:599)
		... 37 more
	Caused by: org.springframework.beans.factory.BeanCreationException: Error creating bean with name 'entityManagerFactory' defined in class path resource [org/springframework/boot/autoconfigure/orm/jpa/HibernateJpaConfiguration.class]: Collection 'neo.com.br.CitMobi.models.linha.Itinerario.rota' is 'mappedBy' a property named 'itinerario' which does not exist in the target entity 'neo.com.br.CitMobi.models.linha.Rota'
		at org.springframework.beans.factory.support.AbstractAutowireCapableBeanFactory.initializeBean(AbstractAutowireCapableBeanFactory.java:1806)
		at org.springframework.beans.factory.support.AbstractAutowireCapableBeanFactory.doCreateBean(AbstractAutowireCapableBeanFactory.java:600)
		at org.springframework.beans.factory.support.AbstractAutowireCapableBeanFactory.createBean(AbstractAutowireCapableBeanFactory.java:522)
		at org.springframework.beans.factory.support.AbstractBeanFactory.lambda$doGetBean$0(AbstractBeanFactory.java:337)
		at org.springframework.beans.factory.support.DefaultSingletonBeanRegistry.getSingleton(DefaultSingletonBeanRegistry.java:234)
		at org.springframework.beans.factory.support.AbstractBeanFactory.doGetBean(AbstractBeanFactory.java:335)
		at org.springframework.beans.factory.support.AbstractBeanFactory.getBean(AbstractBeanFactory.java:205)
		at org.springframework.context.support.AbstractApplicationContext.finishBeanFactoryInitialization(AbstractApplicationContext.java:954)
		at org.springframework.context.support.AbstractApplicationContext.refresh(AbstractApplicationContext.java:625)
		at org.springframework.boot.web.servlet.context.ServletWebServerApplicationContext.refresh(ServletWebServerApplicationContext.java:146)
		at org.springframework.boot.SpringApplication.refresh(SpringApplication.java:754)
		at org.springframework.boot.SpringApplication.refreshContext(SpringApplication.java:456)
		at org.springframework.boot.SpringApplication.run(SpringApplication.java:335)
		at org.springframework.boot.web.servlet.support.SpringBootServletInitializer.run(SpringBootServletInitializer.java:174)
		at org.springframework.boot.web.servlet.support.SpringBootServletInitializer.createRootApplicationContext(SpringBootServletInitializer.java:154)
		at org.springframework.boot.web.servlet.support.SpringBootServletInitializer.onStartup(SpringBootServletInitializer.java:96)
		at org.springframework.web.SpringServletContainerInitializer.onStartup(SpringServletContainerInitializer.java:171)
		at org.apache.catalina.core.StandardContext.startInternal(StandardContext.java:4414)
		at org.apache.catalina.util.LifecycleBase.start(LifecycleBase.java:164)
		... 38 more
	Caused by: org.hibernate.AnnotationException: Collection 'neo.com.br.CitMobi.models.linha.Itinerario.rota' is 'mappedBy' a property named 'itinerario' which does not exist in the target entity 'neo.com.br.CitMobi.models.linha.Rota'
		at org.hibernate.boot.model.internal.CollectionBinder.isReversePropertyInJoin(CollectionBinder.java:1639)
		at org.hibernate.boot.model.internal.CollectionBinder.noAssociationTable(CollectionBinder.java:1653)
		at org.hibernate.boot.model.internal.CollectionBinder.bindStarToManySecondPass(CollectionBinder.java:1614)
		at org.hibernate.boot.model.internal.CollectionBinder$1.secondPass(CollectionBinder.java:1605)
		at org.hibernate.boot.model.internal.CollectionSecondPass.doSecondPass(CollectionSecondPass.java:45)
		at org.hibernate.boot.internal.InFlightMetadataCollectorImpl.processSecondPasses(InFlightMetadataCollectorImpl.java:1811)
		at org.hibernate.boot.internal.InFlightMetadataCollectorImpl.processSecondPasses(InFlightMetadataCollectorImpl.java:1770)
		at org.hibernate.boot.model.process.spi.MetadataBuildingProcess.complete(MetadataBuildingProcess.java:334)
		at org.hibernate.jpa.boot.internal.EntityManagerFactoryBuilderImpl.metadata(EntityManagerFactoryBuilderImpl.java:1431)
		at org.hibernate.jpa.boot.internal.EntityManagerFactoryBuilderImpl.build(EntityManagerFactoryBuilderImpl.java:1502)
		at org.springframework.orm.jpa.vendor.SpringHibernateJpaPersistenceProvider.createContainerEntityManagerFactory(SpringHibernateJpaPersistenceProvider.java:75)
		at org.springframework.orm.jpa.LocalContainerEntityManagerFactoryBean.createNativeEntityManagerFactory(LocalContainerEntityManagerFactoryBean.java:390)
		at org.springframework.orm.jpa.AbstractEntityManagerFactoryBean.buildNativeEntityManagerFactory(AbstractEntityManagerFactoryBean.java:409)
		at org.springframework.orm.jpa.AbstractEntityManagerFactoryBean.afterPropertiesSet(AbstractEntityManagerFactoryBean.java:396)
		at org.springframework.orm.jpa.LocalContainerEntityManagerFactoryBean.afterPropertiesSet(LocalContainerEntityManagerFactoryBean.java:366)
		at org.springframework.beans.factory.support.AbstractAutowireCapableBeanFactory.invokeInitMethods(AbstractAutowireCapableBeanFactory.java:1853)
		at org.springframework.beans.factory.support.AbstractAutowireCapableBeanFactory.initializeBean(AbstractAutowireCapableBeanFactory.java:1802)
		... 56 more
28-Jan-2025 10:26:00.121 INFO [main] org.apache.catalina.startup.HostConfig.deployDescriptor Deployment of deployment descriptor [C:\Users\Erick.ferreira\Documents\workspace-jdk17\CitMobi2\src\conf\Catalina\localhost\citMobi2.xml] has finished in [21.786] ms
28-Jan-2025 10:26:00.126 INFO [main] org.apache.coyote.AbstractProtocol.start Starting ProtocolHandler ["http-nio-8085"]
28-Jan-2025 10:26:00.162 INFO [main] org.apache.catalina.startup.Catalina.start Server startup in [21910] milliseconds
28-Jan-2025 10:26:58.489 INFO [Thread-3] org.apache.coyote.AbstractProtocol.pause Pausing ProtocolHandler ["http-nio-8085"]
28-Jan-2025 10:26:58.665 INFO [Thread-3] org.apache.catalina.core.StandardService.stopInternal Stopping service [Catalina]
28-Jan-2025 10:26:58.666 INFO [Thread-3] org.apache.coyote.AbstractProtocol.stop Stopping ProtocolHandler ["http-nio-8085"]
28-Jan-2025 10:26:58.669 INFO [Thread-3] org.apache.coyote.AbstractProtocol.destroy Destroying ProtocolHandler ["http-nio-8085"]
28-Jan-2025 10:26:58.673 WARNING [Thread-3] org.apache.catalina.loader.WebappClassLoaderBase.clearReferencesJdbc The web application [citMobi2] registered the JDBC driver [org.postgresql.Driver] but failed to unregister it when the web application was stopped. To prevent a memory leak, the JDBC Driver has been forcibly unregistered.
28-Jan-2025 10:27:03.428 INFO [main] org.apache.catalina.startup.VersionLoggerListener.log Server version name:   Apache Tomcat/10.1.26
28-Jan-2025 10:27:03.433 INFO [main] org.apache.catalina.startup.VersionLoggerListener.log Server built:          Jul 7 2024 21:02:13 UTC
28-Jan-2025 10:27:03.434 INFO [main] org.apache.catalina.startup.VersionLoggerListener.log Server version number: 10.1.26.0
28-Jan-2025 10:27:03.434 INFO [main] org.apache.catalina.startup.VersionLoggerListener.log OS Name:               Windows 11
28-Jan-2025 10:27:03.434 INFO [main] org.apache.catalina.startup.VersionLoggerListener.log OS Version:            10.0
28-Jan-2025 10:27:03.434 INFO [main] org.apache.catalina.startup.VersionLoggerListener.log Architecture:          amd64
28-Jan-2025 10:27:03.435 INFO [main] org.apache.catalina.startup.VersionLoggerListener.log Java Home:             C:\Program Files\Java\jdk-17
28-Jan-2025 10:27:03.435 INFO [main] org.apache.catalina.startup.VersionLoggerListener.log JVM Version:           17.0.11+7-LTS-207
28-Jan-2025 10:27:03.435 INFO [main] org.apache.catalina.startup.VersionLoggerListener.log JVM Vendor:            Oracle Corporation
28-Jan-2025 10:27:03.435 INFO [main] org.apache.catalina.startup.VersionLoggerListener.log CATALINA_BASE:         C:\Users\Erick.ferreira\Documents\workspace-jdk17\CitMobi2\src
28-Jan-2025 10:27:03.435 INFO [main] org.apache.catalina.startup.VersionLoggerListener.log CATALINA_HOME:         C:\Program Files\Apache Software Foundation\Tomcat 10.1
28-Jan-2025 10:27:03.458 INFO [main] org.apache.catalina.startup.VersionLoggerListener.log Command line argument: --add-opens=java.base/java.lang=ALL-UNNAMED
28-Jan-2025 10:27:03.458 INFO [main] org.apache.catalina.startup.VersionLoggerListener.log Command line argument: --add-opens=java.base/java.io=ALL-UNNAMED
28-Jan-2025 10:27:03.458 INFO [main] org.apache.catalina.startup.VersionLoggerListener.log Command line argument: --add-opens=java.base/java.util=ALL-UNNAMED
28-Jan-2025 10:27:03.458 INFO [main] org.apache.catalina.startup.VersionLoggerListener.log Command line argument: --add-opens=java.base/java.util.concurrent=ALL-UNNAMED
28-Jan-2025 10:27:03.458 INFO [main] org.apache.catalina.startup.VersionLoggerListener.log Command line argument: --add-opens=java.rmi/sun.rmi.transport=ALL-UNNAMED
28-Jan-2025 10:27:03.458 INFO [main] org.apache.catalina.startup.VersionLoggerListener.log Command line argument: -Dcatalina.home=C:\Program Files\Apache Software Foundation\Tomcat 10.1
28-Jan-2025 10:27:03.459 INFO [main] org.apache.catalina.startup.VersionLoggerListener.log Command line argument: -Dcatalina.base=C:\Users\Erick.ferreira\Documents\workspace-jdk17\CitMobi2\src
28-Jan-2025 10:27:03.459 INFO [main] org.apache.catalina.startup.VersionLoggerListener.log Command line argument: -Djava.io.tmpdir=C:\Users\Erick.ferreira\Documents\workspace-jdk17\CitMobi2\src\temp
28-Jan-2025 10:27:03.459 INFO [main] org.apache.catalina.startup.VersionLoggerListener.log Command line argument: -Djava.util.logging.config.file=C:\Users\Erick.ferreira\Documents\workspace-jdk17\CitMobi2\src\conf\logging.properties
28-Jan-2025 10:27:03.459 INFO [main] org.apache.catalina.startup.VersionLoggerListener.log Command line argument: -Djava.util.logging.manager=org.apache.juli.ClassLoaderLogManager
28-Jan-2025 10:27:03.459 INFO [main] org.apache.catalina.startup.VersionLoggerListener.log Command line argument: -javaagent:C:\Program Files\JetBrains\IntelliJ IDEA Community Edition 2024.1.4\lib\idea_rt.jar=63127:C:\Program Files\JetBrains\IntelliJ IDEA Community Edition 2024.1.4\bin
28-Jan-2025 10:27:03.459 INFO [main] org.apache.catalina.startup.VersionLoggerListener.log Command line argument: -Dfile.encoding=UTF-8
28-Jan-2025 10:27:03.473 INFO [main] org.apache.catalina.core.AprLifecycleListener.lifecycleEvent The Apache Tomcat Native library which allows using OpenSSL was not found on the java.library.path: [C:\Program Files\Java\jdk-17\bin;C:\Windows\Sun\Java\bin;C:\Windows\system32;C:\Windows;C:\Program Files\Common Files\Oracle\Java\javapath;C:\Python312\Scripts\;C:\Python312\;C:\Program Files (x86)\Common Files\Oracle\Java\javapath;C:\app\TDV.Admin\product\11.2.0\client_1\bin;C:\Windows\system32;C:\Windows;C:\Windows\System32\Wbem;C:\Windows\System32\WindowsPowerShell\v1.0\;C:\Windows\System32\OpenSSH\;C:\Program Files\Git\cmd;C:\Java_Essentials\apache-maven-3.6.3\bin;C:\Program Files\nodejs\;C:\ProgramData\chocolatey\bin;C:\Program Files\dotnet\;C:\Program Files\MySQL\MySQL Shell 8.0\bin\;C:\Users\Erick.ferreira\.console-ninja\.bin;C:\Users\Erick.ferreira\AppData\Local\Microsoft\WindowsApps;C:\Users\Erick.ferreira\AppData\Local\Programs\Microsoft VS Code\bin;C:\Program Files\Java\jdk1.8.0_291\bin;C:\Users\Erick.ferreira\AppData\Roaming\npm;C:\Program Files\JetBrains\IntelliJ IDEA Community Edition 2024.1.4\bin;;C:\Users\Erick.ferreira\.dotnet\tools;.]
28-Jan-2025 10:27:03.870 INFO [main] org.apache.coyote.AbstractProtocol.init Initializing ProtocolHandler ["http-nio-8085"]
28-Jan-2025 10:27:03.899 INFO [main] org.apache.catalina.startup.Catalina.load Server initialization in [730] milliseconds
28-Jan-2025 10:27:03.965 INFO [main] org.apache.catalina.core.StandardService.startInternal Starting service [Catalina]
28-Jan-2025 10:27:03.965 INFO [main] org.apache.catalina.core.StandardEngine.startInternal Starting Servlet engine: [Apache Tomcat/10.1.26]
28-Jan-2025 10:27:03.984 INFO [main] org.apache.catalina.startup.HostConfig.deployDescriptor Deploying deployment descriptor [C:\Users\Erick.ferreira\Documents\workspace-jdk17\CitMobi2\src\conf\Catalina\localhost\citMobi2.xml]
28-Jan-2025 10:27:11.549 INFO [main] org.apache.jasper.servlet.TldScanner.scanJars At least one JAR was scanned for TLDs yet contained no TLDs. Enable debug logging for this logger for a complete list of JARs that were scanned but no TLDs were found in them. Skipping unneeded JARs during scanning can improve startup time and JSP compilation time.
28-Jan-2025 10:27:30.460 SEVERE [main] org.apache.catalina.startup.HostConfig.deployDescriptor Error deploying deployment descriptor [C:\Users\Erick.ferreira\Documents\workspace-jdk17\CitMobi2\src\conf\Catalina\localhost\citMobi2.xml]
	java.lang.IllegalStateException: Error starting child
		at org.apache.catalina.core.ContainerBase.addChildInternal(ContainerBase.java:602)
		at org.apache.catalina.core.ContainerBase.addChild(ContainerBase.java:571)
		at org.apache.catalina.core.StandardHost.addChild(StandardHost.java:654)
		at org.apache.catalina.startup.HostConfig.deployDescriptor(HostConfig.java:635)
		at org.apache.catalina.startup.HostConfig$DeployDescriptor.run(HostConfig.java:1889)
		at java.base/java.util.concurrent.Executors$RunnableAdapter.call(Executors.java:539)
		at java.base/java.util.concurrent.FutureTask.run(FutureTask.java:264)
		at org.apache.tomcat.util.threads.InlineExecutorService.execute(InlineExecutorService.java:75)
		at java.base/java.util.concurrent.AbstractExecutorService.submit(AbstractExecutorService.java:123)
		at org.apache.catalina.startup.HostConfig.deployDescriptors(HostConfig.java:530)
		at org.apache.catalina.startup.HostConfig.deployApps(HostConfig.java:421)
		at org.apache.catalina.startup.HostConfig.start(HostConfig.java:1629)
		at org.apache.catalina.startup.HostConfig.lifecycleEvent(HostConfig.java:303)
		at org.apache.catalina.util.LifecycleBase.fireLifecycleEvent(LifecycleBase.java:109)
		at org.apache.catalina.util.LifecycleBase.setStateInternal(LifecycleBase.java:385)
		at org.apache.catalina.util.LifecycleBase.setState(LifecycleBase.java:332)
		at org.apache.catalina.core.ContainerBase.startInternal(ContainerBase.java:776)
		at org.apache.catalina.core.StandardHost.startInternal(StandardHost.java:772)
		at org.apache.catalina.util.LifecycleBase.start(LifecycleBase.java:164)
		at org.apache.catalina.core.ContainerBase$StartChild.call(ContainerBase.java:1203)
		at org.apache.catalina.core.ContainerBase$StartChild.call(ContainerBase.java:1193)
		at java.base/java.util.concurrent.FutureTask.run(FutureTask.java:264)
		at org.apache.tomcat.util.threads.InlineExecutorService.execute(InlineExecutorService.java:75)
		at java.base/java.util.concurrent.AbstractExecutorService.submit(AbstractExecutorService.java:145)
		at org.apache.catalina.core.ContainerBase.startInternal(ContainerBase.java:749)
		at org.apache.catalina.core.StandardEngine.startInternal(StandardEngine.java:203)
		at org.apache.catalina.util.LifecycleBase.start(LifecycleBase.java:164)
		at org.apache.catalina.core.StandardService.startInternal(StandardService.java:415)
		at org.apache.catalina.util.LifecycleBase.start(LifecycleBase.java:164)
		at org.apache.catalina.core.StandardServer.startInternal(StandardServer.java:874)
		at org.apache.catalina.util.LifecycleBase.start(LifecycleBase.java:164)
		at org.apache.catalina.startup.Catalina.start(Catalina.java:757)
		at java.base/jdk.internal.reflect.NativeMethodAccessorImpl.invoke0(Native Method)
		at java.base/jdk.internal.reflect.NativeMethodAccessorImpl.invoke(NativeMethodAccessorImpl.java:77)
		at java.base/jdk.internal.reflect.DelegatingMethodAccessorImpl.invoke(DelegatingMethodAccessorImpl.java:43)
		at java.base/java.lang.reflect.Method.invoke(Method.java:568)
		at org.apache.catalina.startup.Bootstrap.start(Bootstrap.java:345)
		at org.apache.catalina.startup.Bootstrap.main(Bootstrap.java:473)
	Caused by: org.apache.catalina.LifecycleException: Failed to start component [StandardEngine[Catalina].StandardHost[localhost].StandardContext[/citMobi2]]
		at org.apache.catalina.util.LifecycleBase.handleSubClassException(LifecycleBase.java:402)
		at org.apache.catalina.util.LifecycleBase.start(LifecycleBase.java:179)
		at org.apache.catalina.core.ContainerBase.addChildInternal(ContainerBase.java:599)
		... 37 more
	Caused by: org.springframework.beans.factory.UnsatisfiedDependencyException: Error creating bean with name 'itinerarioController' defined in file [C:\Users\Erick.ferreira\Documents\workspace-jdk17\CitMobi2\target\classes\neo\com\br\CitMobi\controller\ItinerarioController.class]: Unsatisfied dependency expressed through constructor parameter 0: Error creating bean with name 'itinerarioService' defined in file [C:\Users\Erick.ferreira\Documents\workspace-jdk17\CitMobi2\target\classes\neo\com\br\CitMobi\services\ItinerarioService.class]: Unsatisfied dependency expressed through constructor parameter 1: Error creating bean with name 'rotaRepository' defined in neo.com.br.CitMobi.repository.RotaRepository defined in @EnableJpaRepositories declared on JpaRepositoriesRegistrar.EnableJpaRepositoriesConfiguration: Could not create query for public abstract java.util.Optional neo.com.br.CitMobi.repository.RotaRepository.getRotaByItinerarioId(java.lang.String); Reason: Using named parameters for method public abstract java.util.Optional neo.com.br.CitMobi.repository.RotaRepository.getRotaByItinerarioId(java.lang.String) but parameter 'Optional[itinerarioId]' not found in annotated query 'SELECT * FROM T_LIN_ITINERARIO ITI
WHERE ITI.LIN_LINHA_ID = :linhaId
AND ITI.LIN_LINHA_ATENDIMENTO = :linhaAtendimento
AND ITI.GLB_MUNICIPIO_COD = :municipio
'
		at org.springframework.beans.factory.support.ConstructorResolver.createArgumentArray(ConstructorResolver.java:795)
		at org.springframework.beans.factory.support.ConstructorResolver.autowireConstructor(ConstructorResolver.java:237)
		at org.springframework.beans.factory.support.AbstractAutowireCapableBeanFactory.autowireConstructor(AbstractAutowireCapableBeanFactory.java:1375)
		at org.springframework.beans.factory.support.AbstractAutowireCapableBeanFactory.createBeanInstance(AbstractAutowireCapableBeanFactory.java:1212)
		at org.springframework.beans.factory.support.AbstractAutowireCapableBeanFactory.doCreateBean(AbstractAutowireCapableBeanFactory.java:562)
		at org.springframework.beans.factory.support.AbstractAutowireCapableBeanFactory.createBean(AbstractAutowireCapableBeanFactory.java:522)
		at org.springframework.beans.factory.support.AbstractBeanFactory.lambda$doGetBean$0(AbstractBeanFactory.java:337)
		at org.springframework.beans.factory.support.DefaultSingletonBeanRegistry.getSingleton(DefaultSingletonBeanRegistry.java:234)
		at org.springframework.beans.factory.support.AbstractBeanFactory.doGetBean(AbstractBeanFactory.java:335)
		at org.springframework.beans.factory.support.AbstractBeanFactory.getBean(AbstractBeanFactory.java:200)
		at org.springframework.beans.factory.support.DefaultListableBeanFactory.preInstantiateSingletons(DefaultListableBeanFactory.java:975)
		at org.springframework.context.support.AbstractApplicationContext.finishBeanFactoryInitialization(AbstractApplicationContext.java:971)
		at org.springframework.context.support.AbstractApplicationContext.refresh(AbstractApplicationContext.java:625)
		at org.springframework.boot.web.servlet.context.ServletWebServerApplicationContext.refresh(ServletWebServerApplicationContext.java:146)
		at org.springframework.boot.SpringApplication.refresh(SpringApplication.java:754)
		at org.springframework.boot.SpringApplication.refreshContext(SpringApplication.java:456)
		at org.springframework.boot.SpringApplication.run(SpringApplication.java:335)
		at org.springframework.boot.web.servlet.support.SpringBootServletInitializer.run(SpringBootServletInitializer.java:174)
		at org.springframework.boot.web.servlet.support.SpringBootServletInitializer.createRootApplicationContext(SpringBootServletInitializer.java:154)
		at org.springframework.boot.web.servlet.support.SpringBootServletInitializer.onStartup(SpringBootServletInitializer.java:96)
		at org.springframework.web.SpringServletContainerInitializer.onStartup(SpringServletContainerInitializer.java:171)
		at org.apache.catalina.core.StandardContext.startInternal(StandardContext.java:4414)
		at org.apache.catalina.util.LifecycleBase.start(LifecycleBase.java:164)
		... 38 more
	Caused by: org.springframework.beans.factory.UnsatisfiedDependencyException: Error creating bean with name 'itinerarioService' defined in file [C:\Users\Erick.ferreira\Documents\workspace-jdk17\CitMobi2\target\classes\neo\com\br\CitMobi\services\ItinerarioService.class]: Unsatisfied dependency expressed through constructor parameter 1: Error creating bean with name 'rotaRepository' defined in neo.com.br.CitMobi.repository.RotaRepository defined in @EnableJpaRepositories declared on JpaRepositoriesRegistrar.EnableJpaRepositoriesConfiguration: Could not create query for public abstract java.util.Optional neo.com.br.CitMobi.repository.RotaRepository.getRotaByItinerarioId(java.lang.String); Reason: Using named parameters for method public abstract java.util.Optional neo.com.br.CitMobi.repository.RotaRepository.getRotaByItinerarioId(java.lang.String) but parameter 'Optional[itinerarioId]' not found in annotated query 'SELECT * FROM T_LIN_ITINERARIO ITI
WHERE ITI.LIN_LINHA_ID = :linhaId
AND ITI.LIN_LINHA_ATENDIMENTO = :linhaAtendimento
AND ITI.GLB_MUNICIPIO_COD = :municipio
'
		at org.springframework.beans.factory.support.ConstructorResolver.createArgumentArray(ConstructorResolver.java:795)
		at org.springframework.beans.factory.support.ConstructorResolver.autowireConstructor(ConstructorResolver.java:237)
		at org.springframework.beans.factory.support.AbstractAutowireCapableBeanFactory.autowireConstructor(AbstractAutowireCapableBeanFactory.java:1375)
		at org.springframework.beans.factory.support.AbstractAutowireCapableBeanFactory.createBeanInstance(AbstractAutowireCapableBeanFactory.java:1212)
		at org.springframework.beans.factory.support.AbstractAutowireCapableBeanFactory.doCreateBean(AbstractAutowireCapableBeanFactory.java:562)
		at org.springframework.beans.factory.support.AbstractAutowireCapableBeanFactory.createBean(AbstractAutowireCapableBeanFactory.java:522)
		at org.springframework.beans.factory.support.AbstractBeanFactory.lambda$doGetBean$0(AbstractBeanFactory.java:337)
		at org.springframework.beans.factory.support.DefaultSingletonBeanRegistry.getSingleton(DefaultSingletonBeanRegistry.java:234)
		at org.springframework.beans.factory.support.AbstractBeanFactory.doGetBean(AbstractBeanFactory.java:335)
		at org.springframework.beans.factory.support.AbstractBeanFactory.getBean(AbstractBeanFactory.java:200)
		at org.springframework.beans.factory.config.DependencyDescriptor.resolveCandidate(DependencyDescriptor.java:254)
		at org.springframework.beans.factory.support.DefaultListableBeanFactory.doResolveDependency(DefaultListableBeanFactory.java:1443)
		at org.springframework.beans.factory.support.DefaultListableBeanFactory.resolveDependency(DefaultListableBeanFactory.java:1353)
		at org.springframework.beans.factory.support.ConstructorResolver.resolveAutowiredArgument(ConstructorResolver.java:904)
		at org.springframework.beans.factory.support.ConstructorResolver.createArgumentArray(ConstructorResolver.java:782)
		... 60 more
	Caused by: org.springframework.beans.factory.BeanCreationException: Error creating bean with name 'rotaRepository' defined in neo.com.br.CitMobi.repository.RotaRepository defined in @EnableJpaRepositories declared on JpaRepositoriesRegistrar.EnableJpaRepositoriesConfiguration: Could not create query for public abstract java.util.Optional neo.com.br.CitMobi.repository.RotaRepository.getRotaByItinerarioId(java.lang.String); Reason: Using named parameters for method public abstract java.util.Optional neo.com.br.CitMobi.repository.RotaRepository.getRotaByItinerarioId(java.lang.String) but parameter 'Optional[itinerarioId]' not found in annotated query 'SELECT * FROM T_LIN_ITINERARIO ITI
WHERE ITI.LIN_LINHA_ID = :linhaId
AND ITI.LIN_LINHA_ATENDIMENTO = :linhaAtendimento
AND ITI.GLB_MUNICIPIO_COD = :municipio
'
		at org.springframework.beans.factory.support.AbstractAutowireCapableBeanFactory.initializeBean(AbstractAutowireCapableBeanFactory.java:1806)
		at org.springframework.beans.factory.support.AbstractAutowireCapableBeanFactory.doCreateBean(AbstractAutowireCapableBeanFactory.java:600)
		at org.springframework.beans.factory.support.AbstractAutowireCapableBeanFactory.createBean(AbstractAutowireCapableBeanFactory.java:522)
		at org.springframework.beans.factory.support.AbstractBeanFactory.lambda$doGetBean$0(AbstractBeanFactory.java:337)
		at org.springframework.beans.factory.support.DefaultSingletonBeanRegistry.getSingleton(DefaultSingletonBeanRegistry.java:234)
		at org.springframework.beans.factory.support.AbstractBeanFactory.doGetBean(AbstractBeanFactory.java:335)
		at org.springframework.beans.factory.support.AbstractBeanFactory.getBean(AbstractBeanFactory.java:200)
		at org.springframework.beans.factory.config.DependencyDescriptor.resolveCandidate(DependencyDescriptor.java:254)
		at org.springframework.beans.factory.support.DefaultListableBeanFactory.doResolveDependency(DefaultListableBeanFactory.java:1443)
		at org.springframework.beans.factory.support.DefaultListableBeanFactory.resolveDependency(DefaultListableBeanFactory.java:1353)
		at org.springframework.beans.factory.support.ConstructorResolver.resolveAutowiredArgument(ConstructorResolver.java:904)
		at org.springframework.beans.factory.support.ConstructorResolver.createArgumentArray(ConstructorResolver.java:782)
		... 74 more
	Caused by: org.springframework.data.repository.query.QueryCreationException: Could not create query for public abstract java.util.Optional neo.com.br.CitMobi.repository.RotaRepository.getRotaByItinerarioId(java.lang.String); Reason: Using named parameters for method public abstract java.util.Optional neo.com.br.CitMobi.repository.RotaRepository.getRotaByItinerarioId(java.lang.String) but parameter 'Optional[itinerarioId]' not found in annotated query 'SELECT * FROM T_LIN_ITINERARIO ITI
WHERE ITI.LIN_LINHA_ID = :linhaId
AND ITI.LIN_LINHA_ATENDIMENTO = :linhaAtendimento
AND ITI.GLB_MUNICIPIO_COD = :municipio
'
		at org.springframework.data.repository.query.QueryCreationException.create(QueryCreationException.java:101)
		at org.springframework.data.repository.core.support.QueryExecutorMethodInterceptor.lookupQuery(QueryExecutorMethodInterceptor.java:119)
		at org.springframework.data.repository.core.support.QueryExecutorMethodInterceptor.mapMethodsToQuery(QueryExecutorMethodInterceptor.java:103)
		at org.springframework.data.repository.core.support.QueryExecutorMethodInterceptor.lambda$new$0(QueryExecutorMethodInterceptor.java:92)
		at java.base/java.util.Optional.map(Optional.java:260)
		at org.springframework.data.repository.core.support.QueryExecutorMethodInterceptor.<init>(QueryExecutorMethodInterceptor.java:92)
		at org.springframework.data.repository.core.support.RepositoryFactorySupport.getRepository(RepositoryFactorySupport.java:357)
		at org.springframework.data.repository.core.support.RepositoryFactoryBeanSupport.lambda$afterPropertiesSet$5(RepositoryFactoryBeanSupport.java:290)
		at org.springframework.data.util.Lazy.getNullable(Lazy.java:135)
		at org.springframework.data.util.Lazy.get(Lazy.java:113)
		at org.springframework.data.repository.core.support.RepositoryFactoryBeanSupport.afterPropertiesSet(RepositoryFactoryBeanSupport.java:296)
		at org.springframework.data.jpa.repository.support.JpaRepositoryFactoryBean.afterPropertiesSet(JpaRepositoryFactoryBean.java:132)
		at org.springframework.beans.factory.support.AbstractAutowireCapableBeanFactory.invokeInitMethods(AbstractAutowireCapableBeanFactory.java:1853)
		at org.springframework.beans.factory.support.AbstractAutowireCapableBeanFactory.initializeBean(AbstractAutowireCapableBeanFactory.java:1802)
		... 85 more
	Caused by: java.lang.IllegalStateException: Using named parameters for method public abstract java.util.Optional neo.com.br.CitMobi.repository.RotaRepository.getRotaByItinerarioId(java.lang.String) but parameter 'Optional[itinerarioId]' not found in annotated query 'SELECT * FROM T_LIN_ITINERARIO ITI
WHERE ITI.LIN_LINHA_ID = :linhaId
AND ITI.LIN_LINHA_ATENDIMENTO = :linhaAtendimento
AND ITI.GLB_MUNICIPIO_COD = :municipio
'
		at org.springframework.data.jpa.repository.query.JpaQueryMethod.assertParameterNamesInAnnotatedQuery(JpaQueryMethod.java:181)
		at org.springframework.data.jpa.repository.query.JpaQueryMethod.<init>(JpaQueryMethod.java:149)
		at org.springframework.data.jpa.repository.query.DefaultJpaQueryMethodFactory.build(DefaultJpaQueryMethodFactory.java:44)
		at org.springframework.data.jpa.repository.query.JpaQueryLookupStrategy$AbstractQueryLookupStrategy.resolveQuery(JpaQueryLookupStrategy.java:94)
		at org.springframework.data.repository.core.support.QueryExecutorMethodInterceptor.lookupQuery(QueryExecutorMethodInterceptor.java:115)
		... 97 more
28-Jan-2025 10:27:30.465 INFO [main] org.apache.catalina.startup.HostConfig.deployDescriptor Deployment of deployment descriptor [C:\Users\Erick.ferreira\Documents\workspace-jdk17\CitMobi2\src\conf\Catalina\localhost\citMobi2.xml] has finished in [26.481] ms
28-Jan-2025 10:27:30.469 INFO [main] org.apache.coyote.AbstractProtocol.start Starting ProtocolHandler ["http-nio-8085"]
28-Jan-2025 10:27:30.516 INFO [main] org.apache.catalina.startup.Catalina.start Server startup in [26615] milliseconds
28-Jan-2025 10:28:54.943 INFO [Thread-3] org.apache.coyote.AbstractProtocol.pause Pausing ProtocolHandler ["http-nio-8085"]
28-Jan-2025 10:28:55.122 INFO [Thread-3] org.apache.catalina.core.StandardService.stopInternal Stopping service [Catalina]
28-Jan-2025 10:28:55.123 INFO [Thread-3] org.apache.coyote.AbstractProtocol.stop Stopping ProtocolHandler ["http-nio-8085"]
28-Jan-2025 10:28:55.126 INFO [Thread-3] org.apache.coyote.AbstractProtocol.destroy Destroying ProtocolHandler ["http-nio-8085"]
28-Jan-2025 10:28:55.129 WARNING [Thread-3] org.apache.catalina.loader.WebappClassLoaderBase.clearReferencesJdbc The web application [citMobi2] registered the JDBC driver [org.postgresql.Driver] but failed to unregister it when the web application was stopped. To prevent a memory leak, the JDBC Driver has been forcibly unregistered.
28-Jan-2025 10:28:58.794 INFO [main] org.apache.catalina.startup.VersionLoggerListener.log Server version name:   Apache Tomcat/10.1.26
28-Jan-2025 10:28:58.799 INFO [main] org.apache.catalina.startup.VersionLoggerListener.log Server built:          Jul 7 2024 21:02:13 UTC
28-Jan-2025 10:28:58.799 INFO [main] org.apache.catalina.startup.VersionLoggerListener.log Server version number: 10.1.26.0
28-Jan-2025 10:28:58.799 INFO [main] org.apache.catalina.startup.VersionLoggerListener.log OS Name:               Windows 11
28-Jan-2025 10:28:58.799 INFO [main] org.apache.catalina.startup.VersionLoggerListener.log OS Version:            10.0
28-Jan-2025 10:28:58.799 INFO [main] org.apache.catalina.startup.VersionLoggerListener.log Architecture:          amd64
28-Jan-2025 10:28:58.800 INFO [main] org.apache.catalina.startup.VersionLoggerListener.log Java Home:             C:\Program Files\Java\jdk-17
28-Jan-2025 10:28:58.800 INFO [main] org.apache.catalina.startup.VersionLoggerListener.log JVM Version:           17.0.11+7-LTS-207
28-Jan-2025 10:28:58.800 INFO [main] org.apache.catalina.startup.VersionLoggerListener.log JVM Vendor:            Oracle Corporation
28-Jan-2025 10:28:58.800 INFO [main] org.apache.catalina.startup.VersionLoggerListener.log CATALINA_BASE:         C:\Users\Erick.ferreira\Documents\workspace-jdk17\CitMobi2\src
28-Jan-2025 10:28:58.800 INFO [main] org.apache.catalina.startup.VersionLoggerListener.log CATALINA_HOME:         C:\Program Files\Apache Software Foundation\Tomcat 10.1
28-Jan-2025 10:28:58.818 INFO [main] org.apache.catalina.startup.VersionLoggerListener.log Command line argument: --add-opens=java.base/java.lang=ALL-UNNAMED
28-Jan-2025 10:28:58.818 INFO [main] org.apache.catalina.startup.VersionLoggerListener.log Command line argument: --add-opens=java.base/java.io=ALL-UNNAMED
28-Jan-2025 10:28:58.818 INFO [main] org.apache.catalina.startup.VersionLoggerListener.log Command line argument: --add-opens=java.base/java.util=ALL-UNNAMED
28-Jan-2025 10:28:58.818 INFO [main] org.apache.catalina.startup.VersionLoggerListener.log Command line argument: --add-opens=java.base/java.util.concurrent=ALL-UNNAMED
28-Jan-2025 10:28:58.818 INFO [main] org.apache.catalina.startup.VersionLoggerListener.log Command line argument: --add-opens=java.rmi/sun.rmi.transport=ALL-UNNAMED
28-Jan-2025 10:28:58.819 INFO [main] org.apache.catalina.startup.VersionLoggerListener.log Command line argument: -Dcatalina.home=C:\Program Files\Apache Software Foundation\Tomcat 10.1
28-Jan-2025 10:28:58.819 INFO [main] org.apache.catalina.startup.VersionLoggerListener.log Command line argument: -Dcatalina.base=C:\Users\Erick.ferreira\Documents\workspace-jdk17\CitMobi2\src
28-Jan-2025 10:28:58.819 INFO [main] org.apache.catalina.startup.VersionLoggerListener.log Command line argument: -Djava.io.tmpdir=C:\Users\Erick.ferreira\Documents\workspace-jdk17\CitMobi2\src\temp
28-Jan-2025 10:28:58.819 INFO [main] org.apache.catalina.startup.VersionLoggerListener.log Command line argument: -Djava.util.logging.config.file=C:\Users\Erick.ferreira\Documents\workspace-jdk17\CitMobi2\src\conf\logging.properties
28-Jan-2025 10:28:58.819 INFO [main] org.apache.catalina.startup.VersionLoggerListener.log Command line argument: -Djava.util.logging.manager=org.apache.juli.ClassLoaderLogManager
28-Jan-2025 10:28:58.819 INFO [main] org.apache.catalina.startup.VersionLoggerListener.log Command line argument: -javaagent:C:\Program Files\JetBrains\IntelliJ IDEA Community Edition 2024.1.4\lib\idea_rt.jar=63150:C:\Program Files\JetBrains\IntelliJ IDEA Community Edition 2024.1.4\bin
28-Jan-2025 10:28:58.819 INFO [main] org.apache.catalina.startup.VersionLoggerListener.log Command line argument: -Dfile.encoding=UTF-8
28-Jan-2025 10:28:58.827 INFO [main] org.apache.catalina.core.AprLifecycleListener.lifecycleEvent The Apache Tomcat Native library which allows using OpenSSL was not found on the java.library.path: [C:\Program Files\Java\jdk-17\bin;C:\Windows\Sun\Java\bin;C:\Windows\system32;C:\Windows;C:\Program Files\Common Files\Oracle\Java\javapath;C:\Python312\Scripts\;C:\Python312\;C:\Program Files (x86)\Common Files\Oracle\Java\javapath;C:\app\TDV.Admin\product\11.2.0\client_1\bin;C:\Windows\system32;C:\Windows;C:\Windows\System32\Wbem;C:\Windows\System32\WindowsPowerShell\v1.0\;C:\Windows\System32\OpenSSH\;C:\Program Files\Git\cmd;C:\Java_Essentials\apache-maven-3.6.3\bin;C:\Program Files\nodejs\;C:\ProgramData\chocolatey\bin;C:\Program Files\dotnet\;C:\Program Files\MySQL\MySQL Shell 8.0\bin\;C:\Users\Erick.ferreira\.console-ninja\.bin;C:\Users\Erick.ferreira\AppData\Local\Microsoft\WindowsApps;C:\Users\Erick.ferreira\AppData\Local\Programs\Microsoft VS Code\bin;C:\Program Files\Java\jdk1.8.0_291\bin;C:\Users\Erick.ferreira\AppData\Roaming\npm;C:\Program Files\JetBrains\IntelliJ IDEA Community Edition 2024.1.4\bin;;C:\Users\Erick.ferreira\.dotnet\tools;.]
28-Jan-2025 10:28:59.111 INFO [main] org.apache.coyote.AbstractProtocol.init Initializing ProtocolHandler ["http-nio-8085"]
28-Jan-2025 10:28:59.134 INFO [main] org.apache.catalina.startup.Catalina.load Server initialization in [571] milliseconds
28-Jan-2025 10:28:59.198 INFO [main] org.apache.catalina.core.StandardService.startInternal Starting service [Catalina]
28-Jan-2025 10:28:59.198 INFO [main] org.apache.catalina.core.StandardEngine.startInternal Starting Servlet engine: [Apache Tomcat/10.1.26]
28-Jan-2025 10:28:59.216 INFO [main] org.apache.catalina.startup.HostConfig.deployDescriptor Deploying deployment descriptor [C:\Users\Erick.ferreira\Documents\workspace-jdk17\CitMobi2\src\conf\Catalina\localhost\citMobi2.xml]
28-Jan-2025 10:29:06.549 INFO [main] org.apache.jasper.servlet.TldScanner.scanJars At least one JAR was scanned for TLDs yet contained no TLDs. Enable debug logging for this logger for a complete list of JARs that were scanned but no TLDs were found in them. Skipping unneeded JARs during scanning can improve startup time and JSP compilation time.
28-Jan-2025 10:29:31.582 INFO [main] org.apache.catalina.startup.HostConfig.deployDescriptor Deployment of deployment descriptor [C:\Users\Erick.ferreira\Documents\workspace-jdk17\CitMobi2\src\conf\Catalina\localhost\citMobi2.xml] has finished in [32.365] ms
28-Jan-2025 10:29:31.587 INFO [main] org.apache.coyote.AbstractProtocol.start Starting ProtocolHandler ["http-nio-8085"]
28-Jan-2025 10:29:31.638 INFO [main] org.apache.catalina.startup.Catalina.start Server startup in [32503] milliseconds
28-Jan-2025 10:35:18.007 INFO [Thread-3] org.apache.coyote.AbstractProtocol.pause Pausing ProtocolHandler ["http-nio-8085"]
28-Jan-2025 10:35:18.184 INFO [Thread-3] org.apache.catalina.core.StandardService.stopInternal Stopping service [Catalina]
28-Jan-2025 10:35:18.274 INFO [Thread-3] org.apache.coyote.AbstractProtocol.stop Stopping ProtocolHandler ["http-nio-8085"]
28-Jan-2025 10:35:18.280 INFO [Thread-3] org.apache.coyote.AbstractProtocol.destroy Destroying ProtocolHandler ["http-nio-8085"]
28-Jan-2025 15:55:18.450 INFO [main] org.apache.catalina.startup.VersionLoggerListener.log Server version name:   Apache Tomcat/10.1.26
28-Jan-2025 15:55:18.454 INFO [main] org.apache.catalina.startup.VersionLoggerListener.log Server built:          Jul 7 2024 21:02:13 UTC
28-Jan-2025 15:55:18.454 INFO [main] org.apache.catalina.startup.VersionLoggerListener.log Server version number: 10.1.26.0
28-Jan-2025 15:55:18.454 INFO [main] org.apache.catalina.startup.VersionLoggerListener.log OS Name:               Windows 11
28-Jan-2025 15:55:18.454 INFO [main] org.apache.catalina.startup.VersionLoggerListener.log OS Version:            10.0
28-Jan-2025 15:55:18.455 INFO [main] org.apache.catalina.startup.VersionLoggerListener.log Architecture:          amd64
28-Jan-2025 15:55:18.455 INFO [main] org.apache.catalina.startup.VersionLoggerListener.log Java Home:             C:\Program Files\Java\jdk-17
28-Jan-2025 15:55:18.455 INFO [main] org.apache.catalina.startup.VersionLoggerListener.log JVM Version:           17.0.11+7-LTS-207
28-Jan-2025 15:55:18.455 INFO [main] org.apache.catalina.startup.VersionLoggerListener.log JVM Vendor:            Oracle Corporation
28-Jan-2025 15:55:18.455 INFO [main] org.apache.catalina.startup.VersionLoggerListener.log CATALINA_BASE:         C:\Users\Erick.ferreira\Documents\workspace-jdk17\CitMobi2\src
28-Jan-2025 15:55:18.455 INFO [main] org.apache.catalina.startup.VersionLoggerListener.log CATALINA_HOME:         C:\Program Files\Apache Software Foundation\Tomcat 10.1
28-Jan-2025 15:55:18.469 INFO [main] org.apache.catalina.startup.VersionLoggerListener.log Command line argument: --add-opens=java.base/java.lang=ALL-UNNAMED
28-Jan-2025 15:55:18.469 INFO [main] org.apache.catalina.startup.VersionLoggerListener.log Command line argument: --add-opens=java.base/java.io=ALL-UNNAMED
28-Jan-2025 15:55:18.469 INFO [main] org.apache.catalina.startup.VersionLoggerListener.log Command line argument: --add-opens=java.base/java.util=ALL-UNNAMED
28-Jan-2025 15:55:18.469 INFO [main] org.apache.catalina.startup.VersionLoggerListener.log Command line argument: --add-opens=java.base/java.util.concurrent=ALL-UNNAMED
28-Jan-2025 15:55:18.469 INFO [main] org.apache.catalina.startup.VersionLoggerListener.log Command line argument: --add-opens=java.rmi/sun.rmi.transport=ALL-UNNAMED
28-Jan-2025 15:55:18.469 INFO [main] org.apache.catalina.startup.VersionLoggerListener.log Command line argument: -Dcatalina.home=C:\Program Files\Apache Software Foundation\Tomcat 10.1
28-Jan-2025 15:55:18.469 INFO [main] org.apache.catalina.startup.VersionLoggerListener.log Command line argument: -Dcatalina.base=C:\Users\Erick.ferreira\Documents\workspace-jdk17\CitMobi2\src
28-Jan-2025 15:55:18.469 INFO [main] org.apache.catalina.startup.VersionLoggerListener.log Command line argument: -Djava.io.tmpdir=C:\Users\Erick.ferreira\Documents\workspace-jdk17\CitMobi2\src\temp
28-Jan-2025 15:55:18.469 INFO [main] org.apache.catalina.startup.VersionLoggerListener.log Command line argument: -Djava.util.logging.config.file=C:\Users\Erick.ferreira\Documents\workspace-jdk17\CitMobi2\src\conf\logging.properties
28-Jan-2025 15:55:18.469 INFO [main] org.apache.catalina.startup.VersionLoggerListener.log Command line argument: -Djava.util.logging.manager=org.apache.juli.ClassLoaderLogManager
28-Jan-2025 15:55:18.469 INFO [main] org.apache.catalina.startup.VersionLoggerListener.log Command line argument: -javaagent:C:\Program Files\JetBrains\IntelliJ IDEA Community Edition 2024.1.4\lib\idea_rt.jar=49820:C:\Program Files\JetBrains\IntelliJ IDEA Community Edition 2024.1.4\bin
28-Jan-2025 15:55:18.469 INFO [main] org.apache.catalina.startup.VersionLoggerListener.log Command line argument: -Dfile.encoding=UTF-8
28-Jan-2025 15:55:18.476 INFO [main] org.apache.catalina.core.AprLifecycleListener.lifecycleEvent The Apache Tomcat Native library which allows using OpenSSL was not found on the java.library.path: [C:\Program Files\Java\jdk-17\bin;C:\Windows\Sun\Java\bin;C:\Windows\system32;C:\Windows;C:\Program Files\Common Files\Oracle\Java\javapath;C:\Python312\Scripts\;C:\Python312\;C:\Program Files (x86)\Common Files\Oracle\Java\javapath;C:\app\TDV.Admin\product\11.2.0\client_1\bin;C:\Windows\system32;C:\Windows;C:\Windows\System32\Wbem;C:\Windows\System32\WindowsPowerShell\v1.0\;C:\Windows\System32\OpenSSH\;C:\Program Files\Git\cmd;C:\Java_Essentials\apache-maven-3.6.3\bin;C:\Program Files\nodejs\;C:\ProgramData\chocolatey\bin;C:\Program Files\dotnet\;C:\Program Files\MySQL\MySQL Shell 8.0\bin\;C:\Users\Erick.ferreira\.console-ninja\.bin;C:\Users\Erick.ferreira\AppData\Local\Microsoft\WindowsApps;C:\Users\Erick.ferreira\AppData\Local\Programs\Microsoft VS Code\bin;C:\Program Files\Java\jdk1.8.0_291\bin;C:\Users\Erick.ferreira\AppData\Roaming\npm;C:\Program Files\JetBrains\IntelliJ IDEA Community Edition 2024.1.4\bin;;C:\Users\Erick.ferreira\.dotnet\tools;.]
28-Jan-2025 15:55:18.689 INFO [main] org.apache.coyote.AbstractProtocol.init Initializing ProtocolHandler ["http-nio-8085"]
28-Jan-2025 15:55:18.717 INFO [main] org.apache.catalina.startup.Catalina.load Server initialization in [452] milliseconds
28-Jan-2025 15:55:18.779 INFO [main] org.apache.catalina.core.StandardService.startInternal Starting service [Catalina]
28-Jan-2025 15:55:18.779 INFO [main] org.apache.catalina.core.StandardEngine.startInternal Starting Servlet engine: [Apache Tomcat/10.1.26]
28-Jan-2025 15:55:18.792 INFO [main] org.apache.catalina.startup.HostConfig.deployDescriptor Deploying deployment descriptor [C:\Users\Erick.ferreira\Documents\workspace-jdk17\CitMobi2\src\conf\Catalina\localhost\citMobi2.xml]
28-Jan-2025 15:55:26.636 INFO [main] org.apache.jasper.servlet.TldScanner.scanJars At least one JAR was scanned for TLDs yet contained no TLDs. Enable debug logging for this logger for a complete list of JARs that were scanned but no TLDs were found in them. Skipping unneeded JARs during scanning can improve startup time and JSP compilation time.
28-Jan-2025 15:55:48.389 INFO [main] org.apache.catalina.startup.HostConfig.deployDescriptor Deployment of deployment descriptor [C:\Users\Erick.ferreira\Documents\workspace-jdk17\CitMobi2\src\conf\Catalina\localhost\citMobi2.xml] has finished in [29.596] ms
28-Jan-2025 15:55:48.395 INFO [main] org.apache.coyote.AbstractProtocol.start Starting ProtocolHandler ["http-nio-8085"]
28-Jan-2025 15:55:48.441 INFO [main] org.apache.catalina.startup.Catalina.start Server startup in [29724] milliseconds
28-Jan-2025 15:57:57.655 INFO [Thread-3] org.apache.coyote.AbstractProtocol.pause Pausing ProtocolHandler ["http-nio-8085"]
28-Jan-2025 15:57:57.832 INFO [Thread-3] org.apache.catalina.core.StandardService.stopInternal Stopping service [Catalina]
28-Jan-2025 15:57:58.008 INFO [Thread-3] org.apache.coyote.AbstractProtocol.stop Stopping ProtocolHandler ["http-nio-8085"]
28-Jan-2025 15:57:58.024 INFO [Thread-3] org.apache.coyote.AbstractProtocol.destroy Destroying ProtocolHandler ["http-nio-8085"]
28-Jan-2025 16:00:08.651 INFO [main] org.apache.catalina.startup.VersionLoggerListener.log Server version name:   Apache Tomcat/10.1.26
28-Jan-2025 16:00:08.655 INFO [main] org.apache.catalina.startup.VersionLoggerListener.log Server built:          Jul 7 2024 21:02:13 UTC
28-Jan-2025 16:00:08.655 INFO [main] org.apache.catalina.startup.VersionLoggerListener.log Server version number: 10.1.26.0
28-Jan-2025 16:00:08.655 INFO [main] org.apache.catalina.startup.VersionLoggerListener.log OS Name:               Windows 11
28-Jan-2025 16:00:08.655 INFO [main] org.apache.catalina.startup.VersionLoggerListener.log OS Version:            10.0
28-Jan-2025 16:00:08.655 INFO [main] org.apache.catalina.startup.VersionLoggerListener.log Architecture:          amd64
28-Jan-2025 16:00:08.655 INFO [main] org.apache.catalina.startup.VersionLoggerListener.log Java Home:             C:\Program Files\Java\jdk-17
28-Jan-2025 16:00:08.655 INFO [main] org.apache.catalina.startup.VersionLoggerListener.log JVM Version:           17.0.11+7-LTS-207
28-Jan-2025 16:00:08.656 INFO [main] org.apache.catalina.startup.VersionLoggerListener.log JVM Vendor:            Oracle Corporation
28-Jan-2025 16:00:08.656 INFO [main] org.apache.catalina.startup.VersionLoggerListener.log CATALINA_BASE:         C:\Users\Erick.ferreira\Documents\workspace-jdk17\CitMobi2\src
28-Jan-2025 16:00:08.656 INFO [main] org.apache.catalina.startup.VersionLoggerListener.log CATALINA_HOME:         C:\Program Files\Apache Software Foundation\Tomcat 10.1
28-Jan-2025 16:00:08.731 INFO [main] org.apache.catalina.startup.VersionLoggerListener.log Command line argument: --add-opens=java.base/java.lang=ALL-UNNAMED
28-Jan-2025 16:00:08.731 INFO [main] org.apache.catalina.startup.VersionLoggerListener.log Command line argument: --add-opens=java.base/java.io=ALL-UNNAMED
28-Jan-2025 16:00:08.731 INFO [main] org.apache.catalina.startup.VersionLoggerListener.log Command line argument: --add-opens=java.base/java.util=ALL-UNNAMED
28-Jan-2025 16:00:08.731 INFO [main] org.apache.catalina.startup.VersionLoggerListener.log Command line argument: --add-opens=java.base/java.util.concurrent=ALL-UNNAMED
28-Jan-2025 16:00:08.731 INFO [main] org.apache.catalina.startup.VersionLoggerListener.log Command line argument: --add-opens=java.rmi/sun.rmi.transport=ALL-UNNAMED
28-Jan-2025 16:00:08.731 INFO [main] org.apache.catalina.startup.VersionLoggerListener.log Command line argument: -Dcatalina.home=C:\Program Files\Apache Software Foundation\Tomcat 10.1
28-Jan-2025 16:00:08.731 INFO [main] org.apache.catalina.startup.VersionLoggerListener.log Command line argument: -Dcatalina.base=C:\Users\Erick.ferreira\Documents\workspace-jdk17\CitMobi2\src
28-Jan-2025 16:00:08.731 INFO [main] org.apache.catalina.startup.VersionLoggerListener.log Command line argument: -Djava.io.tmpdir=C:\Users\Erick.ferreira\Documents\workspace-jdk17\CitMobi2\src\temp
28-Jan-2025 16:00:08.731 INFO [main] org.apache.catalina.startup.VersionLoggerListener.log Command line argument: -Djava.util.logging.config.file=C:\Users\Erick.ferreira\Documents\workspace-jdk17\CitMobi2\src\conf\logging.properties
28-Jan-2025 16:00:08.731 INFO [main] org.apache.catalina.startup.VersionLoggerListener.log Command line argument: -Djava.util.logging.manager=org.apache.juli.ClassLoaderLogManager
28-Jan-2025 16:00:08.731 INFO [main] org.apache.catalina.startup.VersionLoggerListener.log Command line argument: -javaagent:C:\Program Files\JetBrains\IntelliJ IDEA Community Edition 2024.1.4\lib\idea_rt.jar=49880:C:\Program Files\JetBrains\IntelliJ IDEA Community Edition 2024.1.4\bin
28-Jan-2025 16:00:08.732 INFO [main] org.apache.catalina.startup.VersionLoggerListener.log Command line argument: -Dfile.encoding=UTF-8
28-Jan-2025 16:00:08.739 INFO [main] org.apache.catalina.core.AprLifecycleListener.lifecycleEvent The Apache Tomcat Native library which allows using OpenSSL was not found on the java.library.path: [C:\Program Files\Java\jdk-17\bin;C:\Windows\Sun\Java\bin;C:\Windows\system32;C:\Windows;C:\Program Files\Common Files\Oracle\Java\javapath;C:\Python312\Scripts\;C:\Python312\;C:\Program Files (x86)\Common Files\Oracle\Java\javapath;C:\app\TDV.Admin\product\11.2.0\client_1\bin;C:\Windows\system32;C:\Windows;C:\Windows\System32\Wbem;C:\Windows\System32\WindowsPowerShell\v1.0\;C:\Windows\System32\OpenSSH\;C:\Program Files\Git\cmd;C:\Java_Essentials\apache-maven-3.6.3\bin;C:\Program Files\nodejs\;C:\ProgramData\chocolatey\bin;C:\Program Files\dotnet\;C:\Program Files\MySQL\MySQL Shell 8.0\bin\;C:\Users\Erick.ferreira\.console-ninja\.bin;C:\Users\Erick.ferreira\AppData\Local\Microsoft\WindowsApps;C:\Users\Erick.ferreira\AppData\Local\Programs\Microsoft VS Code\bin;C:\Program Files\Java\jdk1.8.0_291\bin;C:\Users\Erick.ferreira\AppData\Roaming\npm;C:\Program Files\JetBrains\IntelliJ IDEA Community Edition 2024.1.4\bin;;C:\Users\Erick.ferreira\.dotnet\tools;.]
28-Jan-2025 16:00:09.045 INFO [main] org.apache.coyote.AbstractProtocol.init Initializing ProtocolHandler ["http-nio-8085"]
28-Jan-2025 16:00:09.068 INFO [main] org.apache.catalina.startup.Catalina.load Server initialization in [623] milliseconds
28-Jan-2025 16:00:09.125 INFO [main] org.apache.catalina.core.StandardService.startInternal Starting service [Catalina]
28-Jan-2025 16:00:09.125 INFO [main] org.apache.catalina.core.StandardEngine.startInternal Starting Servlet engine: [Apache Tomcat/10.1.26]
28-Jan-2025 16:00:09.147 INFO [main] org.apache.catalina.startup.HostConfig.deployDescriptor Deploying deployment descriptor [C:\Users\Erick.ferreira\Documents\workspace-jdk17\CitMobi2\src\conf\Catalina\localhost\citMobi2.xml]
28-Jan-2025 16:00:16.553 INFO [main] org.apache.jasper.servlet.TldScanner.scanJars At least one JAR was scanned for TLDs yet contained no TLDs. Enable debug logging for this logger for a complete list of JARs that were scanned but no TLDs were found in them. Skipping unneeded JARs during scanning can improve startup time and JSP compilation time.
28-Jan-2025 16:00:38.434 INFO [main] org.apache.catalina.startup.HostConfig.deployDescriptor Deployment of deployment descriptor [C:\Users\Erick.ferreira\Documents\workspace-jdk17\CitMobi2\src\conf\Catalina\localhost\citMobi2.xml] has finished in [29.287] ms
28-Jan-2025 16:00:38.440 INFO [main] org.apache.coyote.AbstractProtocol.start Starting ProtocolHandler ["http-nio-8085"]
28-Jan-2025 16:00:38.490 INFO [main] org.apache.catalina.startup.Catalina.start Server startup in [29421] milliseconds
28-Jan-2025 16:03:07.646 INFO [Thread-3] org.apache.coyote.AbstractProtocol.pause Pausing ProtocolHandler ["http-nio-8085"]
28-Jan-2025 16:03:07.822 INFO [Thread-3] org.apache.catalina.core.StandardService.stopInternal Stopping service [Catalina]
28-Jan-2025 16:03:07.868 INFO [Thread-3] org.apache.coyote.AbstractProtocol.stop Stopping ProtocolHandler ["http-nio-8085"]
28-Jan-2025 16:03:07.881 INFO [Thread-3] org.apache.coyote.AbstractProtocol.destroy Destroying ProtocolHandler ["http-nio-8085"]
28-Jan-2025 16:03:09.882 INFO [main] org.apache.catalina.startup.VersionLoggerListener.log Server version name:   Apache Tomcat/10.1.26
28-Jan-2025 16:03:09.887 INFO [main] org.apache.catalina.startup.VersionLoggerListener.log Server built:          Jul 7 2024 21:02:13 UTC
28-Jan-2025 16:03:09.888 INFO [main] org.apache.catalina.startup.VersionLoggerListener.log Server version number: 10.1.26.0
28-Jan-2025 16:03:09.888 INFO [main] org.apache.catalina.startup.VersionLoggerListener.log OS Name:               Windows 11
28-Jan-2025 16:03:09.888 INFO [main] org.apache.catalina.startup.VersionLoggerListener.log OS Version:            10.0
28-Jan-2025 16:03:09.888 INFO [main] org.apache.catalina.startup.VersionLoggerListener.log Architecture:          amd64
28-Jan-2025 16:03:09.888 INFO [main] org.apache.catalina.startup.VersionLoggerListener.log Java Home:             C:\Program Files\Java\jdk-17
28-Jan-2025 16:03:09.888 INFO [main] org.apache.catalina.startup.VersionLoggerListener.log JVM Version:           17.0.11+7-LTS-207
28-Jan-2025 16:03:09.888 INFO [main] org.apache.catalina.startup.VersionLoggerListener.log JVM Vendor:            Oracle Corporation
28-Jan-2025 16:03:09.888 INFO [main] org.apache.catalina.startup.VersionLoggerListener.log CATALINA_BASE:         C:\Users\Erick.ferreira\Documents\workspace-jdk17\CitMobi2\src
28-Jan-2025 16:03:09.888 INFO [main] org.apache.catalina.startup.VersionLoggerListener.log CATALINA_HOME:         C:\Program Files\Apache Software Foundation\Tomcat 10.1
28-Jan-2025 16:03:09.909 INFO [main] org.apache.catalina.startup.VersionLoggerListener.log Command line argument: --add-opens=java.base/java.lang=ALL-UNNAMED
28-Jan-2025 16:03:09.909 INFO [main] org.apache.catalina.startup.VersionLoggerListener.log Command line argument: --add-opens=java.base/java.io=ALL-UNNAMED
28-Jan-2025 16:03:09.909 INFO [main] org.apache.catalina.startup.VersionLoggerListener.log Command line argument: --add-opens=java.base/java.util=ALL-UNNAMED
28-Jan-2025 16:03:09.909 INFO [main] org.apache.catalina.startup.VersionLoggerListener.log Command line argument: --add-opens=java.base/java.util.concurrent=ALL-UNNAMED
28-Jan-2025 16:03:09.909 INFO [main] org.apache.catalina.startup.VersionLoggerListener.log Command line argument: --add-opens=java.rmi/sun.rmi.transport=ALL-UNNAMED
28-Jan-2025 16:03:09.909 INFO [main] org.apache.catalina.startup.VersionLoggerListener.log Command line argument: -Dcatalina.home=C:\Program Files\Apache Software Foundation\Tomcat 10.1
28-Jan-2025 16:03:09.909 INFO [main] org.apache.catalina.startup.VersionLoggerListener.log Command line argument: -Dcatalina.base=C:\Users\Erick.ferreira\Documents\workspace-jdk17\CitMobi2\src
28-Jan-2025 16:03:09.910 INFO [main] org.apache.catalina.startup.VersionLoggerListener.log Command line argument: -Djava.io.tmpdir=C:\Users\Erick.ferreira\Documents\workspace-jdk17\CitMobi2\src\temp
28-Jan-2025 16:03:09.910 INFO [main] org.apache.catalina.startup.VersionLoggerListener.log Command line argument: -Djava.util.logging.config.file=C:\Users\Erick.ferreira\Documents\workspace-jdk17\CitMobi2\src\conf\logging.properties
28-Jan-2025 16:03:09.910 INFO [main] org.apache.catalina.startup.VersionLoggerListener.log Command line argument: -Djava.util.logging.manager=org.apache.juli.ClassLoaderLogManager
28-Jan-2025 16:03:09.910 INFO [main] org.apache.catalina.startup.VersionLoggerListener.log Command line argument: -javaagent:C:\Program Files\JetBrains\IntelliJ IDEA Community Edition 2024.1.4\lib\idea_rt.jar=49938:C:\Program Files\JetBrains\IntelliJ IDEA Community Edition 2024.1.4\bin
28-Jan-2025 16:03:09.910 INFO [main] org.apache.catalina.startup.VersionLoggerListener.log Command line argument: -Dfile.encoding=UTF-8
28-Jan-2025 16:03:09.921 INFO [main] org.apache.catalina.core.AprLifecycleListener.lifecycleEvent The Apache Tomcat Native library which allows using OpenSSL was not found on the java.library.path: [C:\Program Files\Java\jdk-17\bin;C:\Windows\Sun\Java\bin;C:\Windows\system32;C:\Windows;C:\Program Files\Common Files\Oracle\Java\javapath;C:\Python312\Scripts\;C:\Python312\;C:\Program Files (x86)\Common Files\Oracle\Java\javapath;C:\app\TDV.Admin\product\11.2.0\client_1\bin;C:\Windows\system32;C:\Windows;C:\Windows\System32\Wbem;C:\Windows\System32\WindowsPowerShell\v1.0\;C:\Windows\System32\OpenSSH\;C:\Program Files\Git\cmd;C:\Java_Essentials\apache-maven-3.6.3\bin;C:\Program Files\nodejs\;C:\ProgramData\chocolatey\bin;C:\Program Files\dotnet\;C:\Program Files\MySQL\MySQL Shell 8.0\bin\;C:\Users\Erick.ferreira\.console-ninja\.bin;C:\Users\Erick.ferreira\AppData\Local\Microsoft\WindowsApps;C:\Users\Erick.ferreira\AppData\Local\Programs\Microsoft VS Code\bin;C:\Program Files\Java\jdk1.8.0_291\bin;C:\Users\Erick.ferreira\AppData\Roaming\npm;C:\Program Files\JetBrains\IntelliJ IDEA Community Edition 2024.1.4\bin;;C:\Users\Erick.ferreira\.dotnet\tools;.]
28-Jan-2025 16:03:10.189 INFO [main] org.apache.coyote.AbstractProtocol.init Initializing ProtocolHandler ["http-nio-8085"]
28-Jan-2025 16:03:10.219 INFO [main] org.apache.catalina.startup.Catalina.load Server initialization in [581] milliseconds
28-Jan-2025 16:03:10.289 INFO [main] org.apache.catalina.core.StandardService.startInternal Starting service [Catalina]
28-Jan-2025 16:03:10.289 INFO [main] org.apache.catalina.core.StandardEngine.startInternal Starting Servlet engine: [Apache Tomcat/10.1.26]
28-Jan-2025 16:03:10.305 INFO [main] org.apache.catalina.startup.HostConfig.deployDescriptor Deploying deployment descriptor [C:\Users\Erick.ferreira\Documents\workspace-jdk17\CitMobi2\src\conf\Catalina\localhost\citMobi2.xml]
28-Jan-2025 16:03:17.628 INFO [main] org.apache.jasper.servlet.TldScanner.scanJars At least one JAR was scanned for TLDs yet contained no TLDs. Enable debug logging for this logger for a complete list of JARs that were scanned but no TLDs were found in them. Skipping unneeded JARs during scanning can improve startup time and JSP compilation time.
28-Jan-2025 16:03:40.489 INFO [main] org.apache.catalina.startup.HostConfig.deployDescriptor Deployment of deployment descriptor [C:\Users\Erick.ferreira\Documents\workspace-jdk17\CitMobi2\src\conf\Catalina\localhost\citMobi2.xml] has finished in [30.183] ms
28-Jan-2025 16:03:40.495 INFO [main] org.apache.coyote.AbstractProtocol.start Starting ProtocolHandler ["http-nio-8085"]
28-Jan-2025 16:03:40.538 INFO [main] org.apache.catalina.startup.Catalina.start Server startup in [30318] milliseconds
28-Jan-2025 16:06:25.003 INFO [Thread-3] org.apache.coyote.AbstractProtocol.pause Pausing ProtocolHandler ["http-nio-8085"]
28-Jan-2025 16:06:25.173 INFO [Thread-3] org.apache.catalina.core.StandardService.stopInternal Stopping service [Catalina]
28-Jan-2025 16:06:25.297 INFO [Thread-3] org.apache.coyote.AbstractProtocol.stop Stopping ProtocolHandler ["http-nio-8085"]
28-Jan-2025 16:06:25.301 INFO [Thread-3] org.apache.coyote.AbstractProtocol.destroy Destroying ProtocolHandler ["http-nio-8085"]
28-Jan-2025 16:06:29.000 INFO [main] org.apache.catalina.startup.VersionLoggerListener.log Server version name:   Apache Tomcat/10.1.26
28-Jan-2025 16:06:29.005 INFO [main] org.apache.catalina.startup.VersionLoggerListener.log Server built:          Jul 7 2024 21:02:13 UTC
28-Jan-2025 16:06:29.005 INFO [main] org.apache.catalina.startup.VersionLoggerListener.log Server version number: 10.1.26.0
28-Jan-2025 16:06:29.006 INFO [main] org.apache.catalina.startup.VersionLoggerListener.log OS Name:               Windows 11
28-Jan-2025 16:06:29.006 INFO [main] org.apache.catalina.startup.VersionLoggerListener.log OS Version:            10.0
28-Jan-2025 16:06:29.006 INFO [main] org.apache.catalina.startup.VersionLoggerListener.log Architecture:          amd64
28-Jan-2025 16:06:29.006 INFO [main] org.apache.catalina.startup.VersionLoggerListener.log Java Home:             C:\Program Files\Java\jdk-17
28-Jan-2025 16:06:29.006 INFO [main] org.apache.catalina.startup.VersionLoggerListener.log JVM Version:           17.0.11+7-LTS-207
28-Jan-2025 16:06:29.006 INFO [main] org.apache.catalina.startup.VersionLoggerListener.log JVM Vendor:            Oracle Corporation
28-Jan-2025 16:06:29.006 INFO [main] org.apache.catalina.startup.VersionLoggerListener.log CATALINA_BASE:         C:\Users\Erick.ferreira\Documents\workspace-jdk17\CitMobi2\src
28-Jan-2025 16:06:29.006 INFO [main] org.apache.catalina.startup.VersionLoggerListener.log CATALINA_HOME:         C:\Program Files\Apache Software Foundation\Tomcat 10.1
28-Jan-2025 16:06:29.026 INFO [main] org.apache.catalina.startup.VersionLoggerListener.log Command line argument: --add-opens=java.base/java.lang=ALL-UNNAMED
28-Jan-2025 16:06:29.026 INFO [main] org.apache.catalina.startup.VersionLoggerListener.log Command line argument: --add-opens=java.base/java.io=ALL-UNNAMED
28-Jan-2025 16:06:29.026 INFO [main] org.apache.catalina.startup.VersionLoggerListener.log Command line argument: --add-opens=java.base/java.util=ALL-UNNAMED
28-Jan-2025 16:06:29.027 INFO [main] org.apache.catalina.startup.VersionLoggerListener.log Command line argument: --add-opens=java.base/java.util.concurrent=ALL-UNNAMED
28-Jan-2025 16:06:29.027 INFO [main] org.apache.catalina.startup.VersionLoggerListener.log Command line argument: --add-opens=java.rmi/sun.rmi.transport=ALL-UNNAMED
28-Jan-2025 16:06:29.027 INFO [main] org.apache.catalina.startup.VersionLoggerListener.log Command line argument: -Dcatalina.home=C:\Program Files\Apache Software Foundation\Tomcat 10.1
28-Jan-2025 16:06:29.027 INFO [main] org.apache.catalina.startup.VersionLoggerListener.log Command line argument: -Dcatalina.base=C:\Users\Erick.ferreira\Documents\workspace-jdk17\CitMobi2\src
28-Jan-2025 16:06:29.027 INFO [main] org.apache.catalina.startup.VersionLoggerListener.log Command line argument: -Djava.io.tmpdir=C:\Users\Erick.ferreira\Documents\workspace-jdk17\CitMobi2\src\temp
28-Jan-2025 16:06:29.027 INFO [main] org.apache.catalina.startup.VersionLoggerListener.log Command line argument: -Djava.util.logging.config.file=C:\Users\Erick.ferreira\Documents\workspace-jdk17\CitMobi2\src\conf\logging.properties
28-Jan-2025 16:06:29.027 INFO [main] org.apache.catalina.startup.VersionLoggerListener.log Command line argument: -Djava.util.logging.manager=org.apache.juli.ClassLoaderLogManager
28-Jan-2025 16:06:29.027 INFO [main] org.apache.catalina.startup.VersionLoggerListener.log Command line argument: -javaagent:C:\Program Files\JetBrains\IntelliJ IDEA Community Edition 2024.1.4\lib\idea_rt.jar=50086:C:\Program Files\JetBrains\IntelliJ IDEA Community Edition 2024.1.4\bin
28-Jan-2025 16:06:29.028 INFO [main] org.apache.catalina.startup.VersionLoggerListener.log Command line argument: -Dfile.encoding=UTF-8
28-Jan-2025 16:06:29.037 INFO [main] org.apache.catalina.core.AprLifecycleListener.lifecycleEvent The Apache Tomcat Native library which allows using OpenSSL was not found on the java.library.path: [C:\Program Files\Java\jdk-17\bin;C:\Windows\Sun\Java\bin;C:\Windows\system32;C:\Windows;C:\Program Files\Common Files\Oracle\Java\javapath;C:\Python312\Scripts\;C:\Python312\;C:\Program Files (x86)\Common Files\Oracle\Java\javapath;C:\app\TDV.Admin\product\11.2.0\client_1\bin;C:\Windows\system32;C:\Windows;C:\Windows\System32\Wbem;C:\Windows\System32\WindowsPowerShell\v1.0\;C:\Windows\System32\OpenSSH\;C:\Program Files\Git\cmd;C:\Java_Essentials\apache-maven-3.6.3\bin;C:\Program Files\nodejs\;C:\ProgramData\chocolatey\bin;C:\Program Files\dotnet\;C:\Program Files\MySQL\MySQL Shell 8.0\bin\;C:\Users\Erick.ferreira\.console-ninja\.bin;C:\Users\Erick.ferreira\AppData\Local\Microsoft\WindowsApps;C:\Users\Erick.ferreira\AppData\Local\Programs\Microsoft VS Code\bin;C:\Program Files\Java\jdk1.8.0_291\bin;C:\Users\Erick.ferreira\AppData\Roaming\npm;C:\Program Files\JetBrains\IntelliJ IDEA Community Edition 2024.1.4\bin;;C:\Users\Erick.ferreira\.dotnet\tools;.]
28-Jan-2025 16:06:29.288 INFO [main] org.apache.coyote.AbstractProtocol.init Initializing ProtocolHandler ["http-nio-8085"]
28-Jan-2025 16:06:29.321 INFO [main] org.apache.catalina.startup.Catalina.load Server initialization in [518] milliseconds
28-Jan-2025 16:06:29.391 INFO [main] org.apache.catalina.core.StandardService.startInternal Starting service [Catalina]
28-Jan-2025 16:06:29.391 INFO [main] org.apache.catalina.core.StandardEngine.startInternal Starting Servlet engine: [Apache Tomcat/10.1.26]
28-Jan-2025 16:06:29.409 INFO [main] org.apache.catalina.startup.HostConfig.deployDescriptor Deploying deployment descriptor [C:\Users\Erick.ferreira\Documents\workspace-jdk17\CitMobi2\src\conf\Catalina\localhost\citMobi2.xml]
28-Jan-2025 16:06:36.120 INFO [main] org.apache.jasper.servlet.TldScanner.scanJars At least one JAR was scanned for TLDs yet contained no TLDs. Enable debug logging for this logger for a complete list of JARs that were scanned but no TLDs were found in them. Skipping unneeded JARs during scanning can improve startup time and JSP compilation time.
28-Jan-2025 16:06:56.748 INFO [main] org.apache.catalina.startup.HostConfig.deployDescriptor Deployment of deployment descriptor [C:\Users\Erick.ferreira\Documents\workspace-jdk17\CitMobi2\src\conf\Catalina\localhost\citMobi2.xml] has finished in [27.338] ms
28-Jan-2025 16:06:56.752 INFO [main] org.apache.coyote.AbstractProtocol.start Starting ProtocolHandler ["http-nio-8085"]
28-Jan-2025 16:06:56.797 INFO [main] org.apache.catalina.startup.Catalina.start Server startup in [27474] milliseconds
28-Jan-2025 16:12:22.117 INFO [Thread-3] org.apache.coyote.AbstractProtocol.pause Pausing ProtocolHandler ["http-nio-8085"]
28-Jan-2025 16:12:22.287 INFO [Thread-3] org.apache.catalina.core.StandardService.stopInternal Stopping service [Catalina]
28-Jan-2025 16:12:22.406 INFO [Thread-3] org.apache.coyote.AbstractProtocol.stop Stopping ProtocolHandler ["http-nio-8085"]
28-Jan-2025 16:12:22.419 INFO [Thread-3] org.apache.coyote.AbstractProtocol.destroy Destroying ProtocolHandler ["http-nio-8085"]
