17-Oct-2025 20:45:39.635 INFO [main] org.apache.catalina.startup.VersionLoggerListener.log Server version name:   Apache Tomcat/10.1.33
17-Oct-2025 20:45:39.639 INFO [main] org.apache.catalina.startup.VersionLoggerListener.log Server built:          Nov 7 2024 22:28:55 UTC
17-Oct-2025 20:45:39.639 INFO [main] org.apache.catalina.startup.VersionLoggerListener.log Server version number: 10.1.33.0
17-Oct-2025 20:45:39.639 INFO [main] org.apache.catalina.startup.VersionLoggerListener.log OS Name:               Windows 10
17-Oct-2025 20:45:39.639 INFO [main] org.apache.catalina.startup.VersionLoggerListener.log OS Version:            10.0
17-Oct-2025 20:45:39.639 INFO [main] org.apache.catalina.startup.VersionLoggerListener.log Architecture:          amd64
17-Oct-2025 20:45:39.639 INFO [main] org.apache.catalina.startup.VersionLoggerListener.log Java Home:             C:\Program Files\Java\jdk-17
17-Oct-2025 20:45:39.639 INFO [main] org.apache.catalina.startup.VersionLoggerListener.log JVM Version:           17.0.12+8-LTS-286
17-Oct-2025 20:45:39.639 INFO [main] org.apache.catalina.startup.VersionLoggerListener.log JVM Vendor:            Oracle Corporation
17-Oct-2025 20:45:39.639 INFO [main] org.apache.catalina.startup.VersionLoggerListener.log CATALINA_BASE:         C:\Users\Erick\Documents\1TCC CitMobi\Pratico\CitMobi2
17-Oct-2025 20:45:39.640 INFO [main] org.apache.catalina.startup.VersionLoggerListener.log CATALINA_HOME:         C:\Program Files\Apache Software Foundation\Tomcat 10.1
17-Oct-2025 20:45:39.648 INFO [main] org.apache.catalina.startup.VersionLoggerListener.log Command line argument: --add-opens=java.base/java.lang=ALL-UNNAMED
17-Oct-2025 20:45:39.648 INFO [main] org.apache.catalina.startup.VersionLoggerListener.log Command line argument: --add-opens=java.base/java.io=ALL-UNNAMED
17-Oct-2025 20:45:39.648 INFO [main] org.apache.catalina.startup.VersionLoggerListener.log Command line argument: --add-opens=java.base/java.util=ALL-UNNAMED
17-Oct-2025 20:45:39.648 INFO [main] org.apache.catalina.startup.VersionLoggerListener.log Command line argument: --add-opens=java.base/java.util.concurrent=ALL-UNNAMED
17-Oct-2025 20:45:39.648 INFO [main] org.apache.catalina.startup.VersionLoggerListener.log Command line argument: --add-opens=java.rmi/sun.rmi.transport=ALL-UNNAMED
17-Oct-2025 20:45:39.648 INFO [main] org.apache.catalina.startup.VersionLoggerListener.log Command line argument: -Dcatalina.home=C:\Program Files\Apache Software Foundation\Tomcat 10.1
17-Oct-2025 20:45:39.648 INFO [main] org.apache.catalina.startup.VersionLoggerListener.log Command line argument: -Dcatalina.base=C:\Users\Erick\Documents\1TCC CitMobi\Pratico\CitMobi2
17-Oct-2025 20:45:39.649 INFO [main] org.apache.catalina.startup.VersionLoggerListener.log Command line argument: -Djava.io.tmpdir=C:\Users\Erick\Documents\1TCC CitMobi\Pratico\CitMobi2\temp
17-Oct-2025 20:45:39.649 INFO [main] org.apache.catalina.startup.VersionLoggerListener.log Command line argument: -Djava.util.logging.config.file=C:\Users\Erick\Documents\1TCC CitMobi\Pratico\CitMobi2\conf\logging.properties
17-Oct-2025 20:45:39.649 INFO [main] org.apache.catalina.startup.VersionLoggerListener.log Command line argument: -Djava.util.logging.manager=org.apache.juli.ClassLoaderLogManager
17-Oct-2025 20:45:39.649 INFO [main] org.apache.catalina.startup.VersionLoggerListener.log Command line argument: -javaagent:C:\Program Files\JetBrains\IntelliJ IDEA Community Edition 2023.3.2\lib\idea_rt.jar=62561:C:\Program Files\JetBrains\IntelliJ IDEA Community Edition 2023.3.2\bin
17-Oct-2025 20:45:39.649 INFO [main] org.apache.catalina.startup.VersionLoggerListener.log Command line argument: -Dfile.encoding=UTF-8
17-Oct-2025 20:45:39.662 INFO [main] org.apache.catalina.core.AprLifecycleListener.lifecycleEvent The Apache Tomcat Native library which allows using OpenSSL was not found on the java.library.path: [C:\Program Files\Java\jdk-17\bin;C:\Windows\Sun\Java\bin;C:\Windows\system32;C:\Windows;C:\Program Files (x86)\NVIDIA Corporation\PhysX\Common;C:\Python312\Scripts\;C:\Python312\;C:\Program Files\Common Files\Oracle\Java\javapath;C:\Program Files (x86)\Common Files\Intel\Shared Libraries\redist\intel64\compiler;C:\Windows\system32;C:\Windows;C:\Windows\System32\Wbem;C:\Windows\System32\WindowsPowerShell\v1.0\;C:\Windows\System32\OpenSSH\;C:\ProgramData\chocolatey\bin;C:\Program Files\Git\cmd;C:\Program Files\nodejs\;C:\Program Files\Docker\Docker\resources\bin;C:\Program Files\Apache Software Foundation\Maven\bin;C:\Users\Erick\.console-ninja\.bin;C:\Users\Erick\AppData\Local\Microsoft\WindowsApps;C:\Users\Erick\AppData\Local\Programs\Hyper\resources\bin;C:\yt-dlp.exe;;C:\Users\Erick\AppData\Local\Programs\Microsoft VS Code\bin;C:\Program Files\JetBrains\IntelliJ IDEA Community Edition 2023.3.2\bin;;C:\Users\Erick\AppData\Roaming\npm;.]
17-Oct-2025 20:45:39.908 INFO [main] org.apache.coyote.AbstractProtocol.init Initializing ProtocolHandler ["http-nio-8080"]
17-Oct-2025 20:45:39.927 INFO [main] org.apache.catalina.startup.Catalina.load Server initialization in [491] milliseconds
17-Oct-2025 20:45:39.986 INFO [main] org.apache.catalina.core.StandardService.startInternal Starting service [Catalina]
17-Oct-2025 20:45:39.987 INFO [main] org.apache.catalina.core.StandardEngine.startInternal Starting Servlet engine: [Apache Tomcat/10.1.33]
17-Oct-2025 20:45:39.999 INFO [main] org.apache.catalina.startup.HostConfig.deployDescriptor Deploying deployment descriptor [C:\Users\Erick\Documents\1TCC CitMobi\Pratico\CitMobi2\conf\Catalina\localhost\citmobi.xml]
17-Oct-2025 20:45:44.672 INFO [main] org.apache.jasper.servlet.TldScanner.scanJars At least one JAR was scanned for TLDs yet contained no TLDs. Enable debug logging for this logger for a complete list of JARs that were scanned but no TLDs were found in them. Skipping unneeded JARs during scanning can improve startup time and JSP compilation time.
17-Oct-2025 20:45:57.740 INFO [main] org.apache.catalina.startup.HostConfig.deployDescriptor Deployment of deployment descriptor [C:\Users\Erick\Documents\1TCC CitMobi\Pratico\CitMobi2\conf\Catalina\localhost\citmobi.xml] has finished in [17.741] ms
17-Oct-2025 20:45:57.744 INFO [main] org.apache.coyote.AbstractProtocol.start Starting ProtocolHandler ["http-nio-8080"]
17-Oct-2025 20:45:57.756 INFO [main] org.apache.catalina.startup.Catalina.start Server startup in [17828] milliseconds
17-Oct-2025 20:48:47.372 INFO [Thread-3] org.apache.coyote.AbstractProtocol.pause Pausing ProtocolHandler ["http-nio-8080"]
17-Oct-2025 20:48:47.399 INFO [Thread-3] org.apache.catalina.core.StandardService.stopInternal Stopping service [Catalina]
17-Oct-2025 20:48:47.448 INFO [Thread-3] org.apache.coyote.AbstractProtocol.stop Stopping ProtocolHandler ["http-nio-8080"]
17-Oct-2025 20:48:47.454 INFO [Thread-3] org.apache.coyote.AbstractProtocol.destroy Destroying ProtocolHandler ["http-nio-8080"]
17-Oct-2025 20:51:01.015 INFO [main] org.apache.catalina.startup.VersionLoggerListener.log Server version name:   Apache Tomcat/10.1.33
17-Oct-2025 20:51:01.019 INFO [main] org.apache.catalina.startup.VersionLoggerListener.log Server built:          Nov 7 2024 22:28:55 UTC
17-Oct-2025 20:51:01.019 INFO [main] org.apache.catalina.startup.VersionLoggerListener.log Server version number: 10.1.33.0
17-Oct-2025 20:51:01.019 INFO [main] org.apache.catalina.startup.VersionLoggerListener.log OS Name:               Windows 10
17-Oct-2025 20:51:01.019 INFO [main] org.apache.catalina.startup.VersionLoggerListener.log OS Version:            10.0
17-Oct-2025 20:51:01.019 INFO [main] org.apache.catalina.startup.VersionLoggerListener.log Architecture:          amd64
17-Oct-2025 20:51:01.019 INFO [main] org.apache.catalina.startup.VersionLoggerListener.log Java Home:             C:\Program Files\Java\jdk-17
17-Oct-2025 20:51:01.019 INFO [main] org.apache.catalina.startup.VersionLoggerListener.log JVM Version:           17.0.12+8-LTS-286
17-Oct-2025 20:51:01.019 INFO [main] org.apache.catalina.startup.VersionLoggerListener.log JVM Vendor:            Oracle Corporation
17-Oct-2025 20:51:01.019 INFO [main] org.apache.catalina.startup.VersionLoggerListener.log CATALINA_BASE:         C:\Users\Erick\Documents\1TCC CitMobi\Pratico\CitMobi2
17-Oct-2025 20:51:01.019 INFO [main] org.apache.catalina.startup.VersionLoggerListener.log CATALINA_HOME:         C:\Program Files\Apache Software Foundation\Tomcat 10.1
17-Oct-2025 20:51:01.025 INFO [main] org.apache.catalina.startup.VersionLoggerListener.log Command line argument: --add-opens=java.base/java.lang=ALL-UNNAMED
17-Oct-2025 20:51:01.025 INFO [main] org.apache.catalina.startup.VersionLoggerListener.log Command line argument: --add-opens=java.base/java.io=ALL-UNNAMED
17-Oct-2025 20:51:01.026 INFO [main] org.apache.catalina.startup.VersionLoggerListener.log Command line argument: --add-opens=java.base/java.util=ALL-UNNAMED
17-Oct-2025 20:51:01.026 INFO [main] org.apache.catalina.startup.VersionLoggerListener.log Command line argument: --add-opens=java.base/java.util.concurrent=ALL-UNNAMED
17-Oct-2025 20:51:01.026 INFO [main] org.apache.catalina.startup.VersionLoggerListener.log Command line argument: --add-opens=java.rmi/sun.rmi.transport=ALL-UNNAMED
17-Oct-2025 20:51:01.026 INFO [main] org.apache.catalina.startup.VersionLoggerListener.log Command line argument: -Dcatalina.home=C:\Program Files\Apache Software Foundation\Tomcat 10.1
17-Oct-2025 20:51:01.026 INFO [main] org.apache.catalina.startup.VersionLoggerListener.log Command line argument: -Dcatalina.base=C:\Users\Erick\Documents\1TCC CitMobi\Pratico\CitMobi2
17-Oct-2025 20:51:01.026 INFO [main] org.apache.catalina.startup.VersionLoggerListener.log Command line argument: -Djava.io.tmpdir=C:\Users\Erick\Documents\1TCC CitMobi\Pratico\CitMobi2\temp
17-Oct-2025 20:51:01.026 INFO [main] org.apache.catalina.startup.VersionLoggerListener.log Command line argument: -Djava.util.logging.config.file=C:\Users\Erick\Documents\1TCC CitMobi\Pratico\CitMobi2\conf\logging.properties
17-Oct-2025 20:51:01.026 INFO [main] org.apache.catalina.startup.VersionLoggerListener.log Command line argument: -Djava.util.logging.manager=org.apache.juli.ClassLoaderLogManager
17-Oct-2025 20:51:01.026 INFO [main] org.apache.catalina.startup.VersionLoggerListener.log Command line argument: -javaagent:C:\Program Files\JetBrains\IntelliJ IDEA Community Edition 2023.3.2\lib\idea_rt.jar=63120:C:\Program Files\JetBrains\IntelliJ IDEA Community Edition 2023.3.2\bin
17-Oct-2025 20:51:01.026 INFO [main] org.apache.catalina.startup.VersionLoggerListener.log Command line argument: -Dfile.encoding=UTF-8
17-Oct-2025 20:51:01.034 INFO [main] org.apache.catalina.core.AprLifecycleListener.lifecycleEvent The Apache Tomcat Native library which allows using OpenSSL was not found on the java.library.path: [C:\Program Files\Java\jdk-17\bin;C:\Windows\Sun\Java\bin;C:\Windows\system32;C:\Windows;C:\Program Files (x86)\NVIDIA Corporation\PhysX\Common;C:\Python312\Scripts\;C:\Python312\;C:\Program Files\Common Files\Oracle\Java\javapath;C:\Program Files (x86)\Common Files\Intel\Shared Libraries\redist\intel64\compiler;C:\Windows\system32;C:\Windows;C:\Windows\System32\Wbem;C:\Windows\System32\WindowsPowerShell\v1.0\;C:\Windows\System32\OpenSSH\;C:\ProgramData\chocolatey\bin;C:\Program Files\Git\cmd;C:\Program Files\nodejs\;C:\Program Files\Docker\Docker\resources\bin;C:\Program Files\Apache Software Foundation\Maven\bin;C:\Users\Erick\.console-ninja\.bin;C:\Users\Erick\AppData\Local\Microsoft\WindowsApps;C:\Users\Erick\AppData\Local\Programs\Hyper\resources\bin;C:\yt-dlp.exe;;C:\Users\Erick\AppData\Local\Programs\Microsoft VS Code\bin;C:\Program Files\JetBrains\IntelliJ IDEA Community Edition 2023.3.2\bin;;C:\Users\Erick\AppData\Roaming\npm;.]
17-Oct-2025 20:51:01.232 INFO [main] org.apache.coyote.AbstractProtocol.init Initializing ProtocolHandler ["http-nio-8080"]
17-Oct-2025 20:51:01.247 INFO [main] org.apache.catalina.startup.Catalina.load Server initialization in [380] milliseconds
17-Oct-2025 20:51:01.280 INFO [main] org.apache.catalina.core.StandardService.startInternal Starting service [Catalina]
17-Oct-2025 20:51:01.280 INFO [main] org.apache.catalina.core.StandardEngine.startInternal Starting Servlet engine: [Apache Tomcat/10.1.33]
17-Oct-2025 20:51:01.289 INFO [main] org.apache.catalina.startup.HostConfig.deployDescriptor Deploying deployment descriptor [C:\Users\Erick\Documents\1TCC CitMobi\Pratico\CitMobi2\conf\Catalina\localhost\citmobi.xml]
17-Oct-2025 20:51:05.214 INFO [main] org.apache.jasper.servlet.TldScanner.scanJars At least one JAR was scanned for TLDs yet contained no TLDs. Enable debug logging for this logger for a complete list of JARs that were scanned but no TLDs were found in them. Skipping unneeded JARs during scanning can improve startup time and JSP compilation time.
17-Oct-2025 20:51:10.825 SEVERE [main] org.apache.catalina.startup.HostConfig.deployDescriptor Error deploying deployment descriptor [C:\Users\Erick\Documents\1TCC CitMobi\Pratico\CitMobi2\conf\Catalina\localhost\citmobi.xml]
	java.lang.IllegalStateException: Error starting child
		at org.apache.catalina.core.ContainerBase.addChildInternal(ContainerBase.java:602)
		at org.apache.catalina.core.ContainerBase.addChild(ContainerBase.java:571)
		at org.apache.catalina.core.StandardHost.addChild(StandardHost.java:654)
		at org.apache.catalina.startup.HostConfig.deployDescriptor(HostConfig.java:635)
		at org.apache.catalina.startup.HostConfig$DeployDescriptor.run(HostConfig.java:1889)
		at java.base/java.util.concurrent.Executors$RunnableAdapter.call(Executors.java:539)
		at java.base/java.util.concurrent.FutureTask.run(FutureTask.java:264)
		at org.apache.tomcat.util.threads.InlineExecutorService.execute(InlineExecutorService.java:75)
		at java.base/java.util.concurrent.AbstractExecutorService.submit(AbstractExecutorService.java:123)
		at org.apache.catalina.startup.HostConfig.deployDescriptors(HostConfig.java:530)
		at org.apache.catalina.startup.HostConfig.deployApps(HostConfig.java:421)
		at org.apache.catalina.startup.HostConfig.start(HostConfig.java:1629)
		at org.apache.catalina.startup.HostConfig.lifecycleEvent(HostConfig.java:303)
		at org.apache.catalina.util.LifecycleBase.fireLifecycleEvent(LifecycleBase.java:109)
		at org.apache.catalina.util.LifecycleBase.setStateInternal(LifecycleBase.java:389)
		at org.apache.catalina.util.LifecycleBase.setState(LifecycleBase.java:336)
		at org.apache.catalina.core.ContainerBase.startInternal(ContainerBase.java:776)
		at org.apache.catalina.core.StandardHost.startInternal(StandardHost.java:772)
		at org.apache.catalina.util.LifecycleBase.start(LifecycleBase.java:164)
		at org.apache.catalina.core.ContainerBase$StartChild.call(ContainerBase.java:1203)
		at org.apache.catalina.core.ContainerBase$StartChild.call(ContainerBase.java:1193)
		at java.base/java.util.concurrent.FutureTask.run(FutureTask.java:264)
		at org.apache.tomcat.util.threads.InlineExecutorService.execute(InlineExecutorService.java:75)
		at java.base/java.util.concurrent.AbstractExecutorService.submit(AbstractExecutorService.java:145)
		at org.apache.catalina.core.ContainerBase.startInternal(ContainerBase.java:749)
		at org.apache.catalina.core.StandardEngine.startInternal(StandardEngine.java:203)
		at org.apache.catalina.util.LifecycleBase.start(LifecycleBase.java:164)
		at org.apache.catalina.core.StandardService.startInternal(StandardService.java:415)
		at org.apache.catalina.util.LifecycleBase.start(LifecycleBase.java:164)
		at org.apache.catalina.core.StandardServer.startInternal(StandardServer.java:870)
		at org.apache.catalina.util.LifecycleBase.start(LifecycleBase.java:164)
		at org.apache.catalina.startup.Catalina.start(Catalina.java:757)
		at java.base/jdk.internal.reflect.NativeMethodAccessorImpl.invoke0(Native Method)
		at java.base/jdk.internal.reflect.NativeMethodAccessorImpl.invoke(NativeMethodAccessorImpl.java:77)
		at java.base/jdk.internal.reflect.DelegatingMethodAccessorImpl.invoke(DelegatingMethodAccessorImpl.java:43)
		at java.base/java.lang.reflect.Method.invoke(Method.java:568)
		at org.apache.catalina.startup.Bootstrap.start(Bootstrap.java:345)
		at org.apache.catalina.startup.Bootstrap.main(Bootstrap.java:473)
	Caused by: org.apache.catalina.LifecycleException: Failed to start component [StandardEngine[Catalina].StandardHost[localhost].StandardContext[/citmobi]]
		at org.apache.catalina.util.LifecycleBase.handleSubClassException(LifecycleBase.java:406)
		at org.apache.catalina.util.LifecycleBase.start(LifecycleBase.java:179)
		at org.apache.catalina.core.ContainerBase.addChildInternal(ContainerBase.java:599)
		... 37 more
	Caused by: org.springframework.context.ApplicationContextException: Unable to start web server
		at org.springframework.boot.web.servlet.context.ServletWebServerApplicationContext.onRefresh(ServletWebServerApplicationContext.java:165)
		at org.springframework.context.support.AbstractApplicationContext.refresh(AbstractApplicationContext.java:619)
		at org.springframework.boot.web.servlet.context.ServletWebServerApplicationContext.refresh(ServletWebServerApplicationContext.java:146)
		at org.springframework.boot.SpringApplication.refresh(SpringApplication.java:754)
		at org.springframework.boot.SpringApplication.refreshContext(SpringApplication.java:456)
		at org.springframework.boot.SpringApplication.run(SpringApplication.java:335)
		at org.springframework.boot.web.servlet.support.SpringBootServletInitializer.run(SpringBootServletInitializer.java:174)
		at org.springframework.boot.web.servlet.support.SpringBootServletInitializer.createRootApplicationContext(SpringBootServletInitializer.java:154)
		at org.springframework.boot.web.servlet.support.SpringBootServletInitializer.onStartup(SpringBootServletInitializer.java:96)
		at org.springframework.web.SpringServletContainerInitializer.onStartup(SpringServletContainerInitializer.java:171)
		at org.apache.catalina.core.StandardContext.startInternal(StandardContext.java:4426)
		at org.apache.catalina.util.LifecycleBase.start(LifecycleBase.java:164)
		... 38 more
	Caused by: org.springframework.beans.factory.UnsatisfiedDependencyException: Error creating bean with name 'securityFilter' defined in file [C:\Users\Erick\Documents\1TCC CitMobi\Pratico\CitMobi2\target\classes\neo\com\br\CitMobi\config\SecurityFilter.class]: Unsatisfied dependency expressed through constructor parameter 1: Error creating bean with name 'usuarioRepository' defined in neo.com.br.CitMobi.repository.UsuarioRepository defined in @EnableJpaRepositories declared on JpaRepositoriesRegistrar.EnableJpaRepositoriesConfiguration: Cannot resolve reference to bean 'jpaSharedEM_entityManagerFactory' while setting bean property 'entityManager'
		at org.springframework.beans.factory.support.ConstructorResolver.createArgumentArray(ConstructorResolver.java:795)
		at org.springframework.beans.factory.support.ConstructorResolver.autowireConstructor(ConstructorResolver.java:237)
		at org.springframework.beans.factory.support.AbstractAutowireCapableBeanFactory.autowireConstructor(AbstractAutowireCapableBeanFactory.java:1375)
		at org.springframework.beans.factory.support.AbstractAutowireCapableBeanFactory.createBeanInstance(AbstractAutowireCapableBeanFactory.java:1212)
		at org.springframework.beans.factory.support.AbstractAutowireCapableBeanFactory.doCreateBean(AbstractAutowireCapableBeanFactory.java:562)
		at org.springframework.beans.factory.support.AbstractAutowireCapableBeanFactory.createBean(AbstractAutowireCapableBeanFactory.java:522)
		at org.springframework.beans.factory.support.AbstractBeanFactory.lambda$doGetBean$0(AbstractBeanFactory.java:337)
		at org.springframework.beans.factory.support.DefaultSingletonBeanRegistry.getSingleton(DefaultSingletonBeanRegistry.java:234)
		at org.springframework.beans.factory.support.AbstractBeanFactory.doGetBean(AbstractBeanFactory.java:335)
		at org.springframework.beans.factory.support.AbstractBeanFactory.getBean(AbstractBeanFactory.java:205)
		at org.springframework.boot.web.servlet.ServletContextInitializerBeans.getOrderedBeansOfType(ServletContextInitializerBeans.java:211)
		at org.springframework.boot.web.servlet.ServletContextInitializerBeans.addAsRegistrationBean(ServletContextInitializerBeans.java:174)
		at org.springframework.boot.web.servlet.ServletContextInitializerBeans.addAsRegistrationBean(ServletContextInitializerBeans.java:169)
		at org.springframework.boot.web.servlet.ServletContextInitializerBeans.addAdaptableBeans(ServletContextInitializerBeans.java:154)
		at org.springframework.boot.web.servlet.ServletContextInitializerBeans.<init>(ServletContextInitializerBeans.java:87)
		at org.springframework.boot.web.servlet.context.ServletWebServerApplicationContext.getServletContextInitializerBeans(ServletWebServerApplicationContext.java:266)
		at org.springframework.boot.web.servlet.context.ServletWebServerApplicationContext.selfInitialize(ServletWebServerApplicationContext.java:240)
		at org.springframework.boot.web.servlet.context.ServletWebServerApplicationContext.createWebServer(ServletWebServerApplicationContext.java:197)
		at org.springframework.boot.web.servlet.context.ServletWebServerApplicationContext.onRefresh(ServletWebServerApplicationContext.java:162)
		... 49 more
	Caused by: org.springframework.beans.factory.BeanCreationException: Error creating bean with name 'usuarioRepository' defined in neo.com.br.CitMobi.repository.UsuarioRepository defined in @EnableJpaRepositories declared on JpaRepositoriesRegistrar.EnableJpaRepositoriesConfiguration: Cannot resolve reference to bean 'jpaSharedEM_entityManagerFactory' while setting bean property 'entityManager'
		at org.springframework.beans.factory.support.BeanDefinitionValueResolver.resolveReference(BeanDefinitionValueResolver.java:377)
		at org.springframework.beans.factory.support.BeanDefinitionValueResolver.resolveValueIfNecessary(BeanDefinitionValueResolver.java:135)
		at org.springframework.beans.factory.support.AbstractAutowireCapableBeanFactory.applyPropertyValues(AbstractAutowireCapableBeanFactory.java:1705)
		at org.springframework.beans.factory.support.AbstractAutowireCapableBeanFactory.populateBean(AbstractAutowireCapableBeanFactory.java:1454)
		at org.springframework.beans.factory.support.AbstractAutowireCapableBeanFactory.doCreateBean(AbstractAutowireCapableBeanFactory.java:599)
		at org.springframework.beans.factory.support.AbstractAutowireCapableBeanFactory.createBean(AbstractAutowireCapableBeanFactory.java:522)
		at org.springframework.beans.factory.support.AbstractBeanFactory.lambda$doGetBean$0(AbstractBeanFactory.java:337)
		at org.springframework.beans.factory.support.DefaultSingletonBeanRegistry.getSingleton(DefaultSingletonBeanRegistry.java:234)
		at org.springframework.beans.factory.support.AbstractBeanFactory.doGetBean(AbstractBeanFactory.java:335)
		at org.springframework.beans.factory.support.AbstractBeanFactory.getBean(AbstractBeanFactory.java:200)
		at org.springframework.beans.factory.config.DependencyDescriptor.resolveCandidate(DependencyDescriptor.java:254)
		at org.springframework.beans.factory.support.DefaultListableBeanFactory.doResolveDependency(DefaultListableBeanFactory.java:1443)
		at org.springframework.beans.factory.support.DefaultListableBeanFactory.resolveDependency(DefaultListableBeanFactory.java:1353)
		at org.springframework.beans.factory.support.ConstructorResolver.resolveAutowiredArgument(ConstructorResolver.java:904)
		at org.springframework.beans.factory.support.ConstructorResolver.createArgumentArray(ConstructorResolver.java:782)
		... 67 more
	Caused by: org.springframework.beans.factory.BeanCreationException: Error creating bean with name 'jpaSharedEM_entityManagerFactory': Cannot resolve reference to bean 'entityManagerFactory' while setting constructor argument
		at org.springframework.beans.factory.support.BeanDefinitionValueResolver.resolveReference(BeanDefinitionValueResolver.java:377)
		at org.springframework.beans.factory.support.BeanDefinitionValueResolver.resolveValueIfNecessary(BeanDefinitionValueResolver.java:135)
		at org.springframework.beans.factory.support.ConstructorResolver.resolveConstructorArguments(ConstructorResolver.java:682)
		at org.springframework.beans.factory.support.ConstructorResolver.instantiateUsingFactoryMethod(ConstructorResolver.java:509)
		at org.springframework.beans.factory.support.AbstractAutowireCapableBeanFactory.instantiateUsingFactoryMethod(AbstractAutowireCapableBeanFactory.java:1355)
		at org.springframework.beans.factory.support.AbstractAutowireCapableBeanFactory.createBeanInstance(AbstractAutowireCapableBeanFactory.java:1185)
		at org.springframework.beans.factory.support.AbstractAutowireCapableBeanFactory.doCreateBean(AbstractAutowireCapableBeanFactory.java:562)
		at org.springframework.beans.factory.support.AbstractAutowireCapableBeanFactory.createBean(AbstractAutowireCapableBeanFactory.java:522)
		at org.springframework.beans.factory.support.AbstractBeanFactory.lambda$doGetBean$0(AbstractBeanFactory.java:337)
		at org.springframework.beans.factory.support.DefaultSingletonBeanRegistry.getSingleton(DefaultSingletonBeanRegistry.java:234)
		at org.springframework.beans.factory.support.AbstractBeanFactory.doGetBean(AbstractBeanFactory.java:335)
		at org.springframework.beans.factory.support.AbstractBeanFactory.getBean(AbstractBeanFactory.java:200)
		at org.springframework.beans.factory.support.BeanDefinitionValueResolver.resolveReference(BeanDefinitionValueResolver.java:365)
		... 81 more
	Caused by: org.springframework.beans.factory.BeanCreationException: Error creating bean with name 'flywayInitializer' defined in class path resource [org/springframework/boot/autoconfigure/flyway/FlywayAutoConfiguration$FlywayConfiguration.class]: Validate failed: Migrations have failed validation
Migration checksum mismatch for migration version 3
-> Applied to database : -773447462
-> Resolved locally    : 1684627160
Either revert the changes to the migration, or run repair to update the schema history.
Need more flexibility with validation rules? Learn more: https://rd.gt/3AbJUZE
		at org.springframework.beans.factory.support.AbstractAutowireCapableBeanFactory.initializeBean(AbstractAutowireCapableBeanFactory.java:1806)
		at org.springframework.beans.factory.support.AbstractAutowireCapableBeanFactory.doCreateBean(AbstractAutowireCapableBeanFactory.java:600)
		at org.springframework.beans.factory.support.AbstractAutowireCapableBeanFactory.createBean(AbstractAutowireCapableBeanFactory.java:522)
		at org.springframework.beans.factory.support.AbstractBeanFactory.lambda$doGetBean$0(AbstractBeanFactory.java:337)
		at org.springframework.beans.factory.support.DefaultSingletonBeanRegistry.getSingleton(DefaultSingletonBeanRegistry.java:234)
		at org.springframework.beans.factory.support.AbstractBeanFactory.doGetBean(AbstractBeanFactory.java:335)
		at org.springframework.beans.factory.support.AbstractBeanFactory.getBean(AbstractBeanFactory.java:200)
		at org.springframework.beans.factory.support.AbstractBeanFactory.doGetBean(AbstractBeanFactory.java:313)
		at org.springframework.beans.factory.support.AbstractBeanFactory.getBean(AbstractBeanFactory.java:200)
		at org.springframework.beans.factory.support.BeanDefinitionValueResolver.resolveReference(BeanDefinitionValueResolver.java:365)
		... 93 more
	Caused by: org.flywaydb.core.api.exception.FlywayValidateException: Validate failed: Migrations have failed validation
Migration checksum mismatch for migration version 3
-> Applied to database : -773447462
-> Resolved locally    : 1684627160
Either revert the changes to the migration, or run repair to update the schema history.
Need more flexibility with validation rules? Learn more: https://rd.gt/3AbJUZE
		at org.flywaydb.core.Flyway.lambda$migrate$0(Flyway.java:160)
		at org.flywaydb.core.FlywayExecutor.execute(FlywayExecutor.java:205)
		at org.flywaydb.core.Flyway.migrate(Flyway.java:147)
		at org.springframework.boot.autoconfigure.flyway.FlywayMigrationInitializer.afterPropertiesSet(FlywayMigrationInitializer.java:66)
		at org.springframework.beans.factory.support.AbstractAutowireCapableBeanFactory.invokeInitMethods(AbstractAutowireCapableBeanFactory.java:1853)
		at org.springframework.beans.factory.support.AbstractAutowireCapableBeanFactory.initializeBean(AbstractAutowireCapableBeanFactory.java:1802)
		... 102 more
17-Oct-2025 20:51:10.829 INFO [main] org.apache.catalina.startup.HostConfig.deployDescriptor Deployment of deployment descriptor [C:\Users\Erick\Documents\1TCC CitMobi\Pratico\CitMobi2\conf\Catalina\localhost\citmobi.xml] has finished in [9.540] ms
17-Oct-2025 20:51:10.832 INFO [main] org.apache.coyote.AbstractProtocol.start Starting ProtocolHandler ["http-nio-8080"]
17-Oct-2025 20:51:10.843 INFO [main] org.apache.catalina.startup.Catalina.start Server startup in [9596] milliseconds
17-Oct-2025 20:56:35.129 INFO [Thread-3] org.apache.coyote.AbstractProtocol.pause Pausing ProtocolHandler ["http-nio-8080"]
17-Oct-2025 20:56:35.157 INFO [Thread-3] org.apache.catalina.core.StandardService.stopInternal Stopping service [Catalina]
17-Oct-2025 20:56:35.158 INFO [Thread-3] org.apache.coyote.AbstractProtocol.stop Stopping ProtocolHandler ["http-nio-8080"]
17-Oct-2025 20:56:35.162 INFO [Thread-3] org.apache.coyote.AbstractProtocol.destroy Destroying ProtocolHandler ["http-nio-8080"]
17-Oct-2025 20:56:35.165 WARNING [Thread-3] org.apache.catalina.loader.WebappClassLoaderBase.clearReferencesJdbc The web application [citmobi] registered the JDBC driver [org.postgresql.Driver] but failed to unregister it when the web application was stopped. To prevent a memory leak, the JDBC Driver has been forcibly unregistered.
17-Oct-2025 20:56:37.319 INFO [main] org.apache.catalina.startup.VersionLoggerListener.log Server version name:   Apache Tomcat/10.1.33
17-Oct-2025 20:56:37.323 INFO [main] org.apache.catalina.startup.VersionLoggerListener.log Server built:          Nov 7 2024 22:28:55 UTC
17-Oct-2025 20:56:37.323 INFO [main] org.apache.catalina.startup.VersionLoggerListener.log Server version number: 10.1.33.0
17-Oct-2025 20:56:37.323 INFO [main] org.apache.catalina.startup.VersionLoggerListener.log OS Name:               Windows 10
17-Oct-2025 20:56:37.324 INFO [main] org.apache.catalina.startup.VersionLoggerListener.log OS Version:            10.0
17-Oct-2025 20:56:37.324 INFO [main] org.apache.catalina.startup.VersionLoggerListener.log Architecture:          amd64
17-Oct-2025 20:56:37.324 INFO [main] org.apache.catalina.startup.VersionLoggerListener.log Java Home:             C:\Program Files\Java\jdk-17
17-Oct-2025 20:56:37.324 INFO [main] org.apache.catalina.startup.VersionLoggerListener.log JVM Version:           17.0.12+8-LTS-286
17-Oct-2025 20:56:37.324 INFO [main] org.apache.catalina.startup.VersionLoggerListener.log JVM Vendor:            Oracle Corporation
17-Oct-2025 20:56:37.325 INFO [main] org.apache.catalina.startup.VersionLoggerListener.log CATALINA_BASE:         C:\Users\Erick\Documents\1TCC CitMobi\Pratico\CitMobi2
17-Oct-2025 20:56:37.325 INFO [main] org.apache.catalina.startup.VersionLoggerListener.log CATALINA_HOME:         C:\Program Files\Apache Software Foundation\Tomcat 10.1
17-Oct-2025 20:56:37.334 INFO [main] org.apache.catalina.startup.VersionLoggerListener.log Command line argument: --add-opens=java.base/java.lang=ALL-UNNAMED
17-Oct-2025 20:56:37.334 INFO [main] org.apache.catalina.startup.VersionLoggerListener.log Command line argument: --add-opens=java.base/java.io=ALL-UNNAMED
17-Oct-2025 20:56:37.334 INFO [main] org.apache.catalina.startup.VersionLoggerListener.log Command line argument: --add-opens=java.base/java.util=ALL-UNNAMED
17-Oct-2025 20:56:37.334 INFO [main] org.apache.catalina.startup.VersionLoggerListener.log Command line argument: --add-opens=java.base/java.util.concurrent=ALL-UNNAMED
17-Oct-2025 20:56:37.334 INFO [main] org.apache.catalina.startup.VersionLoggerListener.log Command line argument: --add-opens=java.rmi/sun.rmi.transport=ALL-UNNAMED
17-Oct-2025 20:56:37.334 INFO [main] org.apache.catalina.startup.VersionLoggerListener.log Command line argument: -Dcatalina.home=C:\Program Files\Apache Software Foundation\Tomcat 10.1
17-Oct-2025 20:56:37.334 INFO [main] org.apache.catalina.startup.VersionLoggerListener.log Command line argument: -Dcatalina.base=C:\Users\Erick\Documents\1TCC CitMobi\Pratico\CitMobi2
17-Oct-2025 20:56:37.334 INFO [main] org.apache.catalina.startup.VersionLoggerListener.log Command line argument: -Djava.io.tmpdir=C:\Users\Erick\Documents\1TCC CitMobi\Pratico\CitMobi2\temp
17-Oct-2025 20:56:37.334 INFO [main] org.apache.catalina.startup.VersionLoggerListener.log Command line argument: -Djava.util.logging.config.file=C:\Users\Erick\Documents\1TCC CitMobi\Pratico\CitMobi2\conf\logging.properties
17-Oct-2025 20:56:37.334 INFO [main] org.apache.catalina.startup.VersionLoggerListener.log Command line argument: -Djava.util.logging.manager=org.apache.juli.ClassLoaderLogManager
17-Oct-2025 20:56:37.334 INFO [main] org.apache.catalina.startup.VersionLoggerListener.log Command line argument: -javaagent:C:\Program Files\JetBrains\IntelliJ IDEA Community Edition 2023.3.2\lib\idea_rt.jar=63858:C:\Program Files\JetBrains\IntelliJ IDEA Community Edition 2023.3.2\bin
17-Oct-2025 20:56:37.335 INFO [main] org.apache.catalina.startup.VersionLoggerListener.log Command line argument: -Dfile.encoding=UTF-8
17-Oct-2025 20:56:37.348 INFO [main] org.apache.catalina.core.AprLifecycleListener.lifecycleEvent The Apache Tomcat Native library which allows using OpenSSL was not found on the java.library.path: [C:\Program Files\Java\jdk-17\bin;C:\Windows\Sun\Java\bin;C:\Windows\system32;C:\Windows;C:\Program Files (x86)\NVIDIA Corporation\PhysX\Common;C:\Python312\Scripts\;C:\Python312\;C:\Program Files\Common Files\Oracle\Java\javapath;C:\Program Files (x86)\Common Files\Intel\Shared Libraries\redist\intel64\compiler;C:\Windows\system32;C:\Windows;C:\Windows\System32\Wbem;C:\Windows\System32\WindowsPowerShell\v1.0\;C:\Windows\System32\OpenSSH\;C:\ProgramData\chocolatey\bin;C:\Program Files\Git\cmd;C:\Program Files\nodejs\;C:\Program Files\Docker\Docker\resources\bin;C:\Program Files\Apache Software Foundation\Maven\bin;C:\Users\Erick\.console-ninja\.bin;C:\Users\Erick\AppData\Local\Microsoft\WindowsApps;C:\Users\Erick\AppData\Local\Programs\Hyper\resources\bin;C:\yt-dlp.exe;;C:\Users\Erick\AppData\Local\Programs\Microsoft VS Code\bin;C:\Program Files\JetBrains\IntelliJ IDEA Community Edition 2023.3.2\bin;;C:\Users\Erick\AppData\Roaming\npm;.]
17-Oct-2025 20:56:37.553 INFO [main] org.apache.coyote.AbstractProtocol.init Initializing ProtocolHandler ["http-nio-8080"]
17-Oct-2025 20:56:37.576 INFO [main] org.apache.catalina.startup.Catalina.load Server initialization in [409] milliseconds
17-Oct-2025 20:56:37.621 INFO [main] org.apache.catalina.core.StandardService.startInternal Starting service [Catalina]
17-Oct-2025 20:56:37.622 INFO [main] org.apache.catalina.core.StandardEngine.startInternal Starting Servlet engine: [Apache Tomcat/10.1.33]
17-Oct-2025 20:56:37.635 INFO [main] org.apache.catalina.startup.HostConfig.deployDescriptor Deploying deployment descriptor [C:\Users\Erick\Documents\1TCC CitMobi\Pratico\CitMobi2\conf\Catalina\localhost\citmobi.xml]
17-Oct-2025 20:56:41.909 INFO [main] org.apache.jasper.servlet.TldScanner.scanJars At least one JAR was scanned for TLDs yet contained no TLDs. Enable debug logging for this logger for a complete list of JARs that were scanned but no TLDs were found in them. Skipping unneeded JARs during scanning can improve startup time and JSP compilation time.
17-Oct-2025 20:56:54.374 INFO [main] org.apache.catalina.startup.HostConfig.deployDescriptor Deployment of deployment descriptor [C:\Users\Erick\Documents\1TCC CitMobi\Pratico\CitMobi2\conf\Catalina\localhost\citmobi.xml] has finished in [16.739] ms
17-Oct-2025 20:56:54.377 INFO [main] org.apache.coyote.AbstractProtocol.start Starting ProtocolHandler ["http-nio-8080"]
17-Oct-2025 20:56:54.388 INFO [main] org.apache.catalina.startup.Catalina.start Server startup in [16812] milliseconds
17-Oct-2025 21:05:25.163 INFO [Thread-3] org.apache.coyote.AbstractProtocol.pause Pausing ProtocolHandler ["http-nio-8080"]
17-Oct-2025 21:05:25.191 INFO [Thread-3] org.apache.catalina.core.StandardService.stopInternal Stopping service [Catalina]
17-Oct-2025 21:05:25.242 INFO [Thread-3] org.apache.coyote.AbstractProtocol.stop Stopping ProtocolHandler ["http-nio-8080"]
17-Oct-2025 21:05:25.246 INFO [Thread-3] org.apache.coyote.AbstractProtocol.destroy Destroying ProtocolHandler ["http-nio-8080"]
17-Oct-2025 21:05:34.130 INFO [main] org.apache.catalina.startup.VersionLoggerListener.log Server version name:   Apache Tomcat/10.1.33
17-Oct-2025 21:05:34.133 INFO [main] org.apache.catalina.startup.VersionLoggerListener.log Server built:          Nov 7 2024 22:28:55 UTC
17-Oct-2025 21:05:34.133 INFO [main] org.apache.catalina.startup.VersionLoggerListener.log Server version number: 10.1.33.0
17-Oct-2025 21:05:34.133 INFO [main] org.apache.catalina.startup.VersionLoggerListener.log OS Name:               Windows 10
17-Oct-2025 21:05:34.133 INFO [main] org.apache.catalina.startup.VersionLoggerListener.log OS Version:            10.0
17-Oct-2025 21:05:34.133 INFO [main] org.apache.catalina.startup.VersionLoggerListener.log Architecture:          amd64
17-Oct-2025 21:05:34.133 INFO [main] org.apache.catalina.startup.VersionLoggerListener.log Java Home:             C:\Program Files\Java\jdk-17
17-Oct-2025 21:05:34.133 INFO [main] org.apache.catalina.startup.VersionLoggerListener.log JVM Version:           17.0.12+8-LTS-286
17-Oct-2025 21:05:34.134 INFO [main] org.apache.catalina.startup.VersionLoggerListener.log JVM Vendor:            Oracle Corporation
17-Oct-2025 21:05:34.134 INFO [main] org.apache.catalina.startup.VersionLoggerListener.log CATALINA_BASE:         C:\Users\Erick\Documents\1TCC CitMobi\Pratico\CitMobi2
17-Oct-2025 21:05:34.134 INFO [main] org.apache.catalina.startup.VersionLoggerListener.log CATALINA_HOME:         C:\Program Files\Apache Software Foundation\Tomcat 10.1
17-Oct-2025 21:05:34.141 INFO [main] org.apache.catalina.startup.VersionLoggerListener.log Command line argument: --add-opens=java.base/java.lang=ALL-UNNAMED
17-Oct-2025 21:05:34.141 INFO [main] org.apache.catalina.startup.VersionLoggerListener.log Command line argument: --add-opens=java.base/java.io=ALL-UNNAMED
17-Oct-2025 21:05:34.141 INFO [main] org.apache.catalina.startup.VersionLoggerListener.log Command line argument: --add-opens=java.base/java.util=ALL-UNNAMED
17-Oct-2025 21:05:34.141 INFO [main] org.apache.catalina.startup.VersionLoggerListener.log Command line argument: --add-opens=java.base/java.util.concurrent=ALL-UNNAMED
17-Oct-2025 21:05:34.141 INFO [main] org.apache.catalina.startup.VersionLoggerListener.log Command line argument: --add-opens=java.rmi/sun.rmi.transport=ALL-UNNAMED
17-Oct-2025 21:05:34.141 INFO [main] org.apache.catalina.startup.VersionLoggerListener.log Command line argument: -Dcatalina.home=C:\Program Files\Apache Software Foundation\Tomcat 10.1
17-Oct-2025 21:05:34.142 INFO [main] org.apache.catalina.startup.VersionLoggerListener.log Command line argument: -Dcatalina.base=C:\Users\Erick\Documents\1TCC CitMobi\Pratico\CitMobi2
17-Oct-2025 21:05:34.142 INFO [main] org.apache.catalina.startup.VersionLoggerListener.log Command line argument: -Djava.io.tmpdir=C:\Users\Erick\Documents\1TCC CitMobi\Pratico\CitMobi2\temp
17-Oct-2025 21:05:34.142 INFO [main] org.apache.catalina.startup.VersionLoggerListener.log Command line argument: -Djava.util.logging.config.file=C:\Users\Erick\Documents\1TCC CitMobi\Pratico\CitMobi2\conf\logging.properties
17-Oct-2025 21:05:34.142 INFO [main] org.apache.catalina.startup.VersionLoggerListener.log Command line argument: -Djava.util.logging.manager=org.apache.juli.ClassLoaderLogManager
17-Oct-2025 21:05:34.142 INFO [main] org.apache.catalina.startup.VersionLoggerListener.log Command line argument: -javaagent:C:\Program Files\JetBrains\IntelliJ IDEA Community Edition 2023.3.2\lib\idea_rt.jar=64800:C:\Program Files\JetBrains\IntelliJ IDEA Community Edition 2023.3.2\bin
17-Oct-2025 21:05:34.142 INFO [main] org.apache.catalina.startup.VersionLoggerListener.log Command line argument: -Dfile.encoding=UTF-8
17-Oct-2025 21:05:34.152 INFO [main] org.apache.catalina.core.AprLifecycleListener.lifecycleEvent The Apache Tomcat Native library which allows using OpenSSL was not found on the java.library.path: [C:\Program Files\Java\jdk-17\bin;C:\Windows\Sun\Java\bin;C:\Windows\system32;C:\Windows;C:\Program Files (x86)\NVIDIA Corporation\PhysX\Common;C:\Python312\Scripts\;C:\Python312\;C:\Program Files\Common Files\Oracle\Java\javapath;C:\Program Files (x86)\Common Files\Intel\Shared Libraries\redist\intel64\compiler;C:\Windows\system32;C:\Windows;C:\Windows\System32\Wbem;C:\Windows\System32\WindowsPowerShell\v1.0\;C:\Windows\System32\OpenSSH\;C:\ProgramData\chocolatey\bin;C:\Program Files\Git\cmd;C:\Program Files\nodejs\;C:\Program Files\Docker\Docker\resources\bin;C:\Program Files\Apache Software Foundation\Maven\bin;C:\Users\Erick\.console-ninja\.bin;C:\Users\Erick\AppData\Local\Microsoft\WindowsApps;C:\Users\Erick\AppData\Local\Programs\Hyper\resources\bin;C:\yt-dlp.exe;;C:\Users\Erick\AppData\Local\Programs\Microsoft VS Code\bin;C:\Program Files\JetBrains\IntelliJ IDEA Community Edition 2023.3.2\bin;;C:\Users\Erick\AppData\Roaming\npm;.]
17-Oct-2025 21:05:34.391 INFO [main] org.apache.coyote.AbstractProtocol.init Initializing ProtocolHandler ["http-nio-8080"]
17-Oct-2025 21:05:34.412 INFO [main] org.apache.catalina.startup.Catalina.load Server initialization in [420] milliseconds
17-Oct-2025 21:05:34.454 INFO [main] org.apache.catalina.core.StandardService.startInternal Starting service [Catalina]
17-Oct-2025 21:05:34.454 INFO [main] org.apache.catalina.core.StandardEngine.startInternal Starting Servlet engine: [Apache Tomcat/10.1.33]
17-Oct-2025 21:05:34.464 INFO [main] org.apache.catalina.startup.HostConfig.deployDescriptor Deploying deployment descriptor [C:\Users\Erick\Documents\1TCC CitMobi\Pratico\CitMobi2\conf\Catalina\localhost\citmobi.xml]
17-Oct-2025 21:05:38.638 INFO [main] org.apache.jasper.servlet.TldScanner.scanJars At least one JAR was scanned for TLDs yet contained no TLDs. Enable debug logging for this logger for a complete list of JARs that were scanned but no TLDs were found in them. Skipping unneeded JARs during scanning can improve startup time and JSP compilation time.
17-Oct-2025 21:05:52.615 INFO [main] org.apache.catalina.startup.HostConfig.deployDescriptor Deployment of deployment descriptor [C:\Users\Erick\Documents\1TCC CitMobi\Pratico\CitMobi2\conf\Catalina\localhost\citmobi.xml] has finished in [18.151] ms
17-Oct-2025 21:05:52.618 INFO [main] org.apache.coyote.AbstractProtocol.start Starting ProtocolHandler ["http-nio-8080"]
17-Oct-2025 21:05:52.632 INFO [main] org.apache.catalina.startup.Catalina.start Server startup in [18219] milliseconds
17-Oct-2025 21:15:38.939 INFO [Thread-3] org.apache.coyote.AbstractProtocol.pause Pausing ProtocolHandler ["http-nio-8080"]
17-Oct-2025 21:15:38.967 INFO [Thread-3] org.apache.catalina.core.StandardService.stopInternal Stopping service [Catalina]
17-Oct-2025 21:15:39.023 INFO [Thread-3] org.apache.coyote.AbstractProtocol.stop Stopping ProtocolHandler ["http-nio-8080"]
17-Oct-2025 21:15:39.027 INFO [Thread-3] org.apache.coyote.AbstractProtocol.destroy Destroying ProtocolHandler ["http-nio-8080"]
17-Oct-2025 21:15:41.270 INFO [main] org.apache.catalina.startup.VersionLoggerListener.log Server version name:   Apache Tomcat/10.1.33
17-Oct-2025 21:15:41.273 INFO [main] org.apache.catalina.startup.VersionLoggerListener.log Server built:          Nov 7 2024 22:28:55 UTC
17-Oct-2025 21:15:41.273 INFO [main] org.apache.catalina.startup.VersionLoggerListener.log Server version number: 10.1.33.0
17-Oct-2025 21:15:41.273 INFO [main] org.apache.catalina.startup.VersionLoggerListener.log OS Name:               Windows 10
17-Oct-2025 21:15:41.273 INFO [main] org.apache.catalina.startup.VersionLoggerListener.log OS Version:            10.0
17-Oct-2025 21:15:41.273 INFO [main] org.apache.catalina.startup.VersionLoggerListener.log Architecture:          amd64
17-Oct-2025 21:15:41.273 INFO [main] org.apache.catalina.startup.VersionLoggerListener.log Java Home:             C:\Program Files\Java\jdk-17
17-Oct-2025 21:15:41.274 INFO [main] org.apache.catalina.startup.VersionLoggerListener.log JVM Version:           17.0.12+8-LTS-286
17-Oct-2025 21:15:41.274 INFO [main] org.apache.catalina.startup.VersionLoggerListener.log JVM Vendor:            Oracle Corporation
17-Oct-2025 21:15:41.274 INFO [main] org.apache.catalina.startup.VersionLoggerListener.log CATALINA_BASE:         C:\Users\Erick\Documents\1TCC CitMobi\Pratico\CitMobi2
17-Oct-2025 21:15:41.274 INFO [main] org.apache.catalina.startup.VersionLoggerListener.log CATALINA_HOME:         C:\Program Files\Apache Software Foundation\Tomcat 10.1
17-Oct-2025 21:15:41.281 INFO [main] org.apache.catalina.startup.VersionLoggerListener.log Command line argument: --add-opens=java.base/java.lang=ALL-UNNAMED
17-Oct-2025 21:15:41.281 INFO [main] org.apache.catalina.startup.VersionLoggerListener.log Command line argument: --add-opens=java.base/java.io=ALL-UNNAMED
17-Oct-2025 21:15:41.281 INFO [main] org.apache.catalina.startup.VersionLoggerListener.log Command line argument: --add-opens=java.base/java.util=ALL-UNNAMED
17-Oct-2025 21:15:41.281 INFO [main] org.apache.catalina.startup.VersionLoggerListener.log Command line argument: --add-opens=java.base/java.util.concurrent=ALL-UNNAMED
17-Oct-2025 21:15:41.281 INFO [main] org.apache.catalina.startup.VersionLoggerListener.log Command line argument: --add-opens=java.rmi/sun.rmi.transport=ALL-UNNAMED
17-Oct-2025 21:15:41.281 INFO [main] org.apache.catalina.startup.VersionLoggerListener.log Command line argument: -Dcatalina.home=C:\Program Files\Apache Software Foundation\Tomcat 10.1
17-Oct-2025 21:15:41.281 INFO [main] org.apache.catalina.startup.VersionLoggerListener.log Command line argument: -Dcatalina.base=C:\Users\Erick\Documents\1TCC CitMobi\Pratico\CitMobi2
17-Oct-2025 21:15:41.281 INFO [main] org.apache.catalina.startup.VersionLoggerListener.log Command line argument: -Djava.io.tmpdir=C:\Users\Erick\Documents\1TCC CitMobi\Pratico\CitMobi2\temp
17-Oct-2025 21:15:41.281 INFO [main] org.apache.catalina.startup.VersionLoggerListener.log Command line argument: -Djava.util.logging.config.file=C:\Users\Erick\Documents\1TCC CitMobi\Pratico\CitMobi2\conf\logging.properties
17-Oct-2025 21:15:41.281 INFO [main] org.apache.catalina.startup.VersionLoggerListener.log Command line argument: -Djava.util.logging.manager=org.apache.juli.ClassLoaderLogManager
17-Oct-2025 21:15:41.281 INFO [main] org.apache.catalina.startup.VersionLoggerListener.log Command line argument: -javaagent:C:\Program Files\JetBrains\IntelliJ IDEA Community Edition 2023.3.2\lib\idea_rt.jar=49444:C:\Program Files\JetBrains\IntelliJ IDEA Community Edition 2023.3.2\bin
17-Oct-2025 21:15:41.281 INFO [main] org.apache.catalina.startup.VersionLoggerListener.log Command line argument: -Dfile.encoding=UTF-8
17-Oct-2025 21:15:41.290 INFO [main] org.apache.catalina.core.AprLifecycleListener.lifecycleEvent The Apache Tomcat Native library which allows using OpenSSL was not found on the java.library.path: [C:\Program Files\Java\jdk-17\bin;C:\Windows\Sun\Java\bin;C:\Windows\system32;C:\Windows;C:\Program Files (x86)\NVIDIA Corporation\PhysX\Common;C:\Python312\Scripts\;C:\Python312\;C:\Program Files\Common Files\Oracle\Java\javapath;C:\Program Files (x86)\Common Files\Intel\Shared Libraries\redist\intel64\compiler;C:\Windows\system32;C:\Windows;C:\Windows\System32\Wbem;C:\Windows\System32\WindowsPowerShell\v1.0\;C:\Windows\System32\OpenSSH\;C:\ProgramData\chocolatey\bin;C:\Program Files\Git\cmd;C:\Program Files\nodejs\;C:\Program Files\Docker\Docker\resources\bin;C:\Program Files\Apache Software Foundation\Maven\bin;C:\Users\Erick\.console-ninja\.bin;C:\Users\Erick\AppData\Local\Microsoft\WindowsApps;C:\Users\Erick\AppData\Local\Programs\Hyper\resources\bin;C:\yt-dlp.exe;;C:\Users\Erick\AppData\Local\Programs\Microsoft VS Code\bin;C:\Program Files\JetBrains\IntelliJ IDEA Community Edition 2023.3.2\bin;;C:\Users\Erick\AppData\Roaming\npm;.]
17-Oct-2025 21:15:41.464 INFO [main] org.apache.coyote.AbstractProtocol.init Initializing ProtocolHandler ["http-nio-8080"]
17-Oct-2025 21:15:41.480 INFO [main] org.apache.catalina.startup.Catalina.load Server initialization in [341] milliseconds
17-Oct-2025 21:15:41.515 INFO [main] org.apache.catalina.core.StandardService.startInternal Starting service [Catalina]
17-Oct-2025 21:15:41.515 INFO [main] org.apache.catalina.core.StandardEngine.startInternal Starting Servlet engine: [Apache Tomcat/10.1.33]
17-Oct-2025 21:15:41.524 INFO [main] org.apache.catalina.startup.HostConfig.deployDescriptor Deploying deployment descriptor [C:\Users\Erick\Documents\1TCC CitMobi\Pratico\CitMobi2\conf\Catalina\localhost\citmobi.xml]
17-Oct-2025 21:15:45.424 INFO [main] org.apache.jasper.servlet.TldScanner.scanJars At least one JAR was scanned for TLDs yet contained no TLDs. Enable debug logging for this logger for a complete list of JARs that were scanned but no TLDs were found in them. Skipping unneeded JARs during scanning can improve startup time and JSP compilation time.
17-Oct-2025 21:15:57.514 INFO [main] org.apache.catalina.startup.VersionLoggerListener.log Server version name:   Apache Tomcat/10.1.33
17-Oct-2025 21:15:57.518 INFO [main] org.apache.catalina.startup.VersionLoggerListener.log Server built:          Nov 7 2024 22:28:55 UTC
17-Oct-2025 21:15:57.518 INFO [main] org.apache.catalina.startup.VersionLoggerListener.log Server version number: 10.1.33.0
17-Oct-2025 21:15:57.518 INFO [main] org.apache.catalina.startup.VersionLoggerListener.log OS Name:               Windows 10
17-Oct-2025 21:15:57.518 INFO [main] org.apache.catalina.startup.VersionLoggerListener.log OS Version:            10.0
17-Oct-2025 21:15:57.518 INFO [main] org.apache.catalina.startup.VersionLoggerListener.log Architecture:          amd64
17-Oct-2025 21:15:57.518 INFO [main] org.apache.catalina.startup.VersionLoggerListener.log Java Home:             C:\Program Files\Java\jdk-17
17-Oct-2025 21:15:57.519 INFO [main] org.apache.catalina.startup.VersionLoggerListener.log JVM Version:           17.0.12+8-LTS-286
17-Oct-2025 21:15:57.519 INFO [main] org.apache.catalina.startup.VersionLoggerListener.log JVM Vendor:            Oracle Corporation
17-Oct-2025 21:15:57.519 INFO [main] org.apache.catalina.startup.VersionLoggerListener.log CATALINA_BASE:         C:\Users\Erick\Documents\1TCC CitMobi\Pratico\CitMobi2
17-Oct-2025 21:15:57.519 INFO [main] org.apache.catalina.startup.VersionLoggerListener.log CATALINA_HOME:         C:\Program Files\Apache Software Foundation\Tomcat 10.1
17-Oct-2025 21:15:57.527 INFO [main] org.apache.catalina.startup.VersionLoggerListener.log Command line argument: --add-opens=java.base/java.lang=ALL-UNNAMED
17-Oct-2025 21:15:57.527 INFO [main] org.apache.catalina.startup.VersionLoggerListener.log Command line argument: --add-opens=java.base/java.io=ALL-UNNAMED
17-Oct-2025 21:15:57.527 INFO [main] org.apache.catalina.startup.VersionLoggerListener.log Command line argument: --add-opens=java.base/java.util=ALL-UNNAMED
17-Oct-2025 21:15:57.527 INFO [main] org.apache.catalina.startup.VersionLoggerListener.log Command line argument: --add-opens=java.base/java.util.concurrent=ALL-UNNAMED
17-Oct-2025 21:15:57.528 INFO [main] org.apache.catalina.startup.VersionLoggerListener.log Command line argument: --add-opens=java.rmi/sun.rmi.transport=ALL-UNNAMED
17-Oct-2025 21:15:57.528 INFO [main] org.apache.catalina.startup.VersionLoggerListener.log Command line argument: -Dcatalina.home=C:\Program Files\Apache Software Foundation\Tomcat 10.1
17-Oct-2025 21:15:57.528 INFO [main] org.apache.catalina.startup.VersionLoggerListener.log Command line argument: -Dcatalina.base=C:\Users\Erick\Documents\1TCC CitMobi\Pratico\CitMobi2
17-Oct-2025 21:15:57.528 INFO [main] org.apache.catalina.startup.VersionLoggerListener.log Command line argument: -Djava.io.tmpdir=C:\Users\Erick\Documents\1TCC CitMobi\Pratico\CitMobi2\temp
17-Oct-2025 21:15:57.528 INFO [main] org.apache.catalina.startup.VersionLoggerListener.log Command line argument: -Djava.util.logging.config.file=C:\Users\Erick\Documents\1TCC CitMobi\Pratico\CitMobi2\conf\logging.properties
17-Oct-2025 21:15:57.528 INFO [main] org.apache.catalina.startup.VersionLoggerListener.log Command line argument: -Djava.util.logging.manager=org.apache.juli.ClassLoaderLogManager
17-Oct-2025 21:15:57.528 INFO [main] org.apache.catalina.startup.VersionLoggerListener.log Command line argument: -javaagent:C:\Program Files\JetBrains\IntelliJ IDEA Community Edition 2023.3.2\lib\idea_rt.jar=49479:C:\Program Files\JetBrains\IntelliJ IDEA Community Edition 2023.3.2\bin
17-Oct-2025 21:15:57.528 INFO [main] org.apache.catalina.startup.VersionLoggerListener.log Command line argument: -Dfile.encoding=UTF-8
17-Oct-2025 21:15:57.539 INFO [main] org.apache.catalina.core.AprLifecycleListener.lifecycleEvent The Apache Tomcat Native library which allows using OpenSSL was not found on the java.library.path: [C:\Program Files\Java\jdk-17\bin;C:\Windows\Sun\Java\bin;C:\Windows\system32;C:\Windows;C:\Program Files (x86)\NVIDIA Corporation\PhysX\Common;C:\Python312\Scripts\;C:\Python312\;C:\Program Files\Common Files\Oracle\Java\javapath;C:\Program Files (x86)\Common Files\Intel\Shared Libraries\redist\intel64\compiler;C:\Windows\system32;C:\Windows;C:\Windows\System32\Wbem;C:\Windows\System32\WindowsPowerShell\v1.0\;C:\Windows\System32\OpenSSH\;C:\ProgramData\chocolatey\bin;C:\Program Files\Git\cmd;C:\Program Files\nodejs\;C:\Program Files\Docker\Docker\resources\bin;C:\Program Files\Apache Software Foundation\Maven\bin;C:\Users\Erick\.console-ninja\.bin;C:\Users\Erick\AppData\Local\Microsoft\WindowsApps;C:\Users\Erick\AppData\Local\Programs\Hyper\resources\bin;C:\yt-dlp.exe;;C:\Users\Erick\AppData\Local\Programs\Microsoft VS Code\bin;C:\Program Files\JetBrains\IntelliJ IDEA Community Edition 2023.3.2\bin;;C:\Users\Erick\AppData\Roaming\npm;.]
17-Oct-2025 21:15:57.746 INFO [main] org.apache.coyote.AbstractProtocol.init Initializing ProtocolHandler ["http-nio-8080"]
17-Oct-2025 21:15:57.763 INFO [main] org.apache.catalina.startup.Catalina.load Server initialization in [396] milliseconds
17-Oct-2025 21:15:57.806 INFO [main] org.apache.catalina.core.StandardService.startInternal Starting service [Catalina]
17-Oct-2025 21:15:57.806 INFO [main] org.apache.catalina.core.StandardEngine.startInternal Starting Servlet engine: [Apache Tomcat/10.1.33]
17-Oct-2025 21:15:57.818 INFO [main] org.apache.catalina.startup.HostConfig.deployDescriptor Deploying deployment descriptor [C:\Users\Erick\Documents\1TCC CitMobi\Pratico\CitMobi2\conf\Catalina\localhost\citmobi.xml]
17-Oct-2025 21:16:02.111 INFO [main] org.apache.jasper.servlet.TldScanner.scanJars At least one JAR was scanned for TLDs yet contained no TLDs. Enable debug logging for this logger for a complete list of JARs that were scanned but no TLDs were found in them. Skipping unneeded JARs during scanning can improve startup time and JSP compilation time.
17-Oct-2025 21:16:15.452 INFO [main] org.apache.catalina.startup.HostConfig.deployDescriptor Deployment of deployment descriptor [C:\Users\Erick\Documents\1TCC CitMobi\Pratico\CitMobi2\conf\Catalina\localhost\citmobi.xml] has finished in [17.634] ms
17-Oct-2025 21:16:15.455 INFO [main] org.apache.coyote.AbstractProtocol.start Starting ProtocolHandler ["http-nio-8080"]
17-Oct-2025 21:16:15.466 INFO [main] org.apache.catalina.startup.Catalina.start Server startup in [17703] milliseconds
17-Oct-2025 21:20:46.847 INFO [Thread-3] org.apache.coyote.AbstractProtocol.pause Pausing ProtocolHandler ["http-nio-8080"]
17-Oct-2025 21:20:46.873 INFO [Thread-3] org.apache.catalina.core.StandardService.stopInternal Stopping service [Catalina]
17-Oct-2025 21:20:46.926 INFO [Thread-3] org.apache.coyote.AbstractProtocol.stop Stopping ProtocolHandler ["http-nio-8080"]
17-Oct-2025 21:20:46.931 INFO [Thread-3] org.apache.coyote.AbstractProtocol.destroy Destroying ProtocolHandler ["http-nio-8080"]
17-Oct-2025 21:20:52.558 INFO [main] org.apache.catalina.startup.VersionLoggerListener.log Server version name:   Apache Tomcat/10.1.33
17-Oct-2025 21:20:52.562 INFO [main] org.apache.catalina.startup.VersionLoggerListener.log Server built:          Nov 7 2024 22:28:55 UTC
17-Oct-2025 21:20:52.562 INFO [main] org.apache.catalina.startup.VersionLoggerListener.log Server version number: 10.1.33.0
17-Oct-2025 21:20:52.562 INFO [main] org.apache.catalina.startup.VersionLoggerListener.log OS Name:               Windows 10
17-Oct-2025 21:20:52.562 INFO [main] org.apache.catalina.startup.VersionLoggerListener.log OS Version:            10.0
17-Oct-2025 21:20:52.562 INFO [main] org.apache.catalina.startup.VersionLoggerListener.log Architecture:          amd64
17-Oct-2025 21:20:52.562 INFO [main] org.apache.catalina.startup.VersionLoggerListener.log Java Home:             C:\Program Files\Java\jdk-17
17-Oct-2025 21:20:52.562 INFO [main] org.apache.catalina.startup.VersionLoggerListener.log JVM Version:           17.0.12+8-LTS-286
17-Oct-2025 21:20:52.562 INFO [main] org.apache.catalina.startup.VersionLoggerListener.log JVM Vendor:            Oracle Corporation
17-Oct-2025 21:20:52.562 INFO [main] org.apache.catalina.startup.VersionLoggerListener.log CATALINA_BASE:         C:\Users\Erick\Documents\1TCC CitMobi\Pratico\CitMobi2
17-Oct-2025 21:20:52.563 INFO [main] org.apache.catalina.startup.VersionLoggerListener.log CATALINA_HOME:         C:\Program Files\Apache Software Foundation\Tomcat 10.1
17-Oct-2025 21:20:52.569 INFO [main] org.apache.catalina.startup.VersionLoggerListener.log Command line argument: --add-opens=java.base/java.lang=ALL-UNNAMED
17-Oct-2025 21:20:52.569 INFO [main] org.apache.catalina.startup.VersionLoggerListener.log Command line argument: --add-opens=java.base/java.io=ALL-UNNAMED
17-Oct-2025 21:20:52.569 INFO [main] org.apache.catalina.startup.VersionLoggerListener.log Command line argument: --add-opens=java.base/java.util=ALL-UNNAMED
17-Oct-2025 21:20:52.569 INFO [main] org.apache.catalina.startup.VersionLoggerListener.log Command line argument: --add-opens=java.base/java.util.concurrent=ALL-UNNAMED
17-Oct-2025 21:20:52.569 INFO [main] org.apache.catalina.startup.VersionLoggerListener.log Command line argument: --add-opens=java.rmi/sun.rmi.transport=ALL-UNNAMED
17-Oct-2025 21:20:52.569 INFO [main] org.apache.catalina.startup.VersionLoggerListener.log Command line argument: -Dcatalina.home=C:\Program Files\Apache Software Foundation\Tomcat 10.1
17-Oct-2025 21:20:52.569 INFO [main] org.apache.catalina.startup.VersionLoggerListener.log Command line argument: -Dcatalina.base=C:\Users\Erick\Documents\1TCC CitMobi\Pratico\CitMobi2
17-Oct-2025 21:20:52.569 INFO [main] org.apache.catalina.startup.VersionLoggerListener.log Command line argument: -Djava.io.tmpdir=C:\Users\Erick\Documents\1TCC CitMobi\Pratico\CitMobi2\temp
17-Oct-2025 21:20:52.569 INFO [main] org.apache.catalina.startup.VersionLoggerListener.log Command line argument: -Djava.util.logging.config.file=C:\Users\Erick\Documents\1TCC CitMobi\Pratico\CitMobi2\conf\logging.properties
17-Oct-2025 21:20:52.569 INFO [main] org.apache.catalina.startup.VersionLoggerListener.log Command line argument: -Djava.util.logging.manager=org.apache.juli.ClassLoaderLogManager
17-Oct-2025 21:20:52.569 INFO [main] org.apache.catalina.startup.VersionLoggerListener.log Command line argument: -javaagent:C:\Program Files\JetBrains\IntelliJ IDEA Community Edition 2023.3.2\lib\idea_rt.jar=50115:C:\Program Files\JetBrains\IntelliJ IDEA Community Edition 2023.3.2\bin
17-Oct-2025 21:20:52.569 INFO [main] org.apache.catalina.startup.VersionLoggerListener.log Command line argument: -Dfile.encoding=UTF-8
17-Oct-2025 21:20:52.577 INFO [main] org.apache.catalina.core.AprLifecycleListener.lifecycleEvent The Apache Tomcat Native library which allows using OpenSSL was not found on the java.library.path: [C:\Program Files\Java\jdk-17\bin;C:\Windows\Sun\Java\bin;C:\Windows\system32;C:\Windows;C:\Program Files (x86)\NVIDIA Corporation\PhysX\Common;C:\Python312\Scripts\;C:\Python312\;C:\Program Files\Common Files\Oracle\Java\javapath;C:\Program Files (x86)\Common Files\Intel\Shared Libraries\redist\intel64\compiler;C:\Windows\system32;C:\Windows;C:\Windows\System32\Wbem;C:\Windows\System32\WindowsPowerShell\v1.0\;C:\Windows\System32\OpenSSH\;C:\ProgramData\chocolatey\bin;C:\Program Files\Git\cmd;C:\Program Files\nodejs\;C:\Program Files\Docker\Docker\resources\bin;C:\Program Files\Apache Software Foundation\Maven\bin;C:\Users\Erick\.console-ninja\.bin;C:\Users\Erick\AppData\Local\Microsoft\WindowsApps;C:\Users\Erick\AppData\Local\Programs\Hyper\resources\bin;C:\yt-dlp.exe;;C:\Users\Erick\AppData\Local\Programs\Microsoft VS Code\bin;C:\Program Files\JetBrains\IntelliJ IDEA Community Edition 2023.3.2\bin;;C:\Users\Erick\AppData\Roaming\npm;.]
17-Oct-2025 21:20:52.770 INFO [main] org.apache.coyote.AbstractProtocol.init Initializing ProtocolHandler ["http-nio-8080"]
17-Oct-2025 21:20:52.787 INFO [main] org.apache.catalina.startup.Catalina.load Server initialization in [377] milliseconds
17-Oct-2025 21:20:52.825 INFO [main] org.apache.catalina.core.StandardService.startInternal Starting service [Catalina]
17-Oct-2025 21:20:52.825 INFO [main] org.apache.catalina.core.StandardEngine.startInternal Starting Servlet engine: [Apache Tomcat/10.1.33]
17-Oct-2025 21:20:52.834 INFO [main] org.apache.catalina.startup.HostConfig.deployDescriptor Deploying deployment descriptor [C:\Users\Erick\Documents\1TCC CitMobi\Pratico\CitMobi2\conf\Catalina\localhost\citmobi.xml]
17-Oct-2025 21:20:57.022 INFO [main] org.apache.jasper.servlet.TldScanner.scanJars At least one JAR was scanned for TLDs yet contained no TLDs. Enable debug logging for this logger for a complete list of JARs that were scanned but no TLDs were found in them. Skipping unneeded JARs during scanning can improve startup time and JSP compilation time.
17-Oct-2025 21:21:09.550 INFO [main] org.apache.catalina.startup.HostConfig.deployDescriptor Deployment of deployment descriptor [C:\Users\Erick\Documents\1TCC CitMobi\Pratico\CitMobi2\conf\Catalina\localhost\citmobi.xml] has finished in [16.716] ms
17-Oct-2025 21:21:09.553 INFO [main] org.apache.coyote.AbstractProtocol.start Starting ProtocolHandler ["http-nio-8080"]
17-Oct-2025 21:21:09.564 INFO [main] org.apache.catalina.startup.Catalina.start Server startup in [16776] milliseconds
17-Oct-2025 21:32:11.479 INFO [Thread-3] org.apache.coyote.AbstractProtocol.pause Pausing ProtocolHandler ["http-nio-8080"]
17-Oct-2025 21:32:11.508 INFO [Thread-3] org.apache.catalina.core.StandardService.stopInternal Stopping service [Catalina]
17-Oct-2025 21:32:11.558 INFO [Thread-3] org.apache.coyote.AbstractProtocol.stop Stopping ProtocolHandler ["http-nio-8080"]
17-Oct-2025 21:32:11.565 INFO [Thread-3] org.apache.coyote.AbstractProtocol.destroy Destroying ProtocolHandler ["http-nio-8080"]
17-Oct-2025 21:32:13.878 INFO [main] org.apache.catalina.startup.VersionLoggerListener.log Server version name:   Apache Tomcat/10.1.33
17-Oct-2025 21:32:13.881 INFO [main] org.apache.catalina.startup.VersionLoggerListener.log Server built:          Nov 7 2024 22:28:55 UTC
17-Oct-2025 21:32:13.881 INFO [main] org.apache.catalina.startup.VersionLoggerListener.log Server version number: 10.1.33.0
17-Oct-2025 21:32:13.881 INFO [main] org.apache.catalina.startup.VersionLoggerListener.log OS Name:               Windows 10
17-Oct-2025 21:32:13.881 INFO [main] org.apache.catalina.startup.VersionLoggerListener.log OS Version:            10.0
17-Oct-2025 21:32:13.881 INFO [main] org.apache.catalina.startup.VersionLoggerListener.log Architecture:          amd64
17-Oct-2025 21:32:13.881 INFO [main] org.apache.catalina.startup.VersionLoggerListener.log Java Home:             C:\Program Files\Java\jdk-17
17-Oct-2025 21:32:13.881 INFO [main] org.apache.catalina.startup.VersionLoggerListener.log JVM Version:           17.0.12+8-LTS-286
17-Oct-2025 21:32:13.881 INFO [main] org.apache.catalina.startup.VersionLoggerListener.log JVM Vendor:            Oracle Corporation
17-Oct-2025 21:32:13.881 INFO [main] org.apache.catalina.startup.VersionLoggerListener.log CATALINA_BASE:         C:\Users\Erick\Documents\1TCC CitMobi\Pratico\CitMobi2
17-Oct-2025 21:32:13.882 INFO [main] org.apache.catalina.startup.VersionLoggerListener.log CATALINA_HOME:         C:\Program Files\Apache Software Foundation\Tomcat 10.1
17-Oct-2025 21:32:13.888 INFO [main] org.apache.catalina.startup.VersionLoggerListener.log Command line argument: --add-opens=java.base/java.lang=ALL-UNNAMED
17-Oct-2025 21:32:13.888 INFO [main] org.apache.catalina.startup.VersionLoggerListener.log Command line argument: --add-opens=java.base/java.io=ALL-UNNAMED
17-Oct-2025 21:32:13.889 INFO [main] org.apache.catalina.startup.VersionLoggerListener.log Command line argument: --add-opens=java.base/java.util=ALL-UNNAMED
17-Oct-2025 21:32:13.889 INFO [main] org.apache.catalina.startup.VersionLoggerListener.log Command line argument: --add-opens=java.base/java.util.concurrent=ALL-UNNAMED
17-Oct-2025 21:32:13.889 INFO [main] org.apache.catalina.startup.VersionLoggerListener.log Command line argument: --add-opens=java.rmi/sun.rmi.transport=ALL-UNNAMED
17-Oct-2025 21:32:13.889 INFO [main] org.apache.catalina.startup.VersionLoggerListener.log Command line argument: -Dcatalina.home=C:\Program Files\Apache Software Foundation\Tomcat 10.1
17-Oct-2025 21:32:13.889 INFO [main] org.apache.catalina.startup.VersionLoggerListener.log Command line argument: -Dcatalina.base=C:\Users\Erick\Documents\1TCC CitMobi\Pratico\CitMobi2
17-Oct-2025 21:32:13.889 INFO [main] org.apache.catalina.startup.VersionLoggerListener.log Command line argument: -Djava.io.tmpdir=C:\Users\Erick\Documents\1TCC CitMobi\Pratico\CitMobi2\temp
17-Oct-2025 21:32:13.889 INFO [main] org.apache.catalina.startup.VersionLoggerListener.log Command line argument: -Djava.util.logging.config.file=C:\Users\Erick\Documents\1TCC CitMobi\Pratico\CitMobi2\conf\logging.properties
17-Oct-2025 21:32:13.889 INFO [main] org.apache.catalina.startup.VersionLoggerListener.log Command line argument: -Djava.util.logging.manager=org.apache.juli.ClassLoaderLogManager
17-Oct-2025 21:32:13.889 INFO [main] org.apache.catalina.startup.VersionLoggerListener.log Command line argument: -javaagent:C:\Program Files\JetBrains\IntelliJ IDEA Community Edition 2023.3.2\lib\idea_rt.jar=51255:C:\Program Files\JetBrains\IntelliJ IDEA Community Edition 2023.3.2\bin
17-Oct-2025 21:32:13.890 INFO [main] org.apache.catalina.startup.VersionLoggerListener.log Command line argument: -Dfile.encoding=UTF-8
17-Oct-2025 21:32:13.899 INFO [main] org.apache.catalina.core.AprLifecycleListener.lifecycleEvent The Apache Tomcat Native library which allows using OpenSSL was not found on the java.library.path: [C:\Program Files\Java\jdk-17\bin;C:\Windows\Sun\Java\bin;C:\Windows\system32;C:\Windows;C:\Program Files (x86)\NVIDIA Corporation\PhysX\Common;C:\Python312\Scripts\;C:\Python312\;C:\Program Files\Common Files\Oracle\Java\javapath;C:\Program Files (x86)\Common Files\Intel\Shared Libraries\redist\intel64\compiler;C:\Windows\system32;C:\Windows;C:\Windows\System32\Wbem;C:\Windows\System32\WindowsPowerShell\v1.0\;C:\Windows\System32\OpenSSH\;C:\ProgramData\chocolatey\bin;C:\Program Files\Git\cmd;C:\Program Files\nodejs\;C:\Program Files\Docker\Docker\resources\bin;C:\Program Files\Apache Software Foundation\Maven\bin;C:\Users\Erick\.console-ninja\.bin;C:\Users\Erick\AppData\Local\Microsoft\WindowsApps;C:\Users\Erick\AppData\Local\Programs\Hyper\resources\bin;C:\yt-dlp.exe;;C:\Users\Erick\AppData\Local\Programs\Microsoft VS Code\bin;C:\Program Files\JetBrains\IntelliJ IDEA Community Edition 2023.3.2\bin;;C:\Users\Erick\AppData\Roaming\npm;.]
17-Oct-2025 21:32:14.103 INFO [main] org.apache.coyote.AbstractProtocol.init Initializing ProtocolHandler ["http-nio-8080"]
17-Oct-2025 21:32:14.120 INFO [main] org.apache.catalina.startup.Catalina.load Server initialization in [382] milliseconds
17-Oct-2025 21:32:14.165 INFO [main] org.apache.catalina.core.StandardService.startInternal Starting service [Catalina]
17-Oct-2025 21:32:14.165 INFO [main] org.apache.catalina.core.StandardEngine.startInternal Starting Servlet engine: [Apache Tomcat/10.1.33]
17-Oct-2025 21:32:14.178 INFO [main] org.apache.catalina.startup.HostConfig.deployDescriptor Deploying deployment descriptor [C:\Users\Erick\Documents\1TCC CitMobi\Pratico\CitMobi2\conf\Catalina\localhost\citmobi.xml]
17-Oct-2025 21:32:18.537 INFO [main] org.apache.jasper.servlet.TldScanner.scanJars At least one JAR was scanned for TLDs yet contained no TLDs. Enable debug logging for this logger for a complete list of JARs that were scanned but no TLDs were found in them. Skipping unneeded JARs during scanning can improve startup time and JSP compilation time.
17-Oct-2025 21:32:30.695 INFO [main] org.apache.catalina.startup.HostConfig.deployDescriptor Deployment of deployment descriptor [C:\Users\Erick\Documents\1TCC CitMobi\Pratico\CitMobi2\conf\Catalina\localhost\citmobi.xml] has finished in [16.517] ms
17-Oct-2025 21:32:30.698 INFO [main] org.apache.coyote.AbstractProtocol.start Starting ProtocolHandler ["http-nio-8080"]
17-Oct-2025 21:32:30.711 INFO [main] org.apache.catalina.startup.Catalina.start Server startup in [16590] milliseconds
17-Oct-2025 21:35:05.859 INFO [Thread-3] org.apache.coyote.AbstractProtocol.pause Pausing ProtocolHandler ["http-nio-8080"]
17-Oct-2025 21:35:05.887 INFO [Thread-3] org.apache.catalina.core.StandardService.stopInternal Stopping service [Catalina]
17-Oct-2025 21:35:05.934 INFO [Thread-3] org.apache.coyote.AbstractProtocol.stop Stopping ProtocolHandler ["http-nio-8080"]
17-Oct-2025 21:35:05.944 INFO [Thread-3] org.apache.coyote.AbstractProtocol.destroy Destroying ProtocolHandler ["http-nio-8080"]
17-Oct-2025 21:35:09.294 INFO [main] org.apache.catalina.startup.VersionLoggerListener.log Server version name:   Apache Tomcat/10.1.33
17-Oct-2025 21:35:09.297 INFO [main] org.apache.catalina.startup.VersionLoggerListener.log Server built:          Nov 7 2024 22:28:55 UTC
17-Oct-2025 21:35:09.297 INFO [main] org.apache.catalina.startup.VersionLoggerListener.log Server version number: 10.1.33.0
17-Oct-2025 21:35:09.297 INFO [main] org.apache.catalina.startup.VersionLoggerListener.log OS Name:               Windows 10
17-Oct-2025 21:35:09.297 INFO [main] org.apache.catalina.startup.VersionLoggerListener.log OS Version:            10.0
17-Oct-2025 21:35:09.297 INFO [main] org.apache.catalina.startup.VersionLoggerListener.log Architecture:          amd64
17-Oct-2025 21:35:09.297 INFO [main] org.apache.catalina.startup.VersionLoggerListener.log Java Home:             C:\Program Files\Java\jdk-17
17-Oct-2025 21:35:09.297 INFO [main] org.apache.catalina.startup.VersionLoggerListener.log JVM Version:           17.0.12+8-LTS-286
17-Oct-2025 21:35:09.297 INFO [main] org.apache.catalina.startup.VersionLoggerListener.log JVM Vendor:            Oracle Corporation
17-Oct-2025 21:35:09.297 INFO [main] org.apache.catalina.startup.VersionLoggerListener.log CATALINA_BASE:         C:\Users\Erick\Documents\1TCC CitMobi\Pratico\CitMobi2
17-Oct-2025 21:35:09.297 INFO [main] org.apache.catalina.startup.VersionLoggerListener.log CATALINA_HOME:         C:\Program Files\Apache Software Foundation\Tomcat 10.1
17-Oct-2025 21:35:09.307 INFO [main] org.apache.catalina.startup.VersionLoggerListener.log Command line argument: --add-opens=java.base/java.lang=ALL-UNNAMED
17-Oct-2025 21:35:09.307 INFO [main] org.apache.catalina.startup.VersionLoggerListener.log Command line argument: --add-opens=java.base/java.io=ALL-UNNAMED
17-Oct-2025 21:35:09.307 INFO [main] org.apache.catalina.startup.VersionLoggerListener.log Command line argument: --add-opens=java.base/java.util=ALL-UNNAMED
17-Oct-2025 21:35:09.307 INFO [main] org.apache.catalina.startup.VersionLoggerListener.log Command line argument: --add-opens=java.base/java.util.concurrent=ALL-UNNAMED
17-Oct-2025 21:35:09.308 INFO [main] org.apache.catalina.startup.VersionLoggerListener.log Command line argument: --add-opens=java.rmi/sun.rmi.transport=ALL-UNNAMED
17-Oct-2025 21:35:09.308 INFO [main] org.apache.catalina.startup.VersionLoggerListener.log Command line argument: -Dcatalina.home=C:\Program Files\Apache Software Foundation\Tomcat 10.1
17-Oct-2025 21:35:09.308 INFO [main] org.apache.catalina.startup.VersionLoggerListener.log Command line argument: -Dcatalina.base=C:\Users\Erick\Documents\1TCC CitMobi\Pratico\CitMobi2
17-Oct-2025 21:35:09.308 INFO [main] org.apache.catalina.startup.VersionLoggerListener.log Command line argument: -Djava.io.tmpdir=C:\Users\Erick\Documents\1TCC CitMobi\Pratico\CitMobi2\temp
17-Oct-2025 21:35:09.308 INFO [main] org.apache.catalina.startup.VersionLoggerListener.log Command line argument: -Djava.util.logging.config.file=C:\Users\Erick\Documents\1TCC CitMobi\Pratico\CitMobi2\conf\logging.properties
17-Oct-2025 21:35:09.308 INFO [main] org.apache.catalina.startup.VersionLoggerListener.log Command line argument: -Djava.util.logging.manager=org.apache.juli.ClassLoaderLogManager
17-Oct-2025 21:35:09.308 INFO [main] org.apache.catalina.startup.VersionLoggerListener.log Command line argument: -javaagent:C:\Program Files\JetBrains\IntelliJ IDEA Community Edition 2023.3.2\lib\idea_rt.jar=51569:C:\Program Files\JetBrains\IntelliJ IDEA Community Edition 2023.3.2\bin
17-Oct-2025 21:35:09.308 INFO [main] org.apache.catalina.startup.VersionLoggerListener.log Command line argument: -Dfile.encoding=UTF-8
17-Oct-2025 21:35:09.319 INFO [main] org.apache.catalina.core.AprLifecycleListener.lifecycleEvent The Apache Tomcat Native library which allows using OpenSSL was not found on the java.library.path: [C:\Program Files\Java\jdk-17\bin;C:\Windows\Sun\Java\bin;C:\Windows\system32;C:\Windows;C:\Program Files (x86)\NVIDIA Corporation\PhysX\Common;C:\Python312\Scripts\;C:\Python312\;C:\Program Files\Common Files\Oracle\Java\javapath;C:\Program Files (x86)\Common Files\Intel\Shared Libraries\redist\intel64\compiler;C:\Windows\system32;C:\Windows;C:\Windows\System32\Wbem;C:\Windows\System32\WindowsPowerShell\v1.0\;C:\Windows\System32\OpenSSH\;C:\ProgramData\chocolatey\bin;C:\Program Files\Git\cmd;C:\Program Files\nodejs\;C:\Program Files\Docker\Docker\resources\bin;C:\Program Files\Apache Software Foundation\Maven\bin;C:\Users\Erick\.console-ninja\.bin;C:\Users\Erick\AppData\Local\Microsoft\WindowsApps;C:\Users\Erick\AppData\Local\Programs\Hyper\resources\bin;C:\yt-dlp.exe;;C:\Users\Erick\AppData\Local\Programs\Microsoft VS Code\bin;C:\Program Files\JetBrains\IntelliJ IDEA Community Edition 2023.3.2\bin;;C:\Users\Erick\AppData\Roaming\npm;.]
17-Oct-2025 21:35:09.498 INFO [main] org.apache.coyote.AbstractProtocol.init Initializing ProtocolHandler ["http-nio-8080"]
17-Oct-2025 21:35:09.512 INFO [main] org.apache.catalina.startup.Catalina.load Server initialization in [370] milliseconds
17-Oct-2025 21:35:09.549 INFO [main] org.apache.catalina.core.StandardService.startInternal Starting service [Catalina]
17-Oct-2025 21:35:09.549 INFO [main] org.apache.catalina.core.StandardEngine.startInternal Starting Servlet engine: [Apache Tomcat/10.1.33]
17-Oct-2025 21:35:09.560 INFO [main] org.apache.catalina.startup.HostConfig.deployDescriptor Deploying deployment descriptor [C:\Users\Erick\Documents\1TCC CitMobi\Pratico\CitMobi2\conf\Catalina\localhost\citmobi.xml]
17-Oct-2025 21:35:13.384 INFO [main] org.apache.jasper.servlet.TldScanner.scanJars At least one JAR was scanned for TLDs yet contained no TLDs. Enable debug logging for this logger for a complete list of JARs that were scanned but no TLDs were found in them. Skipping unneeded JARs during scanning can improve startup time and JSP compilation time.
17-Oct-2025 21:35:25.896 INFO [main] org.apache.catalina.startup.HostConfig.deployDescriptor Deployment of deployment descriptor [C:\Users\Erick\Documents\1TCC CitMobi\Pratico\CitMobi2\conf\Catalina\localhost\citmobi.xml] has finished in [16.337] ms
17-Oct-2025 21:35:25.900 INFO [main] org.apache.coyote.AbstractProtocol.start Starting ProtocolHandler ["http-nio-8080"]
17-Oct-2025 21:35:25.914 INFO [main] org.apache.catalina.startup.Catalina.start Server startup in [16401] milliseconds
17-Oct-2025 21:40:50.879 INFO [Thread-3] org.apache.coyote.AbstractProtocol.pause Pausing ProtocolHandler ["http-nio-8080"]
17-Oct-2025 21:40:50.911 INFO [Thread-3] org.apache.catalina.core.StandardService.stopInternal Stopping service [Catalina]
17-Oct-2025 21:40:50.966 INFO [Thread-3] org.apache.coyote.AbstractProtocol.stop Stopping ProtocolHandler ["http-nio-8080"]
17-Oct-2025 21:40:50.979 INFO [Thread-3] org.apache.coyote.AbstractProtocol.destroy Destroying ProtocolHandler ["http-nio-8080"]
17-Oct-2025 21:40:53.476 INFO [main] org.apache.catalina.startup.VersionLoggerListener.log Server version name:   Apache Tomcat/10.1.33
17-Oct-2025 21:40:53.480 INFO [main] org.apache.catalina.startup.VersionLoggerListener.log Server built:          Nov 7 2024 22:28:55 UTC
17-Oct-2025 21:40:53.480 INFO [main] org.apache.catalina.startup.VersionLoggerListener.log Server version number: 10.1.33.0
17-Oct-2025 21:40:53.480 INFO [main] org.apache.catalina.startup.VersionLoggerListener.log OS Name:               Windows 10
17-Oct-2025 21:40:53.480 INFO [main] org.apache.catalina.startup.VersionLoggerListener.log OS Version:            10.0
17-Oct-2025 21:40:53.480 INFO [main] org.apache.catalina.startup.VersionLoggerListener.log Architecture:          amd64
17-Oct-2025 21:40:53.480 INFO [main] org.apache.catalina.startup.VersionLoggerListener.log Java Home:             C:\Program Files\Java\jdk-17
17-Oct-2025 21:40:53.480 INFO [main] org.apache.catalina.startup.VersionLoggerListener.log JVM Version:           17.0.12+8-LTS-286
17-Oct-2025 21:40:53.481 INFO [main] org.apache.catalina.startup.VersionLoggerListener.log JVM Vendor:            Oracle Corporation
17-Oct-2025 21:40:53.481 INFO [main] org.apache.catalina.startup.VersionLoggerListener.log CATALINA_BASE:         C:\Users\Erick\Documents\1TCC CitMobi\Pratico\CitMobi2
17-Oct-2025 21:40:53.481 INFO [main] org.apache.catalina.startup.VersionLoggerListener.log CATALINA_HOME:         C:\Program Files\Apache Software Foundation\Tomcat 10.1
17-Oct-2025 21:40:53.489 INFO [main] org.apache.catalina.startup.VersionLoggerListener.log Command line argument: --add-opens=java.base/java.lang=ALL-UNNAMED
17-Oct-2025 21:40:53.489 INFO [main] org.apache.catalina.startup.VersionLoggerListener.log Command line argument: --add-opens=java.base/java.io=ALL-UNNAMED
17-Oct-2025 21:40:53.489 INFO [main] org.apache.catalina.startup.VersionLoggerListener.log Command line argument: --add-opens=java.base/java.util=ALL-UNNAMED
17-Oct-2025 21:40:53.489 INFO [main] org.apache.catalina.startup.VersionLoggerListener.log Command line argument: --add-opens=java.base/java.util.concurrent=ALL-UNNAMED
17-Oct-2025 21:40:53.490 INFO [main] org.apache.catalina.startup.VersionLoggerListener.log Command line argument: --add-opens=java.rmi/sun.rmi.transport=ALL-UNNAMED
17-Oct-2025 21:40:53.490 INFO [main] org.apache.catalina.startup.VersionLoggerListener.log Command line argument: -Dcatalina.home=C:\Program Files\Apache Software Foundation\Tomcat 10.1
17-Oct-2025 21:40:53.490 INFO [main] org.apache.catalina.startup.VersionLoggerListener.log Command line argument: -Dcatalina.base=C:\Users\Erick\Documents\1TCC CitMobi\Pratico\CitMobi2
17-Oct-2025 21:40:53.490 INFO [main] org.apache.catalina.startup.VersionLoggerListener.log Command line argument: -Djava.io.tmpdir=C:\Users\Erick\Documents\1TCC CitMobi\Pratico\CitMobi2\temp
17-Oct-2025 21:40:53.490 INFO [main] org.apache.catalina.startup.VersionLoggerListener.log Command line argument: -Djava.util.logging.config.file=C:\Users\Erick\Documents\1TCC CitMobi\Pratico\CitMobi2\conf\logging.properties
17-Oct-2025 21:40:53.490 INFO [main] org.apache.catalina.startup.VersionLoggerListener.log Command line argument: -Djava.util.logging.manager=org.apache.juli.ClassLoaderLogManager
17-Oct-2025 21:40:53.490 INFO [main] org.apache.catalina.startup.VersionLoggerListener.log Command line argument: -javaagent:C:\Program Files\JetBrains\IntelliJ IDEA Community Edition 2023.3.2\lib\idea_rt.jar=52084:C:\Program Files\JetBrains\IntelliJ IDEA Community Edition 2023.3.2\bin
17-Oct-2025 21:40:53.490 INFO [main] org.apache.catalina.startup.VersionLoggerListener.log Command line argument: -Dfile.encoding=UTF-8
17-Oct-2025 21:40:53.502 INFO [main] org.apache.catalina.core.AprLifecycleListener.lifecycleEvent The Apache Tomcat Native library which allows using OpenSSL was not found on the java.library.path: [C:\Program Files\Java\jdk-17\bin;C:\Windows\Sun\Java\bin;C:\Windows\system32;C:\Windows;C:\Program Files (x86)\NVIDIA Corporation\PhysX\Common;C:\Python312\Scripts\;C:\Python312\;C:\Program Files\Common Files\Oracle\Java\javapath;C:\Program Files (x86)\Common Files\Intel\Shared Libraries\redist\intel64\compiler;C:\Windows\system32;C:\Windows;C:\Windows\System32\Wbem;C:\Windows\System32\WindowsPowerShell\v1.0\;C:\Windows\System32\OpenSSH\;C:\ProgramData\chocolatey\bin;C:\Program Files\Git\cmd;C:\Program Files\nodejs\;C:\Program Files\Docker\Docker\resources\bin;C:\Program Files\Apache Software Foundation\Maven\bin;C:\Users\Erick\.console-ninja\.bin;C:\Users\Erick\AppData\Local\Microsoft\WindowsApps;C:\Users\Erick\AppData\Local\Programs\Hyper\resources\bin;C:\yt-dlp.exe;;C:\Users\Erick\AppData\Local\Programs\Microsoft VS Code\bin;C:\Program Files\JetBrains\IntelliJ IDEA Community Edition 2023.3.2\bin;;C:\Users\Erick\AppData\Roaming\npm;.]
17-Oct-2025 21:40:53.696 INFO [main] org.apache.coyote.AbstractProtocol.init Initializing ProtocolHandler ["http-nio-8080"]
17-Oct-2025 21:40:53.710 INFO [main] org.apache.catalina.startup.Catalina.load Server initialization in [426] milliseconds
17-Oct-2025 21:40:53.750 INFO [main] org.apache.catalina.core.StandardService.startInternal Starting service [Catalina]
17-Oct-2025 21:40:53.751 INFO [main] org.apache.catalina.core.StandardEngine.startInternal Starting Servlet engine: [Apache Tomcat/10.1.33]
17-Oct-2025 21:40:53.762 INFO [main] org.apache.catalina.startup.HostConfig.deployDescriptor Deploying deployment descriptor [C:\Users\Erick\Documents\1TCC CitMobi\Pratico\CitMobi2\conf\Catalina\localhost\citmobi.xml]
17-Oct-2025 21:40:57.772 INFO [main] org.apache.jasper.servlet.TldScanner.scanJars At least one JAR was scanned for TLDs yet contained no TLDs. Enable debug logging for this logger for a complete list of JARs that were scanned but no TLDs were found in them. Skipping unneeded JARs during scanning can improve startup time and JSP compilation time.
17-Oct-2025 21:41:10.822 INFO [main] org.apache.catalina.startup.HostConfig.deployDescriptor Deployment of deployment descriptor [C:\Users\Erick\Documents\1TCC CitMobi\Pratico\CitMobi2\conf\Catalina\localhost\citmobi.xml] has finished in [17.059] ms
17-Oct-2025 21:41:10.825 INFO [main] org.apache.coyote.AbstractProtocol.start Starting ProtocolHandler ["http-nio-8080"]
17-Oct-2025 21:41:10.839 INFO [main] org.apache.catalina.startup.Catalina.start Server startup in [17127] milliseconds
17-Oct-2025 21:45:22.517 INFO [Thread-3] org.apache.coyote.AbstractProtocol.pause Pausing ProtocolHandler ["http-nio-8080"]
17-Oct-2025 21:45:22.547 INFO [Thread-3] org.apache.catalina.core.StandardService.stopInternal Stopping service [Catalina]
17-Oct-2025 21:45:22.598 INFO [Thread-3] org.apache.coyote.AbstractProtocol.stop Stopping ProtocolHandler ["http-nio-8080"]
17-Oct-2025 21:45:22.602 INFO [Thread-3] org.apache.coyote.AbstractProtocol.destroy Destroying ProtocolHandler ["http-nio-8080"]
17-Oct-2025 21:45:57.078 INFO [main] org.apache.catalina.startup.VersionLoggerListener.log Server version name:   Apache Tomcat/10.1.33
17-Oct-2025 21:45:57.081 INFO [main] org.apache.catalina.startup.VersionLoggerListener.log Server built:          Nov 7 2024 22:28:55 UTC
17-Oct-2025 21:45:57.081 INFO [main] org.apache.catalina.startup.VersionLoggerListener.log Server version number: 10.1.33.0
17-Oct-2025 21:45:57.081 INFO [main] org.apache.catalina.startup.VersionLoggerListener.log OS Name:               Windows 10
17-Oct-2025 21:45:57.081 INFO [main] org.apache.catalina.startup.VersionLoggerListener.log OS Version:            10.0
17-Oct-2025 21:45:57.081 INFO [main] org.apache.catalina.startup.VersionLoggerListener.log Architecture:          amd64
17-Oct-2025 21:45:57.081 INFO [main] org.apache.catalina.startup.VersionLoggerListener.log Java Home:             C:\Program Files\Java\jdk-17
17-Oct-2025 21:45:57.081 INFO [main] org.apache.catalina.startup.VersionLoggerListener.log JVM Version:           17.0.12+8-LTS-286
17-Oct-2025 21:45:57.081 INFO [main] org.apache.catalina.startup.VersionLoggerListener.log JVM Vendor:            Oracle Corporation
17-Oct-2025 21:45:57.082 INFO [main] org.apache.catalina.startup.VersionLoggerListener.log CATALINA_BASE:         C:\Users\Erick\Documents\1TCC CitMobi\Pratico\CitMobi2
17-Oct-2025 21:45:57.082 INFO [main] org.apache.catalina.startup.VersionLoggerListener.log CATALINA_HOME:         C:\Program Files\Apache Software Foundation\Tomcat 10.1
17-Oct-2025 21:45:57.089 INFO [main] org.apache.catalina.startup.VersionLoggerListener.log Command line argument: --add-opens=java.base/java.lang=ALL-UNNAMED
17-Oct-2025 21:45:57.089 INFO [main] org.apache.catalina.startup.VersionLoggerListener.log Command line argument: --add-opens=java.base/java.io=ALL-UNNAMED
17-Oct-2025 21:45:57.089 INFO [main] org.apache.catalina.startup.VersionLoggerListener.log Command line argument: --add-opens=java.base/java.util=ALL-UNNAMED
17-Oct-2025 21:45:57.090 INFO [main] org.apache.catalina.startup.VersionLoggerListener.log Command line argument: --add-opens=java.base/java.util.concurrent=ALL-UNNAMED
17-Oct-2025 21:45:57.090 INFO [main] org.apache.catalina.startup.VersionLoggerListener.log Command line argument: --add-opens=java.rmi/sun.rmi.transport=ALL-UNNAMED
17-Oct-2025 21:45:57.090 INFO [main] org.apache.catalina.startup.VersionLoggerListener.log Command line argument: -Dcatalina.home=C:\Program Files\Apache Software Foundation\Tomcat 10.1
17-Oct-2025 21:45:57.090 INFO [main] org.apache.catalina.startup.VersionLoggerListener.log Command line argument: -Dcatalina.base=C:\Users\Erick\Documents\1TCC CitMobi\Pratico\CitMobi2
17-Oct-2025 21:45:57.090 INFO [main] org.apache.catalina.startup.VersionLoggerListener.log Command line argument: -Djava.io.tmpdir=C:\Users\Erick\Documents\1TCC CitMobi\Pratico\CitMobi2\temp
17-Oct-2025 21:45:57.090 INFO [main] org.apache.catalina.startup.VersionLoggerListener.log Command line argument: -Djava.util.logging.config.file=C:\Users\Erick\Documents\1TCC CitMobi\Pratico\CitMobi2\conf\logging.properties
17-Oct-2025 21:45:57.090 INFO [main] org.apache.catalina.startup.VersionLoggerListener.log Command line argument: -Djava.util.logging.manager=org.apache.juli.ClassLoaderLogManager
17-Oct-2025 21:45:57.090 INFO [main] org.apache.catalina.startup.VersionLoggerListener.log Command line argument: -javaagent:C:\Program Files\JetBrains\IntelliJ IDEA Community Edition 2023.3.2\lib\idea_rt.jar=52543:C:\Program Files\JetBrains\IntelliJ IDEA Community Edition 2023.3.2\bin
17-Oct-2025 21:45:57.090 INFO [main] org.apache.catalina.startup.VersionLoggerListener.log Command line argument: -Dfile.encoding=UTF-8
17-Oct-2025 21:45:57.099 INFO [main] org.apache.catalina.core.AprLifecycleListener.lifecycleEvent The Apache Tomcat Native library which allows using OpenSSL was not found on the java.library.path: [C:\Program Files\Java\jdk-17\bin;C:\Windows\Sun\Java\bin;C:\Windows\system32;C:\Windows;C:\Program Files (x86)\NVIDIA Corporation\PhysX\Common;C:\Python312\Scripts\;C:\Python312\;C:\Program Files\Common Files\Oracle\Java\javapath;C:\Program Files (x86)\Common Files\Intel\Shared Libraries\redist\intel64\compiler;C:\Windows\system32;C:\Windows;C:\Windows\System32\Wbem;C:\Windows\System32\WindowsPowerShell\v1.0\;C:\Windows\System32\OpenSSH\;C:\ProgramData\chocolatey\bin;C:\Program Files\Git\cmd;C:\Program Files\nodejs\;C:\Program Files\Docker\Docker\resources\bin;C:\Program Files\Apache Software Foundation\Maven\bin;C:\Users\Erick\.console-ninja\.bin;C:\Users\Erick\AppData\Local\Microsoft\WindowsApps;C:\Users\Erick\AppData\Local\Programs\Hyper\resources\bin;C:\yt-dlp.exe;;C:\Users\Erick\AppData\Local\Programs\Microsoft VS Code\bin;C:\Program Files\JetBrains\IntelliJ IDEA Community Edition 2023.3.2\bin;;C:\Users\Erick\AppData\Roaming\npm;.]
17-Oct-2025 21:45:57.318 INFO [main] org.apache.coyote.AbstractProtocol.init Initializing ProtocolHandler ["http-nio-8080"]
17-Oct-2025 21:45:57.335 INFO [main] org.apache.catalina.startup.Catalina.load Server initialization in [410] milliseconds
17-Oct-2025 21:45:57.374 INFO [main] org.apache.catalina.core.StandardService.startInternal Starting service [Catalina]
17-Oct-2025 21:45:57.374 INFO [main] org.apache.catalina.core.StandardEngine.startInternal Starting Servlet engine: [Apache Tomcat/10.1.33]
17-Oct-2025 21:45:57.383 INFO [main] org.apache.catalina.startup.HostConfig.deployDescriptor Deploying deployment descriptor [C:\Users\Erick\Documents\1TCC CitMobi\Pratico\CitMobi2\conf\Catalina\localhost\citmobi.xml]
17-Oct-2025 21:46:01.902 INFO [main] org.apache.jasper.servlet.TldScanner.scanJars At least one JAR was scanned for TLDs yet contained no TLDs. Enable debug logging for this logger for a complete list of JARs that were scanned but no TLDs were found in them. Skipping unneeded JARs during scanning can improve startup time and JSP compilation time.
17-Oct-2025 21:46:17.184 INFO [main] org.apache.catalina.startup.HostConfig.deployDescriptor Deployment of deployment descriptor [C:\Users\Erick\Documents\1TCC CitMobi\Pratico\CitMobi2\conf\Catalina\localhost\citmobi.xml] has finished in [19.801] ms
17-Oct-2025 21:46:17.188 INFO [main] org.apache.coyote.AbstractProtocol.start Starting ProtocolHandler ["http-nio-8080"]
17-Oct-2025 21:46:17.201 INFO [main] org.apache.catalina.startup.Catalina.start Server startup in [19865] milliseconds
17-Oct-2025 22:05:25.717 INFO [Thread-3] org.apache.coyote.AbstractProtocol.pause Pausing ProtocolHandler ["http-nio-8080"]
17-Oct-2025 22:05:25.744 INFO [Thread-3] org.apache.catalina.core.StandardService.stopInternal Stopping service [Catalina]
17-Oct-2025 22:05:25.795 INFO [Thread-3] org.apache.coyote.AbstractProtocol.stop Stopping ProtocolHandler ["http-nio-8080"]
17-Oct-2025 22:05:25.805 INFO [Thread-3] org.apache.coyote.AbstractProtocol.destroy Destroying ProtocolHandler ["http-nio-8080"]
17-Oct-2025 22:05:32.408 INFO [main] org.apache.catalina.startup.VersionLoggerListener.log Server version name:   Apache Tomcat/10.1.33
17-Oct-2025 22:05:32.411 INFO [main] org.apache.catalina.startup.VersionLoggerListener.log Server built:          Nov 7 2024 22:28:55 UTC
17-Oct-2025 22:05:32.411 INFO [main] org.apache.catalina.startup.VersionLoggerListener.log Server version number: 10.1.33.0
17-Oct-2025 22:05:32.411 INFO [main] org.apache.catalina.startup.VersionLoggerListener.log OS Name:               Windows 10
17-Oct-2025 22:05:32.411 INFO [main] org.apache.catalina.startup.VersionLoggerListener.log OS Version:            10.0
17-Oct-2025 22:05:32.411 INFO [main] org.apache.catalina.startup.VersionLoggerListener.log Architecture:          amd64
17-Oct-2025 22:05:32.411 INFO [main] org.apache.catalina.startup.VersionLoggerListener.log Java Home:             C:\Program Files\Java\jdk-17
17-Oct-2025 22:05:32.412 INFO [main] org.apache.catalina.startup.VersionLoggerListener.log JVM Version:           17.0.12+8-LTS-286
17-Oct-2025 22:05:32.412 INFO [main] org.apache.catalina.startup.VersionLoggerListener.log JVM Vendor:            Oracle Corporation
17-Oct-2025 22:05:32.412 INFO [main] org.apache.catalina.startup.VersionLoggerListener.log CATALINA_BASE:         C:\Users\Erick\Documents\1TCC CitMobi\Pratico\CitMobi2
17-Oct-2025 22:05:32.412 INFO [main] org.apache.catalina.startup.VersionLoggerListener.log CATALINA_HOME:         C:\Program Files\Apache Software Foundation\Tomcat 10.1
17-Oct-2025 22:05:32.418 INFO [main] org.apache.catalina.startup.VersionLoggerListener.log Command line argument: --add-opens=java.base/java.lang=ALL-UNNAMED
17-Oct-2025 22:05:32.418 INFO [main] org.apache.catalina.startup.VersionLoggerListener.log Command line argument: --add-opens=java.base/java.io=ALL-UNNAMED
17-Oct-2025 22:05:32.418 INFO [main] org.apache.catalina.startup.VersionLoggerListener.log Command line argument: --add-opens=java.base/java.util=ALL-UNNAMED
17-Oct-2025 22:05:32.418 INFO [main] org.apache.catalina.startup.VersionLoggerListener.log Command line argument: --add-opens=java.base/java.util.concurrent=ALL-UNNAMED
17-Oct-2025 22:05:32.418 INFO [main] org.apache.catalina.startup.VersionLoggerListener.log Command line argument: --add-opens=java.rmi/sun.rmi.transport=ALL-UNNAMED
17-Oct-2025 22:05:32.418 INFO [main] org.apache.catalina.startup.VersionLoggerListener.log Command line argument: -Dcatalina.home=C:\Program Files\Apache Software Foundation\Tomcat 10.1
17-Oct-2025 22:05:32.418 INFO [main] org.apache.catalina.startup.VersionLoggerListener.log Command line argument: -Dcatalina.base=C:\Users\Erick\Documents\1TCC CitMobi\Pratico\CitMobi2
17-Oct-2025 22:05:32.418 INFO [main] org.apache.catalina.startup.VersionLoggerListener.log Command line argument: -Djava.io.tmpdir=C:\Users\Erick\Documents\1TCC CitMobi\Pratico\CitMobi2\temp
17-Oct-2025 22:05:32.418 INFO [main] org.apache.catalina.startup.VersionLoggerListener.log Command line argument: -Djava.util.logging.config.file=C:\Users\Erick\Documents\1TCC CitMobi\Pratico\CitMobi2\conf\logging.properties
17-Oct-2025 22:05:32.418 INFO [main] org.apache.catalina.startup.VersionLoggerListener.log Command line argument: -Djava.util.logging.manager=org.apache.juli.ClassLoaderLogManager
17-Oct-2025 22:05:32.418 INFO [main] org.apache.catalina.startup.VersionLoggerListener.log Command line argument: -javaagent:C:\Program Files\JetBrains\IntelliJ IDEA Community Edition 2023.3.2\lib\idea_rt.jar=54670:C:\Program Files\JetBrains\IntelliJ IDEA Community Edition 2023.3.2\bin
17-Oct-2025 22:05:32.418 INFO [main] org.apache.catalina.startup.VersionLoggerListener.log Command line argument: -Dfile.encoding=UTF-8
17-Oct-2025 22:05:32.427 INFO [main] org.apache.catalina.core.AprLifecycleListener.lifecycleEvent The Apache Tomcat Native library which allows using OpenSSL was not found on the java.library.path: [C:\Program Files\Java\jdk-17\bin;C:\Windows\Sun\Java\bin;C:\Windows\system32;C:\Windows;C:\Program Files (x86)\NVIDIA Corporation\PhysX\Common;C:\Python312\Scripts\;C:\Python312\;C:\Program Files\Common Files\Oracle\Java\javapath;C:\Program Files (x86)\Common Files\Intel\Shared Libraries\redist\intel64\compiler;C:\Windows\system32;C:\Windows;C:\Windows\System32\Wbem;C:\Windows\System32\WindowsPowerShell\v1.0\;C:\Windows\System32\OpenSSH\;C:\ProgramData\chocolatey\bin;C:\Program Files\Git\cmd;C:\Program Files\nodejs\;C:\Program Files\Docker\Docker\resources\bin;C:\Program Files\Apache Software Foundation\Maven\bin;C:\Users\Erick\.console-ninja\.bin;C:\Users\Erick\AppData\Local\Microsoft\WindowsApps;C:\Users\Erick\AppData\Local\Programs\Hyper\resources\bin;C:\yt-dlp.exe;;C:\Users\Erick\AppData\Local\Programs\Microsoft VS Code\bin;C:\Program Files\JetBrains\IntelliJ IDEA Community Edition 2023.3.2\bin;;C:\Users\Erick\AppData\Roaming\npm;.]
17-Oct-2025 22:05:32.613 INFO [main] org.apache.coyote.AbstractProtocol.init Initializing ProtocolHandler ["http-nio-8080"]
17-Oct-2025 22:05:32.628 INFO [main] org.apache.catalina.startup.Catalina.load Server initialization in [360] milliseconds
17-Oct-2025 22:05:32.693 INFO [main] org.apache.catalina.core.StandardService.startInternal Starting service [Catalina]
17-Oct-2025 22:05:32.693 INFO [main] org.apache.catalina.core.StandardEngine.startInternal Starting Servlet engine: [Apache Tomcat/10.1.33]
17-Oct-2025 22:05:32.707 INFO [main] org.apache.catalina.startup.HostConfig.deployDescriptor Deploying deployment descriptor [C:\Users\Erick\Documents\1TCC CitMobi\Pratico\CitMobi2\conf\Catalina\localhost\citmobi.xml]
17-Oct-2025 22:05:36.816 INFO [main] org.apache.jasper.servlet.TldScanner.scanJars At least one JAR was scanned for TLDs yet contained no TLDs. Enable debug logging for this logger for a complete list of JARs that were scanned but no TLDs were found in them. Skipping unneeded JARs during scanning can improve startup time and JSP compilation time.
17-Oct-2025 22:05:43.926 SEVERE [main] org.apache.catalina.startup.HostConfig.deployDescriptor Error deploying deployment descriptor [C:\Users\Erick\Documents\1TCC CitMobi\Pratico\CitMobi2\conf\Catalina\localhost\citmobi.xml]
	java.lang.IllegalStateException: Error starting child
		at org.apache.catalina.core.ContainerBase.addChildInternal(ContainerBase.java:602)
		at org.apache.catalina.core.ContainerBase.addChild(ContainerBase.java:571)
		at org.apache.catalina.core.StandardHost.addChild(StandardHost.java:654)
		at org.apache.catalina.startup.HostConfig.deployDescriptor(HostConfig.java:635)
		at org.apache.catalina.startup.HostConfig$DeployDescriptor.run(HostConfig.java:1889)
		at java.base/java.util.concurrent.Executors$RunnableAdapter.call(Executors.java:539)
		at java.base/java.util.concurrent.FutureTask.run(FutureTask.java:264)
		at org.apache.tomcat.util.threads.InlineExecutorService.execute(InlineExecutorService.java:75)
		at java.base/java.util.concurrent.AbstractExecutorService.submit(AbstractExecutorService.java:123)
		at org.apache.catalina.startup.HostConfig.deployDescriptors(HostConfig.java:530)
		at org.apache.catalina.startup.HostConfig.deployApps(HostConfig.java:421)
		at org.apache.catalina.startup.HostConfig.start(HostConfig.java:1629)
		at org.apache.catalina.startup.HostConfig.lifecycleEvent(HostConfig.java:303)
		at org.apache.catalina.util.LifecycleBase.fireLifecycleEvent(LifecycleBase.java:109)
		at org.apache.catalina.util.LifecycleBase.setStateInternal(LifecycleBase.java:389)
		at org.apache.catalina.util.LifecycleBase.setState(LifecycleBase.java:336)
		at org.apache.catalina.core.ContainerBase.startInternal(ContainerBase.java:776)
		at org.apache.catalina.core.StandardHost.startInternal(StandardHost.java:772)
		at org.apache.catalina.util.LifecycleBase.start(LifecycleBase.java:164)
		at org.apache.catalina.core.ContainerBase$StartChild.call(ContainerBase.java:1203)
		at org.apache.catalina.core.ContainerBase$StartChild.call(ContainerBase.java:1193)
		at java.base/java.util.concurrent.FutureTask.run(FutureTask.java:264)
		at org.apache.tomcat.util.threads.InlineExecutorService.execute(InlineExecutorService.java:75)
		at java.base/java.util.concurrent.AbstractExecutorService.submit(AbstractExecutorService.java:145)
		at org.apache.catalina.core.ContainerBase.startInternal(ContainerBase.java:749)
		at org.apache.catalina.core.StandardEngine.startInternal(StandardEngine.java:203)
		at org.apache.catalina.util.LifecycleBase.start(LifecycleBase.java:164)
		at org.apache.catalina.core.StandardService.startInternal(StandardService.java:415)
		at org.apache.catalina.util.LifecycleBase.start(LifecycleBase.java:164)
		at org.apache.catalina.core.StandardServer.startInternal(StandardServer.java:870)
		at org.apache.catalina.util.LifecycleBase.start(LifecycleBase.java:164)
		at org.apache.catalina.startup.Catalina.start(Catalina.java:757)
		at java.base/jdk.internal.reflect.NativeMethodAccessorImpl.invoke0(Native Method)
		at java.base/jdk.internal.reflect.NativeMethodAccessorImpl.invoke(NativeMethodAccessorImpl.java:77)
		at java.base/jdk.internal.reflect.DelegatingMethodAccessorImpl.invoke(DelegatingMethodAccessorImpl.java:43)
		at java.base/java.lang.reflect.Method.invoke(Method.java:568)
		at org.apache.catalina.startup.Bootstrap.start(Bootstrap.java:345)
		at org.apache.catalina.startup.Bootstrap.main(Bootstrap.java:473)
	Caused by: org.apache.catalina.LifecycleException: Failed to start component [StandardEngine[Catalina].StandardHost[localhost].StandardContext[/citmobi]]
		at org.apache.catalina.util.LifecycleBase.handleSubClassException(LifecycleBase.java:406)
		at org.apache.catalina.util.LifecycleBase.start(LifecycleBase.java:179)
		at org.apache.catalina.core.ContainerBase.addChildInternal(ContainerBase.java:599)
		... 37 more
	Caused by: org.springframework.context.ApplicationContextException: Unable to start web server
		at org.springframework.boot.web.servlet.context.ServletWebServerApplicationContext.onRefresh(ServletWebServerApplicationContext.java:165)
		at org.springframework.context.support.AbstractApplicationContext.refresh(AbstractApplicationContext.java:619)
		at org.springframework.boot.web.servlet.context.ServletWebServerApplicationContext.refresh(ServletWebServerApplicationContext.java:146)
		at org.springframework.boot.SpringApplication.refresh(SpringApplication.java:754)
		at org.springframework.boot.SpringApplication.refreshContext(SpringApplication.java:456)
		at org.springframework.boot.SpringApplication.run(SpringApplication.java:335)
		at org.springframework.boot.web.servlet.support.SpringBootServletInitializer.run(SpringBootServletInitializer.java:174)
		at org.springframework.boot.web.servlet.support.SpringBootServletInitializer.createRootApplicationContext(SpringBootServletInitializer.java:154)
		at org.springframework.boot.web.servlet.support.SpringBootServletInitializer.onStartup(SpringBootServletInitializer.java:96)
		at org.springframework.web.SpringServletContainerInitializer.onStartup(SpringServletContainerInitializer.java:171)
		at org.apache.catalina.core.StandardContext.startInternal(StandardContext.java:4426)
		at org.apache.catalina.util.LifecycleBase.start(LifecycleBase.java:164)
		... 38 more
	Caused by: org.springframework.beans.factory.UnsatisfiedDependencyException: Error creating bean with name 'securityFilter' defined in file [C:\Users\Erick\Documents\1TCC CitMobi\Pratico\CitMobi2\target\classes\neo\com\br\CitMobi\config\SecurityFilter.class]: Unsatisfied dependency expressed through constructor parameter 1: Error creating bean with name 'usuarioRepository' defined in neo.com.br.CitMobi.repository.UsuarioRepository defined in @EnableJpaRepositories declared on JpaRepositoriesRegistrar.EnableJpaRepositoriesConfiguration: Cannot resolve reference to bean 'jpaSharedEM_entityManagerFactory' while setting bean property 'entityManager'
		at org.springframework.beans.factory.support.ConstructorResolver.createArgumentArray(ConstructorResolver.java:795)
		at org.springframework.beans.factory.support.ConstructorResolver.autowireConstructor(ConstructorResolver.java:237)
		at org.springframework.beans.factory.support.AbstractAutowireCapableBeanFactory.autowireConstructor(AbstractAutowireCapableBeanFactory.java:1375)
		at org.springframework.beans.factory.support.AbstractAutowireCapableBeanFactory.createBeanInstance(AbstractAutowireCapableBeanFactory.java:1212)
		at org.springframework.beans.factory.support.AbstractAutowireCapableBeanFactory.doCreateBean(AbstractAutowireCapableBeanFactory.java:562)
		at org.springframework.beans.factory.support.AbstractAutowireCapableBeanFactory.createBean(AbstractAutowireCapableBeanFactory.java:522)
		at org.springframework.beans.factory.support.AbstractBeanFactory.lambda$doGetBean$0(AbstractBeanFactory.java:337)
		at org.springframework.beans.factory.support.DefaultSingletonBeanRegistry.getSingleton(DefaultSingletonBeanRegistry.java:234)
		at org.springframework.beans.factory.support.AbstractBeanFactory.doGetBean(AbstractBeanFactory.java:335)
		at org.springframework.beans.factory.support.AbstractBeanFactory.getBean(AbstractBeanFactory.java:205)
		at org.springframework.boot.web.servlet.ServletContextInitializerBeans.getOrderedBeansOfType(ServletContextInitializerBeans.java:211)
		at org.springframework.boot.web.servlet.ServletContextInitializerBeans.addAsRegistrationBean(ServletContextInitializerBeans.java:174)
		at org.springframework.boot.web.servlet.ServletContextInitializerBeans.addAsRegistrationBean(ServletContextInitializerBeans.java:169)
		at org.springframework.boot.web.servlet.ServletContextInitializerBeans.addAdaptableBeans(ServletContextInitializerBeans.java:154)
		at org.springframework.boot.web.servlet.ServletContextInitializerBeans.<init>(ServletContextInitializerBeans.java:87)
		at org.springframework.boot.web.servlet.context.ServletWebServerApplicationContext.getServletContextInitializerBeans(ServletWebServerApplicationContext.java:266)
		at org.springframework.boot.web.servlet.context.ServletWebServerApplicationContext.selfInitialize(ServletWebServerApplicationContext.java:240)
		at org.springframework.boot.web.servlet.context.ServletWebServerApplicationContext.createWebServer(ServletWebServerApplicationContext.java:197)
		at org.springframework.boot.web.servlet.context.ServletWebServerApplicationContext.onRefresh(ServletWebServerApplicationContext.java:162)
		... 49 more
	Caused by: org.springframework.beans.factory.BeanCreationException: Error creating bean with name 'usuarioRepository' defined in neo.com.br.CitMobi.repository.UsuarioRepository defined in @EnableJpaRepositories declared on JpaRepositoriesRegistrar.EnableJpaRepositoriesConfiguration: Cannot resolve reference to bean 'jpaSharedEM_entityManagerFactory' while setting bean property 'entityManager'
		at org.springframework.beans.factory.support.BeanDefinitionValueResolver.resolveReference(BeanDefinitionValueResolver.java:377)
		at org.springframework.beans.factory.support.BeanDefinitionValueResolver.resolveValueIfNecessary(BeanDefinitionValueResolver.java:135)
		at org.springframework.beans.factory.support.AbstractAutowireCapableBeanFactory.applyPropertyValues(AbstractAutowireCapableBeanFactory.java:1705)
		at org.springframework.beans.factory.support.AbstractAutowireCapableBeanFactory.populateBean(AbstractAutowireCapableBeanFactory.java:1454)
		at org.springframework.beans.factory.support.AbstractAutowireCapableBeanFactory.doCreateBean(AbstractAutowireCapableBeanFactory.java:599)
		at org.springframework.beans.factory.support.AbstractAutowireCapableBeanFactory.createBean(AbstractAutowireCapableBeanFactory.java:522)
		at org.springframework.beans.factory.support.AbstractBeanFactory.lambda$doGetBean$0(AbstractBeanFactory.java:337)
		at org.springframework.beans.factory.support.DefaultSingletonBeanRegistry.getSingleton(DefaultSingletonBeanRegistry.java:234)
		at org.springframework.beans.factory.support.AbstractBeanFactory.doGetBean(AbstractBeanFactory.java:335)
		at org.springframework.beans.factory.support.AbstractBeanFactory.getBean(AbstractBeanFactory.java:200)
		at org.springframework.beans.factory.config.DependencyDescriptor.resolveCandidate(DependencyDescriptor.java:254)
		at org.springframework.beans.factory.support.DefaultListableBeanFactory.doResolveDependency(DefaultListableBeanFactory.java:1443)
		at org.springframework.beans.factory.support.DefaultListableBeanFactory.resolveDependency(DefaultListableBeanFactory.java:1353)
		at org.springframework.beans.factory.support.ConstructorResolver.resolveAutowiredArgument(ConstructorResolver.java:904)
		at org.springframework.beans.factory.support.ConstructorResolver.createArgumentArray(ConstructorResolver.java:782)
		... 67 more
	Caused by: org.springframework.beans.factory.BeanCreationException: Error creating bean with name 'jpaSharedEM_entityManagerFactory': Cannot resolve reference to bean 'entityManagerFactory' while setting constructor argument
		at org.springframework.beans.factory.support.BeanDefinitionValueResolver.resolveReference(BeanDefinitionValueResolver.java:377)
		at org.springframework.beans.factory.support.BeanDefinitionValueResolver.resolveValueIfNecessary(BeanDefinitionValueResolver.java:135)
		at org.springframework.beans.factory.support.ConstructorResolver.resolveConstructorArguments(ConstructorResolver.java:682)
		at org.springframework.beans.factory.support.ConstructorResolver.instantiateUsingFactoryMethod(ConstructorResolver.java:509)
		at org.springframework.beans.factory.support.AbstractAutowireCapableBeanFactory.instantiateUsingFactoryMethod(AbstractAutowireCapableBeanFactory.java:1355)
		at org.springframework.beans.factory.support.AbstractAutowireCapableBeanFactory.createBeanInstance(AbstractAutowireCapableBeanFactory.java:1185)
		at org.springframework.beans.factory.support.AbstractAutowireCapableBeanFactory.doCreateBean(AbstractAutowireCapableBeanFactory.java:562)
		at org.springframework.beans.factory.support.AbstractAutowireCapableBeanFactory.createBean(AbstractAutowireCapableBeanFactory.java:522)
		at org.springframework.beans.factory.support.AbstractBeanFactory.lambda$doGetBean$0(AbstractBeanFactory.java:337)
		at org.springframework.beans.factory.support.DefaultSingletonBeanRegistry.getSingleton(DefaultSingletonBeanRegistry.java:234)
		at org.springframework.beans.factory.support.AbstractBeanFactory.doGetBean(AbstractBeanFactory.java:335)
		at org.springframework.beans.factory.support.AbstractBeanFactory.getBean(AbstractBeanFactory.java:200)
		at org.springframework.beans.factory.support.BeanDefinitionValueResolver.resolveReference(BeanDefinitionValueResolver.java:365)
		... 81 more
	Caused by: org.springframework.beans.factory.BeanCreationException: Error creating bean with name 'flywayInitializer' defined in class path resource [org/springframework/boot/autoconfigure/flyway/FlywayAutoConfiguration$FlywayConfiguration.class]: Migration V3__create_user_table.sql failed
------------------------------------------
SQL State  : 42601
Error Code : 0
Message    : ERRO: erro de sintaxe em ou próximo a "INSERT"
  Posição: 515
Location   : db/migration/V3__create_user_table.sql (C:\Users\Erick\Documents\1TCC CitMobi\Pratico\CitMobi2\target\classes\db\migration\V3__create_user_table.sql)
Line       : 47
Statement  : -- FIM CRIACAO USUARIO

INSERT INTO T_USU_USUARIO (
    USU_USUARIO_LOGIN,
    GLB_OPERADOR_CNPJ,
    USU_USUARIO_EMAIL,
    USU_USUARIO_SENHA,
    USU_USUARIO_NOME,
    USU_USUARIO_TELEFONE,
    USU_USUARIO_CPF,
    USU_USUARIO_ROLE,
    USU_USUARIO_FLAGATIVO,
    USU_USUARIO_DTCRIACAO
) VALUES(
'Mobiadm',
'01234567890123',
'citMobi@citmobi.com.br',
'$2a$10$9BH8374tLxctMcb/ZpBgzuwaOCh.4IEFvExT9H1BcLb0SpuRYSV6q',  -- mobibrasil,
'ADMINISTRADOR DO SISTEMA',
'11999999999',
'72160206008',
'ADMIN',
'S',
NOW()
)

INSERT INTO T_USU_USUARIO (
    USU_USUARIO_LOGIN,
    GLB_OPERADOR_CNPJ,
    USU_USUARIO_EMAIL,
    USU_USUARIO_SENHA,
    USU_USUARIO_NOME,
    USU_USUARIO_TELEFONE,
    USU_USUARIO_CPF,
    USU_USUARIO_ROLE,
    USU_USUARIO_FLAGATIVO,
    USU_USUARIO_DTCRIACAO
) VALUES(
'794582540',
'31974104000120',
'antonioferreira@citmobi.com.br',
'$2a$10$9BH8374tLxctMcb/ZpBgzuwaOCh.4IEFvExT9H1BcLb0SpuRYSV6q',  -- mobibrasil,
'ANTONIO SEBASTIÃO FERREIRA',
'51983606522',
'79458254000',
'MOTORISTA',
'S',
NOW()
)

		at org.springframework.beans.factory.support.AbstractAutowireCapableBeanFactory.initializeBean(AbstractAutowireCapableBeanFactory.java:1806)
		at org.springframework.beans.factory.support.AbstractAutowireCapableBeanFactory.doCreateBean(AbstractAutowireCapableBeanFactory.java:600)
		at org.springframework.beans.factory.support.AbstractAutowireCapableBeanFactory.createBean(AbstractAutowireCapableBeanFactory.java:522)
		at org.springframework.beans.factory.support.AbstractBeanFactory.lambda$doGetBean$0(AbstractBeanFactory.java:337)
		at org.springframework.beans.factory.support.DefaultSingletonBeanRegistry.getSingleton(DefaultSingletonBeanRegistry.java:234)
		at org.springframework.beans.factory.support.AbstractBeanFactory.doGetBean(AbstractBeanFactory.java:335)
		at org.springframework.beans.factory.support.AbstractBeanFactory.getBean(AbstractBeanFactory.java:200)
		at org.springframework.beans.factory.support.AbstractBeanFactory.doGetBean(AbstractBeanFactory.java:313)
		at org.springframework.beans.factory.support.AbstractBeanFactory.getBean(AbstractBeanFactory.java:200)
		at org.springframework.beans.factory.support.BeanDefinitionValueResolver.resolveReference(BeanDefinitionValueResolver.java:365)
		... 93 more
	Caused by: org.flywaydb.core.internal.command.DbMigrate$FlywayMigrateException: Migration V3__create_user_table.sql failed
------------------------------------------
SQL State  : 42601
Error Code : 0
Message    : ERRO: erro de sintaxe em ou próximo a "INSERT"
  Posição: 515
Location   : db/migration/V3__create_user_table.sql (C:\Users\Erick\Documents\1TCC CitMobi\Pratico\CitMobi2\target\classes\db\migration\V3__create_user_table.sql)
Line       : 47
Statement  : -- FIM CRIACAO USUARIO

INSERT INTO T_USU_USUARIO (
    USU_USUARIO_LOGIN,
    GLB_OPERADOR_CNPJ,
    USU_USUARIO_EMAIL,
    USU_USUARIO_SENHA,
    USU_USUARIO_NOME,
    USU_USUARIO_TELEFONE,
    USU_USUARIO_CPF,
    USU_USUARIO_ROLE,
    USU_USUARIO_FLAGATIVO,
    USU_USUARIO_DTCRIACAO
) VALUES(
'Mobiadm',
'01234567890123',
'citMobi@citmobi.com.br',
'$2a$10$9BH8374tLxctMcb/ZpBgzuwaOCh.4IEFvExT9H1BcLb0SpuRYSV6q',  -- mobibrasil,
'ADMINISTRADOR DO SISTEMA',
'11999999999',
'72160206008',
'ADMIN',
'S',
NOW()
)

INSERT INTO T_USU_USUARIO (
    USU_USUARIO_LOGIN,
    GLB_OPERADOR_CNPJ,
    USU_USUARIO_EMAIL,
    USU_USUARIO_SENHA,
    USU_USUARIO_NOME,
    USU_USUARIO_TELEFONE,
    USU_USUARIO_CPF,
    USU_USUARIO_ROLE,
    USU_USUARIO_FLAGATIVO,
    USU_USUARIO_DTCRIACAO
) VALUES(
'794582540',
'31974104000120',
'antonioferreira@citmobi.com.br',
'$2a$10$9BH8374tLxctMcb/ZpBgzuwaOCh.4IEFvExT9H1BcLb0SpuRYSV6q',  -- mobibrasil,
'ANTONIO SEBASTIÃO FERREIRA',
'51983606522',
'79458254000',
'MOTORISTA',
'S',
NOW()
)

		at org.flywaydb.core.internal.command.DbMigrate.doMigrateGroup(DbMigrate.java:382)
		at org.flywaydb.core.internal.command.DbMigrate.lambda$applyMigrations$1(DbMigrate.java:272)
		at org.flywaydb.core.internal.jdbc.TransactionalExecutionTemplate.execute(TransactionalExecutionTemplate.java:55)
		at org.flywaydb.core.internal.command.DbMigrate.applyMigrations(DbMigrate.java:271)
		at org.flywaydb.core.internal.command.DbMigrate.migrateGroup(DbMigrate.java:244)
		at org.flywaydb.core.internal.command.DbMigrate.lambda$migrateAll$0(DbMigrate.java:139)
		at org.flywaydb.database.postgresql.PostgreSQLAdvisoryLockTemplate.execute(PostgreSQLAdvisoryLockTemplate.java:73)
		at org.flywaydb.database.postgresql.PostgreSQLAdvisoryLockTemplate.lambda$execute$0(PostgreSQLAdvisoryLockTemplate.java:56)
		at org.flywaydb.core.internal.jdbc.TransactionalExecutionTemplate.execute(TransactionalExecutionTemplate.java:55)
		at org.flywaydb.database.postgresql.PostgreSQLAdvisoryLockTemplate.execute(PostgreSQLAdvisoryLockTemplate.java:56)
		at org.flywaydb.database.postgresql.PostgreSQLConnection.lock(PostgreSQLConnection.java:96)
		at org.flywaydb.core.internal.schemahistory.JdbcTableSchemaHistory.lock(JdbcTableSchemaHistory.java:145)
		at org.flywaydb.core.internal.command.DbMigrate.migrateAll(DbMigrate.java:139)
		at org.flywaydb.core.internal.command.DbMigrate.migrate(DbMigrate.java:97)
		at org.flywaydb.core.Flyway.lambda$migrate$0(Flyway.java:202)
		at org.flywaydb.core.FlywayExecutor.execute(FlywayExecutor.java:205)
		at org.flywaydb.core.Flyway.migrate(Flyway.java:147)
		at org.springframework.boot.autoconfigure.flyway.FlywayMigrationInitializer.afterPropertiesSet(FlywayMigrationInitializer.java:66)
		at org.springframework.beans.factory.support.AbstractAutowireCapableBeanFactory.invokeInitMethods(AbstractAutowireCapableBeanFactory.java:1853)
		at org.springframework.beans.factory.support.AbstractAutowireCapableBeanFactory.initializeBean(AbstractAutowireCapableBeanFactory.java:1802)
		... 102 more
	Caused by: org.flywaydb.core.internal.sqlscript.FlywaySqlScriptException: Migration V3__create_user_table.sql failed
------------------------------------------
SQL State  : 42601
Error Code : 0
Message    : ERRO: erro de sintaxe em ou próximo a "INSERT"
  Posição: 515
Location   : db/migration/V3__create_user_table.sql (C:\Users\Erick\Documents\1TCC CitMobi\Pratico\CitMobi2\target\classes\db\migration\V3__create_user_table.sql)
Line       : 47
Statement  : -- FIM CRIACAO USUARIO

INSERT INTO T_USU_USUARIO (
    USU_USUARIO_LOGIN,
    GLB_OPERADOR_CNPJ,
    USU_USUARIO_EMAIL,
    USU_USUARIO_SENHA,
    USU_USUARIO_NOME,
    USU_USUARIO_TELEFONE,
    USU_USUARIO_CPF,
    USU_USUARIO_ROLE,
    USU_USUARIO_FLAGATIVO,
    USU_USUARIO_DTCRIACAO
) VALUES(
'Mobiadm',
'01234567890123',
'citMobi@citmobi.com.br',
'$2a$10$9BH8374tLxctMcb/ZpBgzuwaOCh.4IEFvExT9H1BcLb0SpuRYSV6q',  -- mobibrasil,
'ADMINISTRADOR DO SISTEMA',
'11999999999',
'72160206008',
'ADMIN',
'S',
NOW()
)

INSERT INTO T_USU_USUARIO (
    USU_USUARIO_LOGIN,
    GLB_OPERADOR_CNPJ,
    USU_USUARIO_EMAIL,
    USU_USUARIO_SENHA,
    USU_USUARIO_NOME,
    USU_USUARIO_TELEFONE,
    USU_USUARIO_CPF,
    USU_USUARIO_ROLE,
    USU_USUARIO_FLAGATIVO,
    USU_USUARIO_DTCRIACAO
) VALUES(
'794582540',
'31974104000120',
'antonioferreira@citmobi.com.br',
'$2a$10$9BH8374tLxctMcb/ZpBgzuwaOCh.4IEFvExT9H1BcLb0SpuRYSV6q',  -- mobibrasil,
'ANTONIO SEBASTIÃO FERREIRA',
'51983606522',
'79458254000',
'MOTORISTA',
'S',
NOW()
)

		at org.flywaydb.core.internal.sqlscript.DefaultSqlScriptExecutor.handleException(DefaultSqlScriptExecutor.java:252)
		at org.flywaydb.core.internal.sqlscript.DefaultSqlScriptExecutor.executeStatement(DefaultSqlScriptExecutor.java:214)
		at org.flywaydb.core.internal.sqlscript.DefaultSqlScriptExecutor.execute(DefaultSqlScriptExecutor.java:133)
		at org.flywaydb.core.internal.resolver.sql.SqlMigrationExecutor.executeOnce(SqlMigrationExecutor.java:65)
		at org.flywaydb.core.internal.resolver.sql.SqlMigrationExecutor.lambda$execute$0(SqlMigrationExecutor.java:57)
		at org.flywaydb.core.internal.database.DefaultExecutionStrategy.execute(DefaultExecutionStrategy.java:27)
		at org.flywaydb.core.internal.resolver.sql.SqlMigrationExecutor.execute(SqlMigrationExecutor.java:56)
		at org.flywaydb.core.internal.command.DbMigrate.doMigrateGroup(DbMigrate.java:374)
		... 121 more
	Caused by: org.postgresql.util.PSQLException: ERRO: erro de sintaxe em ou próximo a "INSERT"
  Posição: 515
		at org.postgresql.core.v3.QueryExecutorImpl.receiveErrorResponse(QueryExecutorImpl.java:2733)
		at org.postgresql.core.v3.QueryExecutorImpl.processResults(QueryExecutorImpl.java:2420)
		at org.postgresql.core.v3.QueryExecutorImpl.execute(QueryExecutorImpl.java:372)
		at org.postgresql.jdbc.PgStatement.executeInternal(PgStatement.java:517)
		at org.postgresql.jdbc.PgStatement.execute(PgStatement.java:434)
		at org.postgresql.jdbc.PgStatement.executeWithFlags(PgStatement.java:356)
		at org.postgresql.jdbc.PgStatement.executeCachedSql(PgStatement.java:341)
		at org.postgresql.jdbc.PgStatement.executeWithFlags(PgStatement.java:317)
		at org.postgresql.jdbc.PgStatement.execute(PgStatement.java:312)
		at com.zaxxer.hikari.pool.ProxyStatement.execute(ProxyStatement.java:94)
		at com.zaxxer.hikari.pool.HikariProxyStatement.execute(HikariProxyStatement.java)
		at org.flywaydb.core.internal.jdbc.JdbcTemplate.executeStatement(JdbcTemplate.java:210)
		at org.flywaydb.core.internal.sqlscript.ParsedSqlStatement.execute(ParsedSqlStatement.java:89)
		at org.flywaydb.core.internal.sqlscript.DefaultSqlScriptExecutor.executeStatement(DefaultSqlScriptExecutor.java:206)
		... 127 more
17-Oct-2025 22:05:43.932 INFO [main] org.apache.catalina.startup.HostConfig.deployDescriptor Deployment of deployment descriptor [C:\Users\Erick\Documents\1TCC CitMobi\Pratico\CitMobi2\conf\Catalina\localhost\citmobi.xml] has finished in [11.225] ms
17-Oct-2025 22:05:43.935 INFO [main] org.apache.coyote.AbstractProtocol.start Starting ProtocolHandler ["http-nio-8080"]
17-Oct-2025 22:05:43.947 INFO [main] org.apache.catalina.startup.Catalina.start Server startup in [11319] milliseconds
17-Oct-2025 23:42:57.946 INFO [Thread-3] org.apache.coyote.AbstractProtocol.pause Pausing ProtocolHandler ["http-nio-8080"]
17-Oct-2025 23:42:57.973 INFO [Thread-3] org.apache.catalina.core.StandardService.stopInternal Stopping service [Catalina]
17-Oct-2025 23:42:57.974 INFO [Thread-3] org.apache.coyote.AbstractProtocol.stop Stopping ProtocolHandler ["http-nio-8080"]
17-Oct-2025 23:42:57.977 INFO [Thread-3] org.apache.coyote.AbstractProtocol.destroy Destroying ProtocolHandler ["http-nio-8080"]
17-Oct-2025 23:42:57.980 WARNING [Thread-3] org.apache.catalina.loader.WebappClassLoaderBase.clearReferencesJdbc The web application [citmobi] registered the JDBC driver [org.postgresql.Driver] but failed to unregister it when the web application was stopped. To prevent a memory leak, the JDBC Driver has been forcibly unregistered.
17-Oct-2025 23:43:03.148 INFO [main] org.apache.catalina.startup.VersionLoggerListener.log Server version name:   Apache Tomcat/10.1.33
17-Oct-2025 23:43:03.151 INFO [main] org.apache.catalina.startup.VersionLoggerListener.log Server built:          Nov 7 2024 22:28:55 UTC
17-Oct-2025 23:43:03.151 INFO [main] org.apache.catalina.startup.VersionLoggerListener.log Server version number: 10.1.33.0
17-Oct-2025 23:43:03.151 INFO [main] org.apache.catalina.startup.VersionLoggerListener.log OS Name:               Windows 10
17-Oct-2025 23:43:03.151 INFO [main] org.apache.catalina.startup.VersionLoggerListener.log OS Version:            10.0
17-Oct-2025 23:43:03.152 INFO [main] org.apache.catalina.startup.VersionLoggerListener.log Architecture:          amd64
17-Oct-2025 23:43:03.152 INFO [main] org.apache.catalina.startup.VersionLoggerListener.log Java Home:             C:\Program Files\Java\jdk-17
17-Oct-2025 23:43:03.152 INFO [main] org.apache.catalina.startup.VersionLoggerListener.log JVM Version:           17.0.12+8-LTS-286
17-Oct-2025 23:43:03.152 INFO [main] org.apache.catalina.startup.VersionLoggerListener.log JVM Vendor:            Oracle Corporation
17-Oct-2025 23:43:03.152 INFO [main] org.apache.catalina.startup.VersionLoggerListener.log CATALINA_BASE:         C:\Users\Erick\Documents\1TCC CitMobi\Pratico\CitMobi2
17-Oct-2025 23:43:03.152 INFO [main] org.apache.catalina.startup.VersionLoggerListener.log CATALINA_HOME:         C:\Program Files\Apache Software Foundation\Tomcat 10.1
17-Oct-2025 23:43:03.159 INFO [main] org.apache.catalina.startup.VersionLoggerListener.log Command line argument: --add-opens=java.base/java.lang=ALL-UNNAMED
17-Oct-2025 23:43:03.159 INFO [main] org.apache.catalina.startup.VersionLoggerListener.log Command line argument: --add-opens=java.base/java.io=ALL-UNNAMED
17-Oct-2025 23:43:03.160 INFO [main] org.apache.catalina.startup.VersionLoggerListener.log Command line argument: --add-opens=java.base/java.util=ALL-UNNAMED
17-Oct-2025 23:43:03.160 INFO [main] org.apache.catalina.startup.VersionLoggerListener.log Command line argument: --add-opens=java.base/java.util.concurrent=ALL-UNNAMED
17-Oct-2025 23:43:03.160 INFO [main] org.apache.catalina.startup.VersionLoggerListener.log Command line argument: --add-opens=java.rmi/sun.rmi.transport=ALL-UNNAMED
17-Oct-2025 23:43:03.160 INFO [main] org.apache.catalina.startup.VersionLoggerListener.log Command line argument: -Dcatalina.home=C:\Program Files\Apache Software Foundation\Tomcat 10.1
17-Oct-2025 23:43:03.160 INFO [main] org.apache.catalina.startup.VersionLoggerListener.log Command line argument: -Dcatalina.base=C:\Users\Erick\Documents\1TCC CitMobi\Pratico\CitMobi2
17-Oct-2025 23:43:03.160 INFO [main] org.apache.catalina.startup.VersionLoggerListener.log Command line argument: -Djava.io.tmpdir=C:\Users\Erick\Documents\1TCC CitMobi\Pratico\CitMobi2\temp
17-Oct-2025 23:43:03.160 INFO [main] org.apache.catalina.startup.VersionLoggerListener.log Command line argument: -Djava.util.logging.config.file=C:\Users\Erick\Documents\1TCC CitMobi\Pratico\CitMobi2\conf\logging.properties
17-Oct-2025 23:43:03.160 INFO [main] org.apache.catalina.startup.VersionLoggerListener.log Command line argument: -Djava.util.logging.manager=org.apache.juli.ClassLoaderLogManager
17-Oct-2025 23:43:03.160 INFO [main] org.apache.catalina.startup.VersionLoggerListener.log Command line argument: -javaagent:C:\Program Files\JetBrains\IntelliJ IDEA Community Edition 2023.3.2\lib\idea_rt.jar=63460:C:\Program Files\JetBrains\IntelliJ IDEA Community Edition 2023.3.2\bin
17-Oct-2025 23:43:03.160 INFO [main] org.apache.catalina.startup.VersionLoggerListener.log Command line argument: -Dfile.encoding=UTF-8
17-Oct-2025 23:43:03.171 INFO [main] org.apache.catalina.core.AprLifecycleListener.lifecycleEvent The Apache Tomcat Native library which allows using OpenSSL was not found on the java.library.path: [C:\Program Files\Java\jdk-17\bin;C:\Windows\Sun\Java\bin;C:\Windows\system32;C:\Windows;C:\Program Files (x86)\NVIDIA Corporation\PhysX\Common;C:\Python312\Scripts\;C:\Python312\;C:\Program Files\Common Files\Oracle\Java\javapath;C:\Program Files (x86)\Common Files\Intel\Shared Libraries\redist\intel64\compiler;C:\Windows\system32;C:\Windows;C:\Windows\System32\Wbem;C:\Windows\System32\WindowsPowerShell\v1.0\;C:\Windows\System32\OpenSSH\;C:\ProgramData\chocolatey\bin;C:\Program Files\Git\cmd;C:\Program Files\nodejs\;C:\Program Files\Docker\Docker\resources\bin;C:\Program Files\Apache Software Foundation\Maven\bin;C:\Users\Erick\.console-ninja\.bin;C:\Users\Erick\AppData\Local\Microsoft\WindowsApps;C:\Users\Erick\AppData\Local\Programs\Hyper\resources\bin;C:\yt-dlp.exe;;C:\Users\Erick\AppData\Local\Programs\Microsoft VS Code\bin;C:\Program Files\JetBrains\IntelliJ IDEA Community Edition 2023.3.2\bin;;C:\Users\Erick\AppData\Roaming\npm;.]
17-Oct-2025 23:43:03.362 INFO [main] org.apache.coyote.AbstractProtocol.init Initializing ProtocolHandler ["http-nio-8080"]
17-Oct-2025 23:43:03.377 INFO [main] org.apache.catalina.startup.Catalina.load Server initialization in [368] milliseconds
17-Oct-2025 23:43:03.411 INFO [main] org.apache.catalina.core.StandardService.startInternal Starting service [Catalina]
17-Oct-2025 23:43:03.411 INFO [main] org.apache.catalina.core.StandardEngine.startInternal Starting Servlet engine: [Apache Tomcat/10.1.33]
17-Oct-2025 23:43:03.421 INFO [main] org.apache.catalina.startup.HostConfig.deployDescriptor Deploying deployment descriptor [C:\Users\Erick\Documents\1TCC CitMobi\Pratico\CitMobi2\conf\Catalina\localhost\citmobi.xml]
17-Oct-2025 23:43:07.697 INFO [main] org.apache.jasper.servlet.TldScanner.scanJars At least one JAR was scanned for TLDs yet contained no TLDs. Enable debug logging for this logger for a complete list of JARs that were scanned but no TLDs were found in them. Skipping unneeded JARs during scanning can improve startup time and JSP compilation time.
17-Oct-2025 23:43:22.822 INFO [main] org.apache.catalina.startup.HostConfig.deployDescriptor Deployment of deployment descriptor [C:\Users\Erick\Documents\1TCC CitMobi\Pratico\CitMobi2\conf\Catalina\localhost\citmobi.xml] has finished in [19.400] ms
17-Oct-2025 23:43:22.826 INFO [main] org.apache.coyote.AbstractProtocol.start Starting ProtocolHandler ["http-nio-8080"]
17-Oct-2025 23:43:22.842 INFO [main] org.apache.catalina.startup.Catalina.start Server startup in [19463] milliseconds
